material,peak_index,mz,intensity,polarity,ion_mode,rank,rf_formula_raw,rf_formula_clean,normalized_formula,rf_exact_mz,rf_ppm,rf_score,rf_source
ETFE,766,234.9983,18718.89,+,positive,221,C₂H₃Pb⁺,C2H3Pb,,234.999578,5.4,42,mols[0]
ETFE,847,263.029,5654.06,+,positive,364,C₄H₇Pb⁺,C4H7Pb,,263.030878,7.1,43,mols[0]
ETFE,909,285.0028,6890.78,+,positive,333,C₂H₅O₃Pb⁺,C2H5O3Pb,,284.999973,-9.9,45,mols[0]
FEP,508,204.9795,176153.68,+,positive,34,Tl⁺,Tl,,204.973878,-27.4,80,mols[0]
FEP,513,207.979,2735.41,+,positive,348,Pb⁺,Pb,,207.976103,-13.9,73,mols[0]
FEP,514,208.9722,11117.9,+,positive,181,Bi⁺,Bi,,208.97985,36.6,73,mols[0]
FEP,551,226.9761,6233.17,+,positive,250,FPb⁺,FPb,,226.974506,-7.0,73,mols[0]
FEP,568,234.9883,3769.53,+,positive,303,CH₂OTl⁺,CH2OTl,,234.984443,-16.4,49,mols[0]
FEP,575,238.9807,2268.28,+,positive,374,H₂O₂Tl⁺,H2O2Tl,,238.979358,-5.6,49,mols[0]
FEP,590,246.9675,10420.74,+,positive,190,CHHgO₂⁺,CHHgO2,,246.967749,1.0,48,mols[0]
FEP,606,255.9877,5940.31,+,positive,253,H₃O₃Tl⁺,H3O3Tl,,255.982098,-21.9,36,mols[0]
FEP,609,258.984,2527.29,+,positive,357,C₃H₂OTl⁺,C3H2OTl,,258.984443,1.7,46,mols[0]
FEP,618,264.9697,9196.45,+,positive,201,CHF₃Pt⁺,CHF3Pt,,264.967276,-9.1,50,mols[0]
FEP,625,268.9878,13641.14,+,positive,164,C₂H₅ClTl⁺,C2H5ClTl,,268.981856,-22.1,51,mols[0]
FEP,659,288.9691,3845.97,+,positive,300,C₂H₆O₂PtS⁺,C2H6O2PtS,,288.973093,13.8,45,mols[0]
FEP,665,291.9801,3759.89,+,positive,304,C₄H₄ClTl⁺,C4H4ClTl,,291.974031,-20.8,35,mols[0]
FEP,679,301.9695,1075.5,+,positive,446,CH₂O₅Pb⁺,CH2O5Pb,,301.966328,-10.5,35,mols[0]
FEP,690,307.9747,1556.95,+,positive,409,C₃H₃O₄Tl⁺,C3H3O4Tl,,307.977013,7.5,37,mols[0]
FEP,717,322.9821,2586.54,+,positive,355,C₄H₂BiO₄⁺,C4H2BiO4,,322.97516,-21.5,42,mols[0]
FEP,733,333.9698,2249.13,+,positive,377,CHF₃HgNO₃⁺,CHF3HgNO3,,333.960947,-26.5,39,mols[0]
FEP,739,339.9719,1006.31,+,positive,450,C₃H₃O₆Tl⁺,C3H3O6Tl,,339.966843,-14.9,43,mols[0]
FEP,757,352.9619,5203.58,+,positive,267,C₄H₄O₆Tl⁺,C4H4O6Tl,,352.974668,36.2,41,mols[0]
FEP,779,372.9683,876.06,+,positive,460,C₆H₈Cl₂N₂Pt⁺,C6H8Cl2N2Pt,,372.970696,6.4,34,mols[0]
FEP,802,401.966,574.48,+,positive,484,C₆H₇Cl₂N₃OPt⁺,C6H7Cl2N3OPt,,401.96086,-12.8,32,mols[0]
FEP,811,416.9601,1301.94,+,positive,430,BiPb⁺,BiPb,,416.956502,-8.6,41,mols[0]
FEP,816,430.9614,3648.01,+,positive,307,C₄H₁₀Cl₂N₂O₅Pt⁺,C4H10Cl2N2O5Pt,,430.960921,-1.1,34,mols[0]
FEP,838,480.9521,2009.09,+,positive,388,HO₄Pb₂⁺,HO4Pb2,,480.94024,-24.7,35,mols[0]
FEP,843,492.951,669.51,+,positive,477,C₈H₁₀O₈PtS₂⁺,C8H10O8PtS2,,492.945954,-10.2,33,mols[0]
FEP,857,530.9447,1371.95,+,positive,423,C₁₀H₁₆Cl₄N₂O₂Pt⁺,C10H16Cl4N2O2Pt,,530.960832,30.4,43,mols[0]
FEP,889,642.9119,218.06,+,positive,508,Bi₃O⁺,Bi3O,,642.935563,36.8,35,mols[0]
FEP,891,646.8856,117.01,-,negative,404,C₈F₁₂O₈Pt⁻,C8F12O8Pt,,646.905496,30.8,100,mols[0]
Nomex,136,52.9547,214.03,-,negative,525,H₂V⁻,H2V,,52.960156,103.0,46,mols[0]
Nomex,137,52.9643,2025.17,+,positive,564,H₂V⁺,H2V,,52.959058,-99.0,29,mols[0]
Nomex,191,64.9623,9429.33,-,negative,175,CH₂V⁻,CH2V,,64.960156,-33.0,38,mols[0]
Nomex,195,65.9529,7862.37,-,negative,206,HNV⁻,HNV,,65.955405,38.0,50,mols[0]
Nomex,247,76.9252,7249.02,+,positive,325,AsH₂⁺,AsH2,,76.936696,149.4,24,mols[0]
Nomex,248,76.9576,4925.51,-,negative,271,H₃NaV⁻,H3NaV,,76.95775,1.9,29,mols[0]
Nomex,259,78.9512,54437.5,-,negative,53,AsH₄⁻,AsH4,,78.953444,28.4,31,mols[0]
Nomex,268,81.9508,95387.59,-,negative,36,HNOV⁻,HNOV,,81.95032,-5.9,38,mols[0]
Nomex,291,87.928,6464.34,+,positive,342,CHAs⁺,CHAs,,87.928871,9.9,38,mols[0]
Nomex,310,92.9166,2418.82,-,negative,362,Nb⁻,Nb,,92.906927,-104.1,65,mols[0]
Nomex,316,94.9114,1762.11,-,negative,400,H₂Nb⁻,H2Nb,,94.922577,117.8,46,mols[0]
Nomex,317,94.9196,954.26,+,positive,642,H₂Nb⁺,H2Nb,,94.921479,19.8,41,mols[0]
Nomex,327,96.9476,27602.74,-,negative,93,CH₂O₂V⁻,CH2O2V,,96.949986,24.6,34,mols[0]
Nomex,343,100.921,2153.79,-,negative,377,CAsN⁻,CAsN,,100.925218,41.8,40,mols[0]
Nomex,344,100.9301,2783.5,+,positive,506,C₂H₂As⁺,C2H2As,,100.936696,65.4,36,mols[0]
Nomex,352,102.9288,2421.06,-,negative,361,C₃OV⁻,C3OV,,102.939421,103.2,22,mols[0]
Nomex,357,103.9269,2990.89,-,negative,339,CHAsO⁻,CHAsO,,103.924884,-19.4,30,mols[0]
Nomex,370,106.9795,5063.62,+,positive,397,C₂H₄N₂V⁺,C2H4N2V,,106.980856,12.7,35,mols[0]
Nomex,373,107.9155,1215.36,+,positive,621,HNNb⁺,HNNb,,107.916728,11.4,39,mols[0]
Nomex,397,113.9153,2107.93,+,positive,554,Cd⁺,Cd,,113.902809,-109.7,55,mols[0]
Nomex,406,116.9156,3555.37,-,negative,312,CAsNO⁻,CAsNO,,116.920133,38.8,38,mols[0]
Nomex,411,117.9166,2308.13,-,negative,368,CH₄V₂⁻,CH4V2,,117.919763,26.8,21,mols[0]
Nomex,420,119.9078,9861.19,-,negative,168,CHNNb⁻,CHNNb,,119.917826,83.6,33,mols[0]
Nomex,421,119.9188,20664.18,+,positive,154,CHNNb⁺,CHNNb,,119.916728,-17.3,38,mols[0]
Nomex,431,121.9213,18640.26,+,positive,172,AsHNO₂⁺,AsHNO2,,121.921775,3.9,41,mols[0]
Nomex,447,125.879,1386.76,-,negative,431,AsClO⁻,AsClO,,125.885912,54.9,21,mols[0]
Nomex,449,125.9231,3960.84,+,positive,447,H₃NNbO⁺,H3NNbO,,125.927293,33.3,30,mols[0]
Nomex,454,126.9204,4552.36,-,negative,282,AsFHO₂⁻,AsFHO2,,126.918202,-17.3,34,mols[0]
Nomex,457,127.8886,4922.34,+,positive,403,CNV₂⁺,CNV2,,127.890439,14.4,33,mols[0]
Nomex,461,128.878,1999.34,-,negative,384,Al₂As⁻,Al2As,,128.885222,56.0,26,mols[0]
Nomex,462,128.8925,3529.58,+,positive,473,AsH₃V⁺,AsH3V,,128.888478,-31.2,30,mols[0]
Nomex,466,129.9311,10910.44,-,negative,160,HNO₄V⁻,HNO4V,,129.935065,30.5,30,mols[0]
Nomex,468,130.8707,1506.93,-,negative,424,Ca₂V⁻,Ca2V,,130.869688,-7.7,49,mols[0]
Nomex,474,132.8553,5053.6,-,negative,265,CaNb⁻,CaNb,,132.869518,107.0,29,mols[0]
Nomex,487,135.8956,7106.98,-,negative,222,CHNNbO⁻,CHNNbO,,135.912741,126.1,24,mols[0]
Nomex,488,135.9324,3553.34,+,positive,471,CH₃AsNO₂⁺,CH3AsNO2,,135.937425,37.0,34,mols[0]
Nomex,492,136.9076,32263.34,-,negative,80,C₂H₃AsCl⁻,C2H3AsCl,,136.914472,50.2,44,mols[0]
Nomex,496,137.8988,4533.28,-,negative,283,Ba⁻,Ba,,137.905796,50.7,62,mols[0]
Nomex,497,137.9168,11954.83,+,positive,249,AsHNO₃⁺,AsHNO3,,137.91669,-0.8,45,mols[0]
Nomex,500,138.9003,4952.72,-,negative,268,La⁻,La,,138.906902,47.5,78,mols[0]
Nomex,501,138.9191,6083.47,+,positive,359,La⁺,La,,138.905804,-95.7,64,mols[0]
Nomex,504,139.9157,5911.03,+,positive,365,HLa⁺,HLa,,139.913629,-14.8,61,mols[0]
Nomex,507,140.8915,2164.54,-,negative,374,NbO₃⁻,NbO3,,140.891672,1.2,39,mols[0]
Nomex,508,140.9115,6186.14,+,positive,356,Pr⁺,Pr,,140.907104,-31.2,74,mols[0]
Nomex,514,142.9023,3470.06,+,positive,476,CHCdO⁺,CHCdO,,142.905549,22.7,46,mols[0]
Nomex,522,144.8515,8140.02,-,negative,197,HNbV⁻,HNbV,,144.858709,49.8,27,mols[0]
Nomex,527,145.9075,44309.29,-,negative,64,AsH₆NV⁻,AsH6NV,,145.916125,59.1,25,mols[0]
Nomex,556,152.8991,9635.21,-,negative,174,CNbO₃⁻,CNbO3,,152.891672,-48.6,35,mols[0]
Nomex,559,153.9042,7286.23,+,positive,323,CeN⁺,CeN,,153.907964,24.5,36,mols[0]
Nomex,574,158.8624,2131.93,+,positive,553,CH₃NbV⁺,CH3NbV,,158.873261,68.4,24,mols[0]
Nomex,575,158.9151,7904.43,-,negative,204,Tb⁻,Tb,,158.925896,67.9,68,mols[0]
Nomex,584,160.8932,6250.39,+,positive,354,BaNa⁺,BaNa,,160.894467,7.9,46,mols[0]
Nomex,595,163.8489,1921.86,+,positive,568,CH₂As₂⁺,CH2As2,,163.858291,57.3,22,mols[0]
Nomex,599,164.8548,3318.68,+,positive,481,Cl₂H₂Nb⁺,Cl2H2Nb,,164.859185,26.6,35,mols[0]
Nomex,600,164.8901,3283.55,-,negative,326,MgPr⁻,MgPr,,164.893244,19.1,42,mols[0]
Nomex,603,165.8608,6292.69,+,positive,351,O₄V₂⁺,O4V2,,165.867025,37.5,19,mols[0]
Nomex,605,165.9503,4106.51,-,negative,296,C₃H₇NNbO⁻,C3H7NNbO,,165.959691,56.6,36,mols[0]
Nomex,617,169.8962,3826.27,-,negative,301,BaO₂⁻,BaO2,,169.895626,-3.4,33,mols[0]
Nomex,621,170.8614,3589.1,-,negative,310,CAsCl₂N⁻,CAsCl2N,,170.862924,8.9,29,mols[0]
Nomex,624,171.902,6291.57,-,negative,243,HLaO₂⁻,HLaO2,,171.904557,14.9,27,mols[0]
Nomex,637,175.8599,4830.15,+,positive,409,C₂H₂As₂⁺,C2H2As2,,175.858291,-9.1,30,mols[0]
Nomex,644,177.8621,5695.5,+,positive,378,BaCa⁺,BaCa,,177.867289,29.2,32,mols[0]
Nomex,648,178.864,5923.83,+,positive,364,CaLa⁺,CaLa,,178.868395,24.6,52,mols[0]
Nomex,651,179.8465,2364.39,+,positive,537,AsCl₃⁺,AsCl3,,179.827605,-105.1,0,mols[0]
Nomex,655,180.8566,1359.91,-,negative,435,CaPr⁻,CaPr,,180.870793,78.5,32,mols[0]
Nomex,662,182.8574,2502.84,-,negative,358,HO₅V₂⁻,HO5V2,,182.870863,73.6,13,mols[0]
Nomex,679,187.8971,4927.6,-,negative,270,HLaO₃⁻,HLaO3,,187.899472,12.6,31,mols[0]
Nomex,682,188.8275,3599.56,+,positive,468,AsCd⁺,AsCd,,188.824404,-16.4,40,mols[0]
Nomex,683,188.8332,1289.63,-,negative,438,AsCd⁻,AsCd,,188.825502,-40.8,35,mols[0]
Nomex,686,189.8264,1143.51,-,negative,455,Cl₂H₂OV₂⁻,Cl2H2OV2,,189.836734,54.4,15,mols[0]
Nomex,690,190.8307,982.47,-,negative,466,Cl₄V⁻,Cl4V,,190.819918,-56.5,24,mols[0]
Nomex,691,190.9051,9502.81,+,positive,283,H₂O₃Pr⁺,H2O3Pr,,190.907499,12.6,41,mols[0]
Nomex,697,192.8526,8210.7,+,positive,311,CHAsCl₃⁺,CHAsCl3,,192.83543,-89.0,33,mols[0]
Nomex,700,193.8521,4153.11,+,positive,435,AsCl₂HO₃⁺,AsCl2HO3,,193.851322,-4.0,26,mols[0]
Nomex,721,201.8509,3030.03,-,negative,337,CH₄Nb₂⁻,CH4Nb2,,201.844605,-31.2,23,mols[0]
Nomex,738,208.9702,30120.25,+,positive,112,Bi⁺,Bi,,208.97985,46.2,72,mols[0]
Nomex,755,214.8251,3646.51,+,positive,462,AsCe⁺,AsCe,,214.826485,6.4,42,mols[0]
Nomex,763,217.8337,1144.57,-,negative,454,BaCa₂⁻,BaCa2,,217.830978,-12.5,26,mols[0]
Nomex,767,218.795,6305.05,+,positive,349,CH₃V₄⁺,CH3V4,,218.798754,17.2,32,mols[0]
Nomex,778,224.822,3243.42,+,positive,486,Cl₂LaO⁺,Cl2LaO,,224.838425,73.1,21,mols[0]
Nomex,788,228.8893,6631.71,-,negative,234,C₄H₄AsCl₂O₂⁻,C4H4AsCl2O2,,228.88098,-36.3,40,mols[0]
Nomex,791,230.8723,2312.85,-,negative,366,CLaO₅⁻,CLaO5,,230.881477,39.7,36,mols[0]
Nomex,794,232.8295,3657.58,+,positive,461,BaH₂Nb⁺,BaH2Nb,,232.826726,-11.9,37,mols[0]
Nomex,805,238.0414,12515.34,+,positive,242,U⁺,U,,238.050239,37.1,63,mols[0]
Nomex,808,239.8182,3692.34,+,positive,458,AlCaNbO₅⁺,AlCaNbO5,,239.824534,26.4,20,mols[0]
Nomex,828,254.8521,2590.66,+,positive,526,AlCeMgO₄⁺,AlCeMgO4,,254.851131,-3.8,34,mols[0]
Nomex,863,272.7995,748.22,-,negative,488,CeCs⁻,CeCs,,272.81144,43.8,37,mols[0]
Nomex,907,296.8694,28125.7,-,negative,89,C₂H₂CeClO₆⁻,C2H2CeClO6,,296.859981,-31.7,41,mols[0]
Nomex,995,350.8149,16470.79,-,negative,127,C₅H₉Cl₅NNb⁻,C5H9Cl5NNb,,350.824691,27.9,13,mols[0]
Nomex,998,352.8114,8034.6,-,negative,201,C₂H₅Cd₂O₆⁻,C2H5Cd2O6,,352.81588,12.7,18,mols[0]
Nomex,1031,373.0375,2196.82,+,positive,549,C₃H₃O₆U⁺,C3H3O6U,,373.043204,15.3,45,mols[0]
Nomex,1053,389.0537,2528.9,+,positive,528,C₆H₁₂BiO₆⁺,C6H12BiO6,,389.04324,-26.9,42,mols[0]
Nomex,1075,405.0684,1906.54,+,positive,569,C₁₂H₂₄O₆Pr⁺,C12H24O6Pr,,405.064394,-9.9,38,mols[0]
Nomex,1168,558.7727,2631.78,-,negative,352,C₄CaCeLaO₁₂⁻,C4CaCeLaO12,,558.713912,-105.2,22,mols[0]
Nomex,1173,598.7714,605.11,-,negative,496,C₃H₃La₂N₃O₁₅⁻,C3H3La2N3O15,,598.769677,-2.9,19,mols[0]
Nomex,1180,642.895,938.17,+,positive,643,Bi₃O⁺,Bi3O,,642.935563,63.1,32,mols[0]
Nomex,1181,658.8942,2295.9,+,positive,542,Bi₃O₂⁺,Bi3O2,,658.930478,55.1,37,mols[0]
Nomex,1182,674.894,1729.53,+,positive,580,Bi₃O₃⁺,Bi3O3,,674.925393,46.5,38,mols[0]
PAI,255,74.9263,4583.37,+,positive,369,As⁺,As,,74.921046,-70.1,71,mols[0]
PAI,266,76.9353,40220.09,+,positive,90,AsH₂⁺,AsH2,,76.936696,18.1,56,mols[0]
PAI,379,100.9266,5423.94,+,positive,335,CAsN⁺,CAsN,,100.92412,-24.6,37,mols[0]
PAI,410,109.9188,3496.96,+,positive,426,AsH₃S⁺,AsH3S,,109.916592,-20.1,23,mols[0]
PAI,428,114.913,19073.05,+,positive,150,In⁺,In,,114.903329,-84.2,68,mols[0]
PAI,448,119.9111,4254.19,+,positive,378,CHAsO₂⁺,CHAsO2,,119.918701,63.4,21,mols[0]
PAI,469,124.9061,3821.62,+,positive,400,AsH₂OS⁺,AsH2OS,,124.903682,-19.4,33,mols[0]
PAI,494,129.9138,3849.25,+,positive,399,HInN⁺,HInN,,129.914228,3.3,42,mols[0]
PAI,520,136.9151,15804.39,+,positive,179,C₂H₃AsCl⁺,C2H3AsCl,,136.913374,-12.6,36,mols[0]
PAI,524,137.9132,10269.13,+,positive,227,AsHNO₃⁺,AsHNO3,,137.91669,25.3,38,mols[0]
PAI,531,139.9064,4903.42,+,positive,355,Ce⁺,Ce,,139.90489,-10.8,60,mols[0]
PAI,536,140.9083,11091.65,+,positive,217,Pr⁺,Pr,,140.907104,-8.5,79,mols[0]
PAI,541,141.9035,3757.2,+,positive,408,Nd⁺,Nd,,141.907174,25.9,65,mols[0]
PAI,560,145.9061,2607.63,+,positive,479,HInNO⁺,HInNO,,145.909143,20.9,40,mols[0]
PAI,574,148.9165,6587.46,+,positive,292,H₂InO₂⁺,H2InO2,,148.908809,-51.6,39,mols[0]
PAI,613,158.8739,4722.24,+,positive,364,InOSi⁺,InOSi,,158.875171,8.0,33,mols[0]
PAI,636,164.9012,8918.85,+,positive,251,H₂InO₃⁺,H2InO3,,164.903724,15.3,36,mols[0]
PAI,647,167.9039,5488.79,+,positive,329,ClH₄InN⁺,ClH4InN,,167.906556,15.8,32,mols[0]
PAI,683,176.8721,35222.76,+,positive,100,ClNd⁺,ClNd,,176.876027,22.2,38,mols[0]
PAI,728,188.8589,16687.34,+,positive,171,C₃H₃As₂⁺,C3H3As2,,188.866116,38.2,32,mols[0]
PAI,747,193.8619,2928.06,+,positive,458,InO₃P⁺,InO3P,,193.861836,-0.3,24,mols[0]
PAI,795,206.8389,5428.81,+,positive,334,C₂H₃AsCl₃⁺,C2H3AsCl3,,206.85108,58.9,35,mols[0]
PAI,798,207.82,4708.87,+,positive,365,AsCs⁺,AsCs,,207.826498,31.3,57,mols[0]
PAI,802,208.9989,4565.21,-,negative,332,Bi⁻,Bi,,208.980948,-85.9,68,mols[0]
PAI,805,209.9894,2445.09,-,negative,418,BiH⁻,BiH,,209.988773,-3.0,54,mols[0]
PAI,850,222.8567,3746.93,+,positive,409,C₂HClInO₃⁺,C2HClInO3,,222.864752,36.1,27,mols[0]
PAI,884,232.8267,13245.72,+,positive,195,As₂H₃O₃S⁺,As2H3O3S,,232.822932,-16.2,32,mols[0]
PAI,925,246.8382,2930.86,+,positive,457,H₆InP₂S₂⁺,H6InP2S2,,246.841945,15.2,32,mols[0]
PAI,938,250.8183,3150.01,+,positive,448,AlAsH₃InP⁺,AlAsH3InP,,250.8037,-58.2,24,mols[0]
PAI,943,252.8134,4916.5,+,positive,352,C₂H₄As₃⁺,C2H4As3,,252.795536,-70.7,27,mols[0]
PAI,953,256.8267,3225.19,+,positive,445,AsH₃InO₄⁺,AsH3InO4,,256.828059,5.3,34,mols[0]
PAI,964,261.0185,4183.72,+,positive,382,C₉H₁₃Ce⁺,C9H13Ce,,261.006615,-45.5,40,mols[0]
PAI,991,272.8218,2153.99,+,positive,518,CeCs⁺,CeCs,,272.810342,-42.0,51,mols[0]
PAI,1062,305.7922,4115.27,+,positive,386,CsO₂Pr⁺,CsO2Pr,,305.802386,33.3,23,mols[0]
PAI,1064,307.7917,100272.08,+,positive,40,Ce₂Si⁺,Ce2Si,,307.787256,-14.4,35,mols[0]
PAI,1079,314.7982,5088.87,+,positive,345,HPr₂S⁺,HPr2S,,314.794653,-11.3,33,mols[0]
PAI,1108,328.7625,4973.53,+,positive,351,C₂H₅As₄⁺,C2H5As4,,328.724956,-114.2,20,mols[0]
PAI,1117,334.7703,1974.7,+,positive,535,CCaCeO₇P⁺,CCaCeO7P,,334.805648,105.6,0,mols[0]
PAI,1131,340.7547,2524.04,+,positive,483,Cl₅MgNd⁺,Cl5MgNd,,340.736481,-53.5,38,mols[0]
PAI,1156,354.7247,1683.51,+,positive,560,CaCeCl₅⁺,CaCeCl5,,354.711746,-36.5,41,mols[0]
PAI,1160,358.7517,1236.37,+,positive,608,In₃N⁺,In3N,,358.714159,-104.6,12,mols[0]
PAI,1188,380.7373,857.2,+,positive,647,HNd₂S₃⁺,HNd2S3,,380.738935,4.3,34,mols[0]
PAI,1191,384.727,2738.26,+,positive,471,Ce₂Cl₃⁺,Ce2Cl3,,384.716888,-26.3,31,mols[0]
PBI,7,6.0149,274.03,+,positive,648,⁶Li⁺,Li,,6.014574,20.0,85,iso_satellite
PBI,8,7.0159,3351.52,+,positive,448,Li⁺,Li,,7.015454,-63.6,63,mols[0]
PBI,10,11.0083,524.1,+,positive,643,B⁺,B,,11.008756,41.4,34,mols[0]
PBI,48,27.004,22656.55,-,negative,153,BO⁻,BO,,27.004769,28.5,39,mols[0]
PBI,121,45.0282,87608.43,+,positive,37,CB₃⁺,CB3,,45.027366,-18.5,39,mols[0]
PBI,127,46.99,29119.44,+,positive,115,BClH⁺,BClH,,46.985434,-97.2,40,mols[0]
PBI,152,54.9388,7194.21,+,positive,307,Mn⁺,Mn,,54.937495,-23.8,79,mols[0]
PBI,156,55.9419,38474.34,+,positive,83,HMn⁺,HMn,,55.94532,61.1,45,mols[0]
PBI,174,60.0274,15107.45,+,positive,202,BH₃NO₂⁺,BH3NO2,,60.025135,-37.7,47,mols[0]
PBI,187,63.0915,371.05,-,negative,593,C₃H₉BLi⁻,C3H9BLi,,63.096282,75.8,9,mols[0]
PBI,223,72.9487,21543.59,+,positive,151,H₂MnO⁺,H2MnO,,72.94806,-8.8,60,mols[0]
PBI,243,77.9358,14752.27,+,positive,204,MnNa⁺,MnNa,,77.927264,-109.5,42,mols[0]
PBI,254,80.9551,113071.78,+,positive,28,C₂H₂Mn⁺,C2H2Mn,,80.953145,-24.1,45,mols[0]
PBI,274,86.9637,31137.5,+,positive,110,CH₄MnO⁺,CH4MnO,,86.96371,0.1,38,mols[0]
PBI,278,87.9231,8398.0,-,negative,251,CHAs⁻,CHAs,,87.929969,78.1,22,mols[0]
PBI,279,87.9606,55050.9,+,positive,57,H₃MnNO⁺,H3MnNO,,87.958959,-18.7,41,mols[0]
PBI,285,88.964,39119.71,+,positive,81,BCaClH₃⁺,BCaClH3,,88.963675,-3.7,35,mols[0]
PBI,295,90.9394,24879.4,-,negative,142,FHMnO⁻,FHMnO,,90.939736,3.7,35,mols[0]
PBI,299,91.9419,5764.17,+,positive,346,AsH₃N⁺,AsH3N,,91.947595,61.9,35,mols[0]
PBI,305,93.9341,14607.91,+,positive,206,AsH₃O⁺,AsH3O,,93.939436,56.8,27,mols[0]
PBI,308,94.9322,38447.11,+,positive,84,HMnNaO⁺,HMnNaO,,94.930004,-23.1,40,mols[0]
PBI,317,97.9824,32181.84,+,positive,106,BH₂KNO₂⁺,BH2KNO2,,97.981016,-14.1,39,mols[0]
PBI,320,98.9517,37966.75,+,positive,86,CH₂MnNO⁺,CH2MnNO,,98.951134,-5.7,37,mols[0]
PBI,324,99.9221,3883.78,+,positive,423,C₂HAs⁺,C2HAs,,99.928871,67.8,34,mols[0]
PBI,339,103.9512,33886.22,-,negative,117,H₃MnNO₂⁻,H3MnNO2,,103.954972,36.3,35,mols[0]
PBI,411,122.9302,16010.84,+,positive,194,BCuHO₃⁺,BCuHO3,,122.930924,5.9,33,mols[0]
PBI,414,123.912,63283.31,-,negative,60,AsHO₃⁻,AsHO3,,123.914714,21.9,27,mols[0]
PBI,415,123.9196,4572.08,+,positive,388,AsHO₃⁺,AsHO3,,123.913616,-48.3,29,mols[0]
PBI,440,130.934,62030.47,-,negative,63,F₄Mn⁻,F4Mn,,130.932205,-13.7,35,mols[0]
PBI,458,137.9157,5832.48,+,positive,344,AsHNO₃⁺,AsHNO3,,137.91669,7.2,39,mols[0]
PBI,462,138.9158,10132.97,+,positive,251,La⁺,La,,138.905804,-72.0,69,mols[0]
PBI,463,138.9215,67450.1,-,negative,53,La⁻,La,,138.906902,-105.1,64,mols[0]
PBI,465,139.9228,4829.72,+,positive,379,HLa⁺,HLa,,139.913629,-65.5,57,mols[0]
PBI,466,139.9298,45925.94,-,negative,85,HLa⁻,HLa,,139.914727,-107.7,50,mols[0]
PBI,469,140.9139,11520.77,+,positive,232,Pr⁺,Pr,,140.907104,-48.2,73,mols[0]
PBI,470,140.9271,38552.4,-,negative,103,H₂La⁻,H2La,,140.922552,-32.3,40,mols[0]
PBI,474,141.9089,16180.16,+,positive,192,Nd⁺,Nd,,141.907174,-12.2,54,mols[0]
PBI,475,141.9256,37590.14,-,negative,107,HPr⁻,HPr,,141.916027,-67.5,52,mols[0]
PBI,494,148.0782,7940.53,+,positive,295,C₄H₁₁BNO₄⁺,C4H11BNO4,,148.077565,-4.3,49,mols[0]
PBI,519,154.9036,11380.04,+,positive,236,LaO⁺,LaO,,154.900719,-18.6,48,mols[0]
PBI,526,156.9384,35939.47,-,negative,115,C₂H₆CaMnO₂⁻,C2H6CaMnO2,,156.937964,-2.8,35,mols[0]
PBI,531,158.9253,15844.34,+,positive,195,Tb⁺,Tb,,158.924798,-3.2,79,mols[0]
PBI,532,158.9283,30248.9,-,negative,126,Tb⁻,Tb,,158.925896,-15.1,78,mols[0]
PBI,545,163.9295,26082.76,-,negative,138,Dy⁻,Dy,,163.929724,1.4,69,mols[0]
PBI,548,164.9103,16282.14,+,positive,189,CLaN⁺,CLaN,,164.908878,-8.6,39,mols[0]
PBI,549,164.9118,25147.11,-,negative,140,CLaN⁻,CLaN,,164.909976,-11.1,38,mols[0]
PBI,553,165.9132,14829.41,-,negative,191,C₂HPr⁻,C2HPr,,165.916027,17.0,37,mols[0]
PBI,558,166.9353,22567.47,-,negative,154,C₂H₄La⁻,C2H4La,,166.938202,17.4,38,mols[0]
PBI,564,168.9154,27491.7,-,negative,132,CH₂LaO⁻,CH2LaO,,168.917467,12.2,37,mols[0]
PBI,570,170.8779,13096.2,+,positive,216,CCaMnO₄⁺,CCaMnO4,,170.879746,10.8,38,mols[0]
PBI,576,172.8982,24065.56,+,positive,133,O₂Pr⁺,O2Pr,,172.896934,-7.3,40,mols[0]
PBI,577,172.9245,19792.01,-,negative,172,CH₃FLa⁻,CH3FLa,,172.92878,24.8,36,mols[0]
PBI,588,176.8815,18669.09,+,positive,171,C₃H₃AsCu⁺,C3H3AsCu,,176.874119,-41.7,28,mols[0]
PBI,602,180.9267,27443.8,-,negative,133,CH₂LaN₂⁻,CH2LaN2,,180.9287,11.1,37,mols[0]
PBI,641,192.9236,19909.98,-,negative,169,H₃PTb⁻,H3PTb,,192.923133,-2.4,40,mols[0]
PBI,646,194.9631,16534.53,+,positive,186,Pt⁺,Pt,,194.964242,5.9,77,mols[0]
PBI,651,196.8658,12572.97,-,negative,213,AsH₃MnO₄⁻,AsH3MnO4,,196.863323,-12.6,33,mols[0]
PBI,664,200.9017,15821.75,-,negative,188,CH₂LaO₃⁻,CH2LaO3,,200.907297,27.9,35,mols[0]
PBI,675,204.9304,17497.72,-,negative,180,CH₂O₂Tb⁻,CH2O2Tb,,204.931376,4.8,38,mols[0]
PBI,682,207.835,3130.95,+,positive,459,AsCs⁺,AsCs,,207.826498,-40.9,42,mols[0]
PBI,691,210.8592,8617.87,-,negative,248,CaLaO₂⁻,CaLaO2,,210.859323,0.6,34,mols[0]
PBI,692,210.8633,6517.3,+,positive,324,CaLaO₂⁺,CaLaO2,,210.858225,-24.1,37,mols[0]
PBI,699,212.8576,8821.11,+,positive,273,AsH₃MnO₅⁺,AsH3MnO5,,212.85714,-2.2,36,mols[0]
PBI,700,212.8591,10297.44,-,negative,238,AsH₃MnO₅⁻,AsH3MnO5,,212.858238,-4.0,37,mols[0]
PBI,722,218.873,5488.8,+,positive,355,DyMn⁺,DyMn,,218.86667,-28.9,40,mols[0]
PBI,767,233.8469,2323.4,+,positive,508,AsTb⁺,AsTb,,233.846393,-2.2,35,mols[0]
PBI,777,237.8384,2919.27,+,positive,473,C₂CuMnO₆⁺,C2CuMnO6,,237.836583,-7.6,26,mols[0]
PBI,781,238.8554,11368.22,-,negative,225,AsDy⁻,AsDy,,238.851319,-17.1,40,mols[0]
PBI,799,244.9029,10647.76,-,negative,233,DyH₂O₃P⁻,DyH2O3P,,244.903881,4.0,38,mols[0]
PBI,807,248.317,4289.38,+,positive,408,C₁₆H₃₅LiN⁺,C16H35LiN,,248.292403,-99.1,13,mols[0]
PBI,808,248.8357,8773.62,+,positive,275,AlCuTb⁺,AlCuTb,,248.835935,0.9,36,mols[0]
PBI,833,256.8285,4080.63,+,positive,417,AsH₃InO₄⁺,AsH3InO4,,256.828059,-1.7,35,mols[0]
PBI,855,265.8176,3127.74,+,positive,460,CsH₂InO⁺,CsH2InO,,265.819346,6.6,34,mols[0]
PBI,881,276.8221,5745.34,-,negative,306,AlCl₃H₃Nd⁻,AlCl3H3Nd,,276.819845,-8.1,46,mols[0]
PBI,898,282.8165,6973.11,+,positive,316,C₄BCl₆N⁺,C4BCl6N,,282.824948,29.9,31,mols[0]
PBI,902,284.8152,10424.07,+,positive,247,AlLaMnO₄⁺,AlLaMnO4,,284.805047,-35.6,29,mols[0]
PBI,911,288.8057,5766.23,-,negative,304,C₃HCl₇Li⁻,C3HCl7Li,,288.806348,2.2,46,mols[0]
PBI,919,291.7822,2946.35,-,negative,409,H₈Mn₄O₄⁻,H8Mn4O4,,291.794985,43.8,19,mols[0]
PBI,932,296.7995,4077.54,-,negative,352,H₅In₂P₂⁻,H5In2P2,,296.794954,-15.3,33,mols[0]
PBI,941,300.7881,5206.27,+,positive,367,C₂HCl₃LaO₂⁺,C2HCl3LaO2,,300.810018,72.9,33,mols[0]
PBI,942,300.8009,4187.31,-,negative,347,C₂HCl₃LaO₂⁻,C2HCl3LaO2,,300.811116,34.0,28,mols[0]
PBI,952,304.7539,3277.06,-,negative,381,AsIn₂⁻,AsIn2,,304.7299,-78.8,21,mols[0]
PBI,983,319.7555,1521.57,+,positive,568,CHCl₃InKO₃⁺,CHCl3InKO3,,319.766164,33.4,18,mols[0]
PBI,1018,335.7271,1182.37,+,positive,594,CsCuHLa⁺,CsCuHLa,,335.748679,64.3,13,mols[0]
PBI,1031,340.7684,3030.25,-,negative,401,AlCaLaMnO₅⁻,AlCaLaMnO5,,340.763651,-13.9,33,mols[0]
PBI,1036,344.7649,3237.5,-,negative,387,C₃Mn₃O₉⁻,C3Mn3O9,,344.768916,11.6,33,mols[0]
PBI,1037,344.7702,1852.67,+,positive,543,C₃Mn₃O₉⁺,C3Mn3O9,,344.767818,-6.9,39,mols[0]
PBI,1077,362.7457,1447.49,+,positive,574,Al₂Mn₃O₉⁺,Al2Mn3O9,,362.730896,-40.8,28,mols[0]
PBI,1091,368.7527,2215.29,-,negative,454,C₆Cl₆MnO₂⁻,C6Cl6MnO2,,368.741541,-30.3,42,mols[0]
PBI,1099,372.8988,1993.56,+,positive,536,C₃H₆LaO₁₂⁺,C3H6LaO12,,372.891734,-18.9,37,mols[0]
PBI,1103,374.7545,2969.88,-,negative,405,LaO₄PPr⁻,LaO4PPr,,374.767977,36.0,29,mols[0]
PBI,1105,375.6919,710.15,+,positive,627,AlCl₆La⁺,AlCl6La,,375.700461,22.8,21,mols[0]
PBI,1108,376.7322,1193.35,+,positive,593,C₄Cl₆MnO₄⁺,C4Cl6MnO4,,376.730273,-5.1,47,mols[0]
PBI,1121,382.7418,1864.93,+,positive,541,CaH₁₁Mn₄O₇⁺,CaH11Mn4O7,,382.764698,59.8,23,mols[0]
PBI,1127,388.7368,1480.43,+,positive,571,In₃N₂O⁺,In3N2O,,388.712148,-63.4,0,mols[0]
PBI,1128,388.7488,1963.94,-,negative,476,In₃N₂O⁻,In3N2O,,388.713246,-91.5,0,mols[0]
PBI,1134,391.6956,644.12,+,positive,634,C₂H₄As₄O₄⁺,C2H4As4O4,,391.696791,3.0,29,mols[0]
PBI,1139,394.726,2056.05,-,negative,465,CaH₄LaMnOPr⁻,CaH4LaMnOPr,,394.741405,39.0,28,mols[0]
PBI,1145,400.0159,1210.32,+,positive,592,C₇H₁₁NO₆Pt⁺,C7H11NO6Pt,,400.022881,17.5,36,mols[0]
PBI,1158,406.7288,1027.24,+,positive,609,Cl₃H₂Nd₂O⁺,Cl3H2Nd2O,,406.732021,7.9,45,mols[0]
PBI,1161,408.709,1756.79,-,negative,499,H₆Mn₅O₈⁻,H6Mn5O8,,408.697039,-29.3,30,mols[0]
PBI,1162,408.7316,1055.25,+,positive,607,H₆Mn₃O₁₁P₂⁺,H6Mn3O11P2,,408.752122,50.2,18,mols[0]
PBI,1165,410.7274,1534.62,-,negative,523,Al₂Mn₃O₁₂⁻,Al2Mn3O12,,410.716739,-26.0,46,mols[0]
PBI,1168,415.6671,1038.31,-,negative,563,KLaMn₂O₈⁻,KLaMn2O8,,415.706016,93.6,0,mols[0]
PBI,1169,416.7214,1890.79,-,negative,482,AlCl₅MnO₁₀⁻,AlCl5MnO10,,416.713547,-18.8,44,mols[0]
PBI,1175,419.6671,1013.33,-,negative,564,In₂Mn₂O₅⁻,In2Mn2O5,,419.658968,-19.4,22,mols[0]
PBI,1179,422.7003,1571.64,-,negative,520,C₂Mn₅N₂O₆⁻,C2Mn5N2O6,,422.666407,-80.2,4,mols[0]
PBI,1180,422.7453,907.2,+,positive,616,Al₂LaMgNdO₄⁺,Al2LaMgNdO4,,422.741307,-9.4,19,mols[0]
PBI,1185,426.7288,2069.88,-,negative,464,C₆H₆Cl₆La⁻,C6H6Cl6La,,426.76697,89.4,32,mols[0]
PBI,1195,434.7006,1352.53,-,negative,539,Mn₄NaO₁₂⁻,Mn4NaO12,,434.681474,-44.0,20,mols[0]
PBI,1216,452.6641,1125.36,-,negative,557,Cl₅La₂⁻,Cl5La2,,452.65752,-14.5,48,mols[0]
PBI,1217,454.6902,683.14,+,positive,631,CaLaMnO₅Pr⁺,CaLaMnO5Pr,,454.688667,-3.4,35,mols[0]
PBI,1222,460.7729,1677.6,-,negative,509,Cl₃DyO₁₂⁻,Cl3DyO12,,460.775263,5.1,46,mols[0]
PBI,1228,464.6824,636.11,+,positive,635,La₃O₃⁺,La3O3,,464.703255,44.9,32,mols[0]
PBI,1239,476.7055,1156.33,-,negative,553,Al₅CaNdO₁₀⁻,Al5CaNdO10,,476.727708,46.6,12,mols[0]
PBI,1241,478.726,1310.4,-,negative,544,Al₂B₄Cu₃O₁₂⁻,Al2B4Cu3O12,,478.728621,5.5,46,mols[0]
PCTFE,221,74.9287,30145.66,+,positive,181,As⁺,As,,74.921046,-102.2,73,mols[0]
PCTFE,275,89.9528,13031.12,-,negative,146,CH₃As⁻,CH3As,,89.945619,-79.8,22,mols[0]
PCTFE,292,93.9209,10033.1,+,positive,277,AsF⁺,AsF,,93.919449,-15.4,60,mols[0]
PCTFE,293,93.9259,9341.01,-,negative,189,AsF⁻,AsF,,93.920547,-57.0,61,mols[0]
PCTFE,320,100.937,342103.15,+,positive,18,C₂H₂As⁺,C2H2As,,100.936696,-3.0,50,mols[0]
PCTFE,327,102.9361,260055.04,+,positive,22,CH₂AsN⁺,CH2AsN,,102.93977,35.7,26,mols[0]
PCTFE,342,106.898,30299.31,-,negative,87,Ag⁻,Ag,,106.905646,71.5,73,mols[0]
PCTFE,351,108.8955,19978.02,-,negative,112,¹⁰⁹Ag⁻,Ag,,108.905301,19.8,85,iso_satellite
PCTFE,365,112.9205,90991.82,-,negative,32,AsF₂⁻,AsF2,,112.91895,-13.7,59,mols[0]
PCTFE,376,115.9286,7751.85,-,negative,211,C₂HAsO⁻,C2HAsO,,115.924884,-32.1,28,mols[0]
PCTFE,377,115.9613,375760.39,+,positive,15,C₃H₅As⁺,C3H5As,,115.960171,-9.7,42,mols[0]
PCTFE,399,122.9155,12777.87,-,negative,148,AgH₂N⁻,AgH2N,,122.92437,72.2,30,mols[0]
PCTFE,406,124.9042,7464.63,-,negative,215,CH₃AsCl⁻,CH3AsCl,,124.914472,82.2,17,mols[0]
PCTFE,412,126.932,71352.84,+,positive,91,C₂AsN₂⁺,C2AsN2,,126.927194,-37.9,30,mols[0]
PCTFE,418,127.8878,6450.03,-,negative,239,AsClH₂O⁻,AsClH2O,,127.901562,107.6,5,mols[0]
PCTFE,421,128.8905,106496.76,-,negative,28,AsClF⁻,AsClF,,128.8894,-8.5,50,mols[0]
PCTFE,427,130.8872,67814.86,-,negative,42,InO⁻,InO,,130.899342,92.8,35,mols[0]
PCTFE,430,131.9528,96746.89,+,positive,67,C₃H₅AsO⁺,C3H5AsO,,131.955086,17.3,39,mols[0]
PCTFE,436,133.9583,73949.58,+,positive,83,C₂H₅AsNO⁺,C2H5AsNO,,133.95816,-1.0,37,mols[0]
PCTFE,446,137.9039,19390.58,-,negative,115,Ba⁻,Ba,,137.905796,13.7,68,mols[0]
PCTFE,448,138.9076,22369.63,-,negative,101,La⁻,La,,138.906902,-5.0,87,mols[0]
PCTFE,473,146.0066,44776.0,+,positive,136,C₅H₁₁As⁺,C5H11As,,146.007121,3.6,43,mols[0]
PCTFE,474,146.8578,50963.13,-,negative,60,AsCl₂H₂⁻,AsCl2H2,,146.8755,120.5,50,mols[0]
PCTFE,481,148.9532,231511.59,+,positive,26,C₃H₆Ag⁺,C3H6Ag,,148.951498,-11.4,44,mols[0]
PCTFE,485,150.8826,15755.26,-,negative,125,ClHIn⁻,ClHIn,,150.881105,-9.9,38,mols[0]
PCTFE,505,156.8848,17617.99,-,negative,120,AgClHN⁻,AgClHN,,156.885398,3.8,45,mols[0]
PCTFE,506,156.9387,74679.68,+,positive,82,C₂H₄AsF₂O⁺,C2H4AsF2O,,156.944067,34.2,29,mols[0]
PCTFE,509,157.8937,8118.6,-,negative,206,AgClH₂N⁻,AgClH2N,,157.893223,-3.0,59,mols[0]
PCTFE,514,159.8852,8306.48,-,negative,203,CH₃AsCl₂⁻,CH3AsCl2,,159.883325,-11.7,28,mols[0]
PCTFE,516,160.8418,5783.6,-,negative,254,AsCl₂O⁻,AsCl2O,,160.854765,80.6,48,mols[0]
PCTFE,519,161.8526,3922.42,-,negative,305,AsCl₂HO⁻,AsCl2HO,,161.86259,61.7,40,mols[0]
PCTFE,526,163.8617,4377.26,-,negative,290,AsCl₂F⁻,AsCl2F,,163.858253,-21.0,75,mols[0]
PCTFE,531,165.8457,1672.68,-,negative,433,As₂O⁻,As2O,,165.838654,-42.5,19,mols[0]
PCTFE,540,168.8585,10040.17,+,positive,276,Al₂In⁺,Al2In,,168.866407,46.8,28,mols[0]
PCTFE,550,171.8675,7369.63,-,negative,218,C₂H₃AsCl₂⁻,C2H3AsCl2,,171.883325,92.1,21,mols[0]
PCTFE,554,173.875,11230.11,-,negative,168,ClLa⁻,ClLa,,173.875755,4.3,66,mols[0]
PCTFE,582,184.8367,3992.5,-,negative,302,Cl₂In⁻,Cl2In,,184.842133,29.4,52,mols[0]
PCTFE,588,186.8758,12288.69,-,negative,150,C₂H₂AsCl₂O⁻,C2H2AsCl2O,,186.870415,-28.8,60,mols[0]
PCTFE,589,186.9645,44972.6,+,positive,135,Re⁺,Re,,186.955204,-49.7,78,mols[0]
PCTFE,592,188.8635,8144.5,-,negative,205,BaClO⁻,BaClO,,188.869564,32.1,42,mols[0]
PCTFE,595,189.8601,5883.69,-,negative,251,AgClO₃⁻,AgClO3,,189.859244,-4.5,34,mols[0]
PCTFE,597,190.8699,11326.47,-,negative,167,AgClHO₃⁻,AgClHO3,,190.867069,-14.8,53,mols[0]
PCTFE,601,192.8652,8955.43,-,negative,195,Al₂La⁻,Al2La,,192.86998,24.8,32,mols[0]
PCTFE,613,196.9632,54855.01,+,positive,117,Au⁺,Au,,196.96602,14.3,85,mols[0]
PCTFE,628,203.8291,1578.58,-,negative,443,C₂AsCl₃⁻,C2AsCl3,,203.828703,-1.9,74,mols[0]
PCTFE,630,204.8343,9501.05,-,negative,184,C₂HAsCl₃⁻,C2HAsCl3,,204.836528,10.9,71,mols[0]
PCTFE,631,204.9773,34433.78,+,positive,164,Tl⁺,Tl,,204.973878,-16.7,84,mols[0]
PCTFE,636,206.8436,13443.55,-,negative,138,C₂H₃AsCl₃⁻,C2H3AsCl3,,206.852178,41.5,80,mols[0]
PCTFE,642,208.8437,12032.58,-,negative,152,Cl₂La⁻,Cl2La,,208.844608,4.3,65,mols[0]
PCTFE,645,209.8514,3398.53,-,negative,335,CeCl₂⁻,CeCl2,,209.843694,-36.7,67,mols[0]
PCTFE,649,210.9497,33860.92,+,positive,166,HNaRe⁺,HNaRe,,210.952798,14.7,48,mols[0]
PCTFE,652,211.9901,12334.51,+,positive,262,CH₃Au⁺,CH3Au,,211.989495,-2.9,46,mols[0]
PCTFE,661,216.8494,5858.49,-,negative,252,CH₃AsI⁻,CH3AsI,,216.850092,3.2,35,mols[0]
PCTFE,662,216.9685,22401.09,+,positive,208,CH₂ORe⁺,CH2ORe,,216.965769,-12.6,45,mols[0]
PCTFE,666,218.8556,5198.03,-,negative,268,AlCeClHO⁻,AlCeClHO,,218.85912,16.1,23,mols[0]
PCTFE,667,218.9803,15210.16,+,positive,234,CH₄ORe⁺,CH4ORe,,218.981419,5.1,45,mols[0]
PCTFE,671,220.9792,20889.56,+,positive,214,C₂H₂Pt⁺,C2H2Pt,,220.979892,3.1,60,mols[0]
PCTFE,673,221.794,1821.81,-,negative,424,AgIn⁻,AgIn,,221.809524,70.0,0,mols[0]
PCTFE,676,222.9772,13667.44,+,positive,248,C₂H₂Au⁺,C2H2Au,,222.98167,20.0,50,mols[0]
PCTFE,678,223.8278,4375.67,-,negative,291,BaCl₂O⁻,BaCl2O,,223.838417,47.4,36,mols[0]
PCTFE,679,223.9904,10122.22,+,positive,275,C₂H₃Au⁺,C2H3Au,,223.989495,-4.0,46,mols[0]
PCTFE,681,224.8174,13448.62,-,negative,137,CHAgCl₃⁻,CHAgCl3,,224.82003,11.7,97,mols[0]
PCTFE,684,225.8283,4532.2,-,negative,283,CeCl₂O⁻,CeCl2O,,225.838609,45.6,65,mols[0]
PCTFE,688,226.9501,25299.39,+,positive,200,HNaORe⁺,HNaORe,,226.947713,-10.5,48,mols[0]
PCTFE,697,229.9751,6991.87,+,positive,299,C₂H₃ORe⁺,C2H3ORe,,229.973594,-6.5,43,mols[0]
PCTFE,705,232.953,18229.2,+,positive,223,CH₂O₂Re⁺,CH2O2Re,,232.960684,33.0,46,mols[0]
PCTFE,710,234.9591,13305.71,+,positive,251,C₆H₈AsO₅⁺,C6H8AsO5,,234.958221,-3.7,44,mols[0]
PCTFE,717,237.8317,2864.71,-,negative,365,Cl₃H₂InO⁻,Cl3H2InO,,237.821551,-42.7,42,mols[0]
PCTFE,719,238.8245,11117.62,-,negative,169,AgHInO⁻,AgHInO,,238.812264,-51.2,2,mols[0]
PCTFE,720,239.0039,13414.82,+,positive,249,C₃H₆Au⁺,C3H6Au,,239.01297,37.9,46,mols[0]
PCTFE,724,240.8029,10363.45,-,negative,175,Ag₂Al⁻,Ag2Al,,240.792282,-44.1,30,mols[0]
PCTFE,725,240.9635,14423.52,+,positive,236,CAuO₂⁺,CAuO2,,240.95585,-31.7,42,mols[0]
PCTFE,727,241.8111,3545.58,-,negative,329,C₂H₃AsCl₄⁻,C2H3AsCl4,,241.821031,41.1,73,mols[0]
PCTFE,729,242.8018,14459.58,-,negative,134,BaCl₃⁻,BaCl3,,242.812355,43.5,100,mols[0]
PCTFE,731,243.8127,2924.79,-,negative,363,Cl₃La⁻,Cl3La,,243.813461,3.1,100,mols[0]
PCTFE,733,244.8006,11699.86,-,negative,162,CeCl₃⁻,CeCl3,,244.812547,48.8,100,mols[0]
PCTFE,734,244.969,9206.04,+,positive,280,H₂O₃Pt⁺,H2O3Pt,,244.964637,-17.8,47,mols[0]
PCTFE,746,250.01,6122.93,+,positive,307,C₄H₅Au⁺,C4H5Au,,250.005145,-19.4,43,mols[0]
PCTFE,747,250.8211,4930.82,-,negative,273,AgHIO⁻,AgHIO,,250.812859,-32.9,8,mols[0]
PCTFE,752,252.8291,6145.07,-,negative,246,C₂HAgCl₂FO₂⁻,C2HAgCl2FO2,,252.83941,40.8,96,mols[0]
PCTFE,753,252.9639,11006.58,+,positive,268,C₂H₂O₂Pt⁺,C2H2O2Pt,,252.969722,23.0,59,mols[0]
PCTFE,766,256.9626,8646.27,+,positive,287,CH₂O₃Pt⁺,CH2O3Pt,,256.964637,7.9,52,mols[0]
PCTFE,771,258.9722,11339.21,+,positive,266,CH₂AuO₃⁺,CH2AuO3,,258.966415,-22.3,48,mols[0]
PCTFE,779,261.9657,4098.89,+,positive,339,C₈H₁₆As₂⁺,C8H16As2,,261.967841,8.2,32,mols[0]
PCTFE,784,264.8169,5508.63,-,negative,261,CeCl₃FH⁻,CeCl3FH,,264.818775,7.1,100,mols[0]
PCTFE,794,268.8113,5373.93,-,negative,266,C₂HAgCl₃O₂⁻,C2HAgCl3O2,,268.80986,-5.4,100,mols[0]
PCTFE,795,268.96,8117.3,+,positive,290,C₂H₂O₃Pt⁺,C2H2O3Pt,,268.964637,17.2,47,mols[0]
PCTFE,798,269.9629,4485.53,+,positive,330,NO₃Pb⁺,NO3Pb,,269.963922,3.8,39,mols[0]
PCTFE,800,270.8044,4312.33,-,negative,292,AlCl₃La⁻,AlCl3La,,270.795,-34.7,75,mols[0]
PCTFE,817,278.7815,3178.92,-,negative,345,HIn₂O₃⁻,HIn2O3,,278.800875,69.5,19,mols[0]
PCTFE,823,280.9879,11643.74,+,positive,264,C₄H₄AuO₂⁺,C4H4AuO2,,280.98715,-2.7,48,mols[0]
PCTFE,833,285.0301,4664.83,+,positive,327,C₆H₈Tl⁺,C6H8Tl,,285.036478,22.4,51,mols[0]
PCTFE,837,286.7903,3436.37,-,negative,334,CaCeCl₃H₂⁻,CaCeCl3H2,,286.790788,1.7,67,mols[0]
PCTFE,843,289.0405,4414.54,+,positive,333,C₆H₉Pb⁺,C6H9Pb,,289.046528,20.9,45,mols[0]
PCTFE,846,290.7903,2770.53,-,negative,367,CCl₄La⁻,CCl4La,,290.782314,-27.5,100,mols[0]
PCTFE,850,292.7979,3144.58,-,negative,349,CAg₂FO₃⁻,CAg2FO3,,292.793891,-13.7,53,mols[0]
PCTFE,871,302.7631,3082.94,-,negative,354,CeCl₄Na⁻,CeCl4Na,,302.771169,26.7,82,mols[0]
PCTFE,873,304.7701,1795.39,+,positive,396,AlBaCl₄⁺,AlBaCl4,,304.761649,-27.7,67,mols[0]
PCTFE,874,304.7775,3126.86,-,negative,350,AlBaCl₄⁻,AlBaCl4,,304.762747,-48.4,100,mols[0]
PCTFE,881,308.7802,3327.27,+,positive,351,BaLaO₂⁺,BaLaO2,,308.800881,67.0,23,mols[0]
PCTFE,900,319.0313,2523.47,+,positive,371,C₆H₁₀O₂Tl⁺,C6H10O2Tl,,319.041958,33.4,41,mols[0]
PCTFE,901,320.7449,3109.82,-,negative,352,Ag₃⁻,Ag3,,320.71584,-90.6,27,mols[0]
PCTFE,902,320.925,4079.21,+,positive,340,C₅H₄Cl₂Re⁺,C5H4Cl2Re,,320.92421,-2.5,36,mols[0]
PCTFE,912,326.7312,2292.73,+,positive,382,C₂H₃As₄⁺,C2H3As4,,326.709306,-67.0,47,mols[0]
PCTFE,915,328.7597,1542.56,-,negative,446,Ag₂ClO₅⁻,Ag2ClO5,,328.754171,-16.8,52,mols[0]
PCTFE,916,328.9068,5589.42,+,positive,317,C₆H₅CeO₇⁺,C6H5CeO7,,328.90842,4.9,40,mols[0]
PCTFE,917,330.7627,1851.67,-,negative,422,C₂AgF₃IO⁻,C2AgF3IO,,330.800243,113.5,27,mols[0]
PCTFE,920,332.7983,1842.97,+,positive,394,CeF₂LaO⁺,CeF2LaO,,332.802964,14.0,32,mols[0]
PCTFE,927,336.7076,1879.78,-,negative,421,Ag₃O⁻,Ag3O,,336.710755,9.4,42,mols[0]
PCTFE,928,336.7162,1333.72,+,positive,411,AgIn₂⁺,AgIn2,,336.712304,-11.6,25,mols[0]
PCTFE,934,340.7386,2374.04,-,negative,390,Ag₂I⁻,Ag2I,,340.715216,-68.6,27,mols[0]
PCTFE,936,342.8833,2695.64,+,positive,366,C₂HAuCl₃O⁺,C2HAuCl3O,,342.875319,-23.3,44,mols[0]
PCTFE,950,356.712,1664.54,-,negative,434,Ag₂IO⁻,Ag2IO,,356.710131,-5.2,38,mols[0]
PCTFE,951,358.7358,1628.51,-,negative,436,In₃N⁻,In3N,,358.715257,-57.3,20,mols[0]
PCTFE,952,358.7398,1162.08,+,positive,415,In₃N⁺,In3N,,358.714159,-71.5,13,mols[0]
PCTFE,953,360.7257,1210.25,+,positive,412,AgI₂⁺,AgI2,,360.713494,-33.8,6,mols[0]
PCTFE,954,360.7301,1407.41,-,negative,455,AgI₂⁻,AgI2,,360.714592,-43.0,5,mols[0]
PCTFE,958,363.6932,639.43,+,positive,430,AgAlIn₂⁺,AgAlIn2,,363.693843,1.8,19,mols[0]
PCTFE,974,384.7213,1254.32,-,negative,472,Ce₂Cl₃⁻,Ce2Cl3,,384.717986,-8.6,100,mols[0]
PCTFE,975,386.7289,1366.34,-,negative,461,CeCl₃H₃La⁻,CeCl3H3La,,386.742375,34.8,59,mols[0]
PCTFE,977,388.7417,557.49,+,positive,432,CeCl₃O₉⁺,CeCl3O9,,388.765684,61.7,16,mols[0]
PCTFE,979,394.6915,1023.26,-,negative,499,CeCl₃INa⁻,CeCl3INa,,394.706789,38.7,46,mols[0]
PCTFE,981,400.6993,802.18,-,negative,526,AgIn₂O₄⁻,AgIn2O4,,400.693062,-15.6,9,mols[0]
PCTFE,983,402.6978,1260.29,-,negative,471,Ba₂I⁻,Ba2I,,402.715516,44.0,28,mols[0]
PCTFE,989,408.7006,992.2,-,negative,507,I₂LaO⁻,I2LaO,,408.710763,24.9,31,mols[0]
PCTFE,994,414.7122,837.57,+,positive,420,Ba₂La⁺,Ba2La,,414.716298,9.9,33,mols[0]
PCTFE,995,416.6738,1021.22,-,negative,500,La₃⁻,La3,,416.719608,109.9,22,mols[0]
PCTFE,1006,426.6833,1197.26,-,negative,482,C₂H₂I₂InO₂⁻,C2H2I2InO2,,426.718853,83.3,21,mols[0]
PCTFE,1018,448.6593,865.15,-,negative,520,AgLa₂O₄⁻,AgLa2O4,,448.698012,86.3,0,mols[0]
PCTFE,1023,452.6441,894.16,-,negative,517,Cl₅La₂⁻,Cl5La2,,452.65752,29.6,100,mols[0]
PCTFE,1029,460.6449,651.1,-,negative,553,Ag₃Ce⁻,Ag3Ce,,460.621279,-51.3,21,mols[0]
PEEK,334,92.9145,3119.87,+,positive,434,Nb⁺,Nb,,92.905829,-93.3,66,mols[0]
PEEK,351,95.9173,1768.86,+,positive,512,H₃Nb⁺,H3Nb,,95.929304,125.1,21,mols[0]
PEEK,409,109.9076,2789.72,-,negative,344,HNbO⁻,HNbO,,109.909667,18.8,31,mols[0]
PEEK,509,137.9399,925.44,-,negative,521,C₂H₅NbO⁻,C2H5NbO,,137.940967,7.7,33,mols[0]
PEEK,587,160.8942,3019.86,+,positive,440,C₃NbO₂⁺,C3NbO2,,160.895659,9.1,46,mols[0]
PEEK,650,180.8955,4877.77,+,positive,360,CF₄Nb⁺,CF4Nb,,180.899441,21.8,31,mols[0]
PEEK,656,181.892,926.59,+,positive,567,C₂HNbO₄⁺,C2HNbO4,,181.893314,7.2,30,mols[0]
PEEK,827,238.0497,1681.84,-,negative,411,U⁻,U,,238.051337,6.9,68,mols[0]
PEEK,930,282.8063,3459.34,+,positive,417,HNb₂O₆⁺,HNb2O6,,282.789522,-59.3,22,mols[0]
PEEK,1048,335.0407,8920.82,+,positive,255,C₂F₃OU⁺,C2F3OU,,335.040363,-1.0,35,mols[0]
PEEK,1071,349.0552,3578.79,+,positive,409,C₅H₃O₃U⁺,C5H3O3U,,349.058459,9.3,37,mols[0]
PEEK,1105,373.0484,2483.42,+,positive,472,C₃H₃O₆U⁺,C3H3O6U,,373.043204,-13.9,37,mols[0]
PEEK,1169,448.0863,1486.67,+,positive,526,C₆H₁₀O₈U⁺,C6H10O8U,,448.087809,3.4,36,mols[0]
PEI,8,7.015,2991.29,+,positive,468,Li⁺,Li,,7.015454,64.7,65,mols[0]
PEI,451,115.9184,3936.58,+,positive,415,HIn⁺,HIn,,115.911154,-62.5,55,mols[0]
PEI,527,135.9028,2334.26,+,positive,515,¹³⁶Ba⁺,Ba,,135.904027,9.1,85,iso_satellite
PEI,538,137.9054,13720.66,+,positive,197,Ba⁺,Ba,,137.904698,-5.1,69,mols[0]
PEI,541,138.9122,10091.73,+,positive,261,La⁺,La,,138.905804,-46.0,87,mols[0]
PEI,545,139.9111,3302.43,+,positive,451,Ce⁺,Ce,,139.90489,-44.4,54,mols[0]
PEI,549,140.9143,8269.42,+,positive,291,Pr⁺,Pr,,140.907104,-51.1,71,mols[0]
PEI,552,141.9068,4443.69,+,positive,395,Nd⁺,Nd,,141.907174,2.6,54,mols[0]
PEI,576,148.9066,2527.63,+,positive,499,H₂InO₂⁺,H2InO2,,148.908809,14.8,37,mols[0]
PEI,595,154.9063,56051.18,+,positive,72,BaHO⁺,BaHO,,154.907438,7.3,46,mols[0]
PEI,641,168.9189,3658.9,-,negative,305,CH₂LaO⁻,CH2LaO,,168.917467,-8.5,54,mols[0]
PEI,649,170.9232,3822.74,-,negative,297,CH₃CeO⁻,CH3CeO,,170.924378,6.9,43,mols[0]
PEI,683,182.896,3352.06,+,positive,445,CLaO₂⁺,CLaO2,,182.895634,-2.0,44,mols[0]
PEI,693,185.8931,1942.13,-,negative,413,CeNO₂⁻,CeNO2,,185.898892,31.2,35,mols[0]
PEI,696,186.9007,7021.52,+,positive,320,CHNdO₂⁺,CHNdO2,,186.904829,22.1,43,mols[0]
PEI,712,192.8744,5075.96,+,positive,374,ClNdO⁺,ClNdO,,192.870942,-17.9,32,mols[0]
PEI,716,193.8572,3503.4,+,positive,438,BaSi₂⁺,BaSi2,,193.858552,7.0,26,mols[0]
PEI,730,198.929,3222.58,+,positive,455,C₂H₄LaO₂⁺,C2H4LaO2,,198.926934,-10.4,59,mols[0]
PEI,740,201.8921,1684.95,-,negative,433,CeNO₃⁻,CeNO3,,201.893807,8.5,36,mols[0]
PEI,754,207.8364,2960.93,+,positive,469,BaCl₂⁺,BaCl2,,207.842404,28.9,19,mols[0]
PEI,759,208.9216,6079.35,+,positive,349,CeH₅O₄⁺,CeH5O4,,208.923675,9.9,38,mols[0]
PEI,764,210.8596,4806.34,+,positive,383,CaLaO₂⁺,CaLaO2,,210.858225,-6.5,44,mols[0]
PEI,788,218.8707,4087.85,-,negative,287,CeO₃P⁻,CeO3P,,218.864495,-28.4,35,mols[0]
PEI,789,218.8717,4009.85,+,positive,412,CeO₃P⁺,CeO3P,,218.863397,-37.9,34,mols[0]
PEI,804,224.8382,12719.3,+,positive,214,Cl₂LaO⁺,Cl2LaO,,224.838425,1.0,51,mols[0]
PEI,827,232.0362,3961.54,-,negative,293,Th⁻,Th,,232.038604,10.4,68,mols[0]
PEI,830,232.8649,2764.71,-,negative,352,BaFO₃Si⁻,BaFO3Si,,232.865871,4.2,34,mols[0]
PEI,835,234.8613,10193.95,-,negative,164,CeO₄P⁻,CeO4P,,234.85941,-8.0,33,mols[0]
PEI,843,238.0505,14700.88,+,positive,185,U⁺,U,,238.050239,-1.1,69,mols[0]
PEI,851,240.8737,2605.2,-,negative,367,CAlBaO₄⁻,CAlBaO4,,240.866995,-27.8,30,mols[0]
PEI,857,242.8646,4842.1,-,negative,265,BaCl₂H₃O₂⁻,BaCl2H3O2,,242.856807,-32.1,41,mols[0]
PEI,882,252.816,1115.52,-,negative,482,BaIn⁻,BaIn,,252.809674,-25.0,38,mols[0]
PEI,883,252.8351,3141.75,+,positive,461,AlBaCaO₃⁺,AlBaCaO3,,252.833573,-6.0,34,mols[0]
PEI,899,258.8615,3327.53,-,negative,323,CaH₄LaO₃Si⁻,CaH4LaO3Si,,258.862465,3.7,34,mols[0]
PEI,930,271.8051,1127.72,+,positive,603,CsLa⁺,CsLa,,271.811256,22.6,37,mols[0]
PEI,990,293.0696,4030.01,-,negative,289,C₃H₃OU⁻,C3H3OU,,293.069727,0.4,49,mols[0]
PEI,1023,306.8055,2062.01,+,positive,535,CHLa₂O⁺,CHLa2O,,306.814897,30.6,34,mols[0]
PEI,1156,388.749,765.21,-,negative,519,CeCl₃O₉⁻,CeCl3O9,,388.766782,45.7,27,mols[0]
PEI,1173,408.7112,693.29,+,positive,627,I₂LaO⁺,I2LaO,,408.709665,-3.8,34,mols[0]
PEI,1226,500.6652,343.06,-,negative,569,CHCeFLaNdO₃⁻,CHCeFLaNdO3,,500.711037,91.6,13,mols[0]
PEN,7,7.0156,2952.64,+,positive,410,Li⁺,Li,,7.015454,-20.8,64,mols[0]
PEN,175,62.0805,742.79,-,negative,328,C₄H₇Li⁻,C4H7Li,,62.071327,-147.8,19,mols[0]
PEN,360,102.8943,248.03,-,negative,377,Rh⁻,Rh,,102.906053,114.2,51,mols[0]
PEN,447,125.8851,9785.9,+,positive,238,NaRh⁺,NaRh,,125.894724,76.5,24,mols[0]
PEN,495,138.8985,427.12,-,negative,362,La⁻,La,,138.906902,60.5,65,mols[0]
PEN,544,154.8927,1554.84,-,negative,258,LaO⁻,LaO,,154.901817,58.9,44,mols[0]
PEN,601,172.8267,226.03,-,negative,380,Cl₂Rh⁻,Cl2Rh,,172.843759,98.7,2,mols[0]
PEN,750,238.046,23135.4,+,positive,142,U⁺,U,,238.050239,17.8,72,mols[0]
PEN,751,239.0695,48276.22,+,positive,83,HU⁺,HU,,239.058064,-47.8,69,mols[0]
PEN,785,263.0605,62184.96,+,positive,63,C₂HU⁺,C2HU,,263.058064,-9.3,69,mols[0]
PEN,823,294.1029,1579.69,+,positive,474,C₃H₆NU⁺,C3H6NU,,294.100263,-9.0,45,mols[0]
PEN,828,299.043,9506.07,+,positive,243,CHO₃U⁺,CHO3U,,299.042809,-0.6,46,mols[0]
PEN,833,303.0789,3194.63,+,positive,394,C₅H₅U⁺,C5H5U,,303.089364,34.5,49,mols[0]
PEN,844,315.0883,2923.54,+,positive,411,C₆H₅U⁺,C6H5U,,315.089364,3.4,54,mols[0]
PEN,910,412.0993,1268.93,+,positive,501,C₅H₈N₃O₄U⁺,C5H8N3O4U,,412.101721,5.9,46,mols[0]
PFA,388,122.9203,1131.37,-,negative,187,H₂Sb⁻,H2Sb,,122.920014,-2.3,51,mols[0]
PFA,518,168.9331,3267.23,+,positive,307,Tm⁺,Tm,,168.933664,3.3,79,mols[0]
PFA,538,177.9023,619.14,-,negative,230,F₃Sb⁻,F3Sb,,177.899573,-15.3,71,mols[0]
PFA,569,189.8963,5681.01,-,negative,109,CF₃Sb⁻,CF3Sb,,189.899573,17.2,77,mols[0]
PFA,571,190.907,7292.23,-,negative,99,FH₃O₃Sb⁻,FH3O3Sb,,190.910987,20.9,47,mols[0]
PFA,604,208.9798,21573.34,+,positive,106,Bi⁺,Bi,,208.97985,0.2,86,mols[0]
PFA,650,227.978,21581.02,+,positive,105,BiF⁺,BiF,,227.978253,1.1,65,mols[0]
PFA,814,404.9803,1573.66,-,negative,167,C₁₁H₁₀F₆N₂Sb⁻,C11H10F6N2Sb,,404.97918,-2.8,100,mols[0]
PI,538,158.9054,1713.88,-,negative,380,Tb⁻,Tb,,158.925896,129.0,44,mols[0]
PI,596,176.9323,3290.3,+,positive,318,H₂OTb⁺,H2OTb,,176.935363,17.3,40,mols[0]
PI,742,238.0379,7765.51,-,negative,192,U⁻,U,,238.051337,56.4,59,mols[0]
PI,743,238.0548,1864.95,+,positive,423,U⁺,U,,238.050239,-19.2,65,mols[0]
PI,826,281.0694,5895.4,+,positive,230,C₂H₃OU⁺,C2H3OU,,281.068629,-2.7,47,mols[0]
PI,830,282.0672,1974.0,+,positive,412,CH₂NOU⁺,CH2NOU,,282.063878,-11.8,46,mols[0]
PPS,236,74.9268,510.07,+,positive,552,As⁺,As,,74.921046,-76.8,64,mols[0]
PPS,256,78.9539,11028.42,+,positive,100,AsH₄⁺,AsH4,,78.952346,-19.7,34,mols[0]
PPS,324,93.921,2344.0,+,positive,348,AsF⁺,AsF,,93.919449,-16.5,32,mols[0]
PPS,330,94.9291,6345.6,+,positive,179,AsFH⁺,AsFH,,94.927274,-19.2,34,mols[0]
PPS,353,98.9174,5975.57,+,positive,188,HMo⁺,HMo,,98.912684,-47.7,54,mols[0]
PPS,375,103.9265,1174.34,+,positive,466,CHAsO⁺,CHAsO,,103.923786,-26.1,30,mols[0]
PPS,396,109.8948,445.06,+,positive,557,CMo⁺,CMo,,109.904859,91.5,23,mols[0]
PPS,400,110.9052,1592.49,+,positive,416,CHMo⁺,CHMo,,110.912684,67.5,35,mols[0]
PPS,406,111.9102,1575.47,+,positive,421,MoN⁺,MoN,,111.907933,-20.3,32,mols[0]
PPS,429,116.8886,1451.47,+,positive,430,FMo⁺,FMo,,116.903262,125.4,27,mols[0]
PPS,514,138.903,4043.19,+,positive,260,La⁺,La,,138.905804,20.2,77,mols[0]
PPS,522,140.9028,2849.72,+,positive,312,Pr⁺,Pr,,140.907104,30.5,75,mols[0]
PPS,526,141.9083,929.42,+,positive,501,HPr⁺,HPr,,141.914929,46.7,33,mols[0]
PPS,582,156.8962,725.27,+,positive,523,OPr⁺,OPr,,156.902019,37.1,44,mols[0]
PPS,636,172.8287,1782.59,-,negative,368,AsMo⁻,AsMo,,172.827552,-6.6,42,mols[0]
PPS,654,177.8753,1074.36,+,positive,482,CClFMoN⁺,CClFMoN,,177.875189,-0.6,35,mols[0]
PPS,658,178.866,971.27,+,positive,494,CaLa⁺,CaLa,,178.868395,13.4,43,mols[0]
PPS,666,180.8665,1274.37,+,positive,449,CaPr⁺,CaPr,,180.869695,17.7,42,mols[0]
PPS,669,181.8928,2002.83,+,positive,372,CH₃AsN₂S₂⁺,CH3AsN2S2,,181.894811,11.1,29,mols[0]
PPS,691,187.8604,2469.19,+,positive,337,CMoNO₂S⁺,CMoNO2S,,187.869834,50.2,28,mols[0]
PPS,695,188.8193,3526.51,+,positive,282,AlMoZn⁺,AlMoZn,,188.81554,-19.9,43,mols[0]
PPS,696,188.8677,9937.19,+,positive,111,OPrS⁺,OPrS,,188.87409,33.8,36,mols[0]
PPS,709,192.8554,6968.2,+,positive,166,MoO₄P⁺,MoO4P,,192.858281,14.9,32,mols[0]
PPS,747,205.8272,541.1,+,positive,548,CHMoPS₂⁺,CHMoPS2,,205.830588,16.5,22,mols[0]
PPS,790,219.8369,1142.33,+,positive,470,CMoNO₂S₂⁺,CMoNO2S2,,219.841905,22.8,35,mols[0]
PPS,810,226.9868,9393.91,+,positive,118,C₂HHg⁺,C2HHg,,226.977919,-39.1,44,mols[0]
PPS,887,258.8351,794.34,+,positive,517,Cl₂H₃LaOP⁺,Cl2H3LaOP,,258.835662,2.2,35,mols[0]
PPS,913,271.0365,6285.51,+,positive,180,C₅H₉Hg⁺,C5H9Hg,,271.040519,14.8,42,mols[0]
PPS,919,274.806,835.23,+,positive,514,CsHPr⁺,CsHPr,,274.820381,52.3,31,mols[0]
PPS,973,297.7711,11408.55,+,positive,98,H₆Mo₂S₃⁺,H6Mo2S3,,297.77343,7.8,24,mols[0]
PPS,990,306.7867,1277.37,+,positive,448,C₄H₄As₂Cl₃⁺,C4H4As2Cl3,,306.7805,-20.2,31,mols[0]
PPS,1014,322.7805,5002.41,+,positive,215,H₂MoO₆PS₃⁺,H2MoO6PS3,,322.779974,-1.6,35,mols[0]
PPS,1030,330.7503,1174.3,+,positive,467,AsH₂I₂⁺,AsH2I2,,330.745642,-14.1,32,mols[0]
PPS,1056,374.7008,849.17,+,positive,512,HMo₃O₅⁺,HMo3O5,,374.698075,-7.3,34,mols[0]
PPS,1075,470.6346,1730.54,+,positive,401,Al₂La₃⁺,Al2La3,,470.681588,99.8,19,mols[0]
PTFE,133,54.9371,2151.33,-,negative,265,Mn⁻,Mn,,54.938593,27.2,78,mols[0]
PTFE,263,90.9405,1108.85,+,positive,609,FHMnO⁺,FHMnO,,90.938638,-20.5,37,mols[0]
PTFE,271,92.8948,5390.01,-,negative,153,Nb⁻,Nb,,92.906927,130.5,74,mols[0]
PTFE,293,98.918,974.66,+,positive,628,MnOSi⁺,MnOSi,,98.909337,-87.6,30,mols[0]
PTFE,326,109.8619,449.03,-,negative,458,Mn₂⁻,Mn2,,109.876637,134.1,50,mols[0]
PTFE,333,112.9131,1150.79,+,positive,606,FHNb⁺,FHNb,,112.912057,-9.2,37,mols[0]
PTFE,336,114.9093,1862.05,+,positive,520,In⁺,In,,114.903329,-52.0,77,mols[0]
PTFE,351,119.8976,2476.69,+,positive,465,Sn⁺,Sn,,119.901646,33.7,59,mols[0]
PTFE,354,120.9285,3809.02,-,negative,188,CH₃FMnO₂⁻,CH3FMnO2,,120.950301,180.3,41,mols[0]
PTFE,357,121.8859,4895.26,+,positive,345,KMnSi⁺,KMnSi,,121.878128,-63.8,13,mols[0]
PTFE,367,126.8686,2742.39,+,positive,445,HMn₂O⁺,HMn2O,,126.878279,76.3,17,mols[0]
PTFE,370,127.8771,897.7,+,positive,646,H₂Mn₂O⁺,H2Mn2O,,127.886104,70.4,10,mols[0]
PTFE,395,136.9082,3255.0,+,positive,419,HOSn⁺,HOSn,,136.904386,-27.9,43,mols[0]
PTFE,436,151.8985,4704.03,+,positive,358,ClMnNO₃⁺,ClMnNO3,,151.894167,-28.5,32,mols[0]
PTFE,437,151.9053,589.04,-,negative,445,C₂F₃MnO⁻,C2F3MnO,,151.928717,154.2,61,mols[0]
PTFE,440,152.9032,30943.96,+,positive,113,HO₂Sn⁺,HO2Sn,,152.899301,-25.5,41,mols[0]
PTFE,467,163.8963,1761.29,+,positive,527,CO₂Sn⁺,CO2Sn,,163.891476,-29.4,29,mols[0]
PTFE,470,164.8122,3305.56,+,positive,417,Mn₃⁺,Mn3,,164.813583,8.4,45,mols[0]
PTFE,485,170.8963,42065.86,-,negative,48,C₂F₄MnO⁻,C2F4MnO,,170.92712,180.3,80,mols[0]
PTFE,528,189.8945,1340.14,-,negative,351,CHF₃Sn⁻,CHF3Sn,,189.905778,59.4,40,mols[0]
PTFE,531,190.8607,82109.37,+,positive,52,CaH₃KNbO⁺,CaH3KNbO,,190.850516,-53.4,38,mols[0]
PTFE,537,192.857,8485.14,+,positive,262,ClKMnO₄⁺,ClKMnO4,,192.849714,-37.8,25,mols[0]
PTFE,546,196.9912,5710.29,+,positive,319,Au⁺,Au,,196.96602,-127.8,64,mols[0]
PTFE,550,198.9879,19782.9,+,positive,164,AuH₂⁺,AuH2,,198.98167,-31.3,37,mols[0]
PTFE,556,201.9896,3489.65,+,positive,408,Hg⁺,Hg,,201.970094,-96.6,60,mols[0]
PTFE,559,202.9853,34210.07,+,positive,110,²⁰³Tl⁺,Tl,,202.971795,8.0,85,iso_satellite
PTFE,563,204.9859,88432.99,+,positive,48,Tl⁺,Tl,,204.973878,-58.6,80,mols[0]
PTFE,570,207.9888,8793.96,+,positive,254,Pb⁺,Pb,,207.976103,-61.0,67,mols[0]
PTFE,571,208.9808,17718.45,+,positive,174,Bi⁺,Bi,,208.97985,-4.5,85,mols[0]
PTFE,602,222.9863,13309.46,+,positive,210,C₅H₁₁O₂Sn⁺,C5H11O2Sn,,222.977551,-39.2,52,mols[0]
PTFE,609,225.9846,3100.35,+,positive,425,F²⁰⁷Pb⁺,F207Pb,,225.973751,3.9,86,iso_satellite
PTFE,610,226.982,18092.86,+,positive,172,FPb⁺,FPb,,226.974506,-33.0,65,mols[0]
PTFE,620,230.9878,62817.91,+,positive,65,AuH₂O₂⁺,AuH2O2,,230.9715,-70.6,38,mols[0]
PTFE,627,232.9937,6032.65,+,positive,315,CH₃HgO⁺,CH3HgO,,232.988484,-22.4,42,mols[0]
PTFE,631,234.9901,6600.32,+,positive,294,C₆H₁₁O₂Sn⁺,C6H11O2Sn,,234.977551,-53.4,54,mols[0]
PTFE,640,238.9912,8317.48,+,positive,264,CH₂BiO⁺,CH2BiO,,238.990415,-3.3,54,mols[0]
PTFE,652,244.9943,3939.73,+,positive,382,C₂H₃HgO⁺,C2H3HgO,,244.988484,-23.7,45,mols[0]
PTFE,657,246.9777,14236.63,+,positive,202,C₇H₁₁O₂Sn⁺,C7H11O2Sn,,246.977551,-0.6,54,mols[0]
PTFE,675,254.9867,23694.04,+,positive,145,CH₂BiO₂⁺,CH2BiO2,,254.98533,-5.4,43,mols[0]
PTFE,679,256.99,5197.92,+,positive,332,C₂H₄AuO₂⁺,C2H4AuO2,,256.98715,-11.1,37,mols[0]
PTFE,682,257.9773,11451.81,+,positive,229,C₇H₁₀FInNO⁺,C7H10FInNO,,257.977971,2.6,35,mols[0]
PTFE,684,258.9862,5001.67,+,positive,341,C₃H₂OTl⁺,C3H2OTl,,258.984443,-6.8,44,mols[0]
PTFE,694,264.977,20953.68,+,positive,159,C₆H₁₀MnO₈⁺,C6H10MnO8,,264.975065,-7.3,33,mols[0]
PTFE,704,268.9966,6300.67,+,positive,302,C₂H₄BiO₂⁺,C2H4BiO2,,269.00098,16.3,52,mols[0]
PTFE,708,270.9795,6004.23,+,positive,316,CH₂BiO₃⁺,CH2BiO3,,270.980245,2.7,46,mols[0]
PTFE,711,272.9868,7185.84,+,positive,278,C₃H₃HgO₂⁺,C3H3HgO2,,272.983399,-12.5,45,mols[0]
PTFE,714,274.7105,2245.08,+,positive,484,Mn₅⁺,Mn5,,274.689671,-75.8,21,mols[0]
PTFE,724,278.9828,14174.67,+,positive,203,C₃H₃O₂Pb⁺,C3H3O2Pb,,278.989408,23.7,43,mols[0]
PTFE,732,282.7928,1296.14,+,positive,587,InO₃Sn⁺,InO3Sn,,282.790269,-9.0,33,mols[0]
PTFE,736,284.6639,1102.11,-,negative,379,Mn₃Sn⁻,Mn3Sn,,284.716876,186.1,20,mols[0]
PTFE,737,284.8049,920333.72,+,positive,8,C₂Mn₃O₆⁺,C2Mn3O6,,284.783073,-76.6,13,mols[0]
PTFE,742,286.9934,4162.72,+,positive,376,C₃H₆AuO₃⁺,C3H6AuO3,,286.997715,15.0,44,mols[0]
PTFE,745,288.9725,14358.41,+,positive,200,C₂H₄AuO₄⁺,C2H4AuO4,,288.97698,15.5,38,mols[0]
PTFE,747,290.7682,3837.89,+,positive,390,FO₂Sn₂⁺,FO2Sn2,,290.792074,82.1,20,mols[0]
PTFE,750,291.797,5056.15,+,positive,338,FHO₂Sn₂⁺,FHO2Sn2,,291.799899,9.9,23,mols[0]
PTFE,753,292.9945,10521.97,+,positive,237,C₃H₄O₃Tl⁺,C3H4O3Tl,,292.989923,-15.6,45,mols[0]
PTFE,762,296.9829,4940.57,+,positive,343,C₇H₁₃O₅Sn⁺,C7H13O5Sn,,296.977946,-16.7,38,mols[0]
PTFE,771,302.7447,2906.39,+,positive,435,C₂Nb₃⁺,C2Nb3,,302.718585,-86.3,19,mols[0]
PTFE,774,303.8009,1375.7,+,positive,574,AlNbO₈Si₂⁺,AlNbO8Si2,,303.800542,-1.2,25,mols[0]
PTFE,777,304.8045,2261.67,+,positive,482,CsFHO₂Sn⁺,CsFHO2Sn,,304.803156,-4.4,34,mols[0]
PTFE,783,306.9848,2810.82,+,positive,439,C₄H₃O₃Pb⁺,C4H3O3Pb,,306.984323,-1.6,48,mols[0]
PTFE,787,308.9763,4947.68,+,positive,342,C₃H₄O₄Tl⁺,C3H4O4Tl,,308.984838,27.6,41,mols[0]
PTFE,791,310.9862,3836.76,+,positive,391,C₈H₁₅O₅Sn⁺,C8H15O5Sn,,310.993596,23.8,35,mols[0]
PTFE,798,313.7331,1047.89,+,positive,619,AlH₃Mn₄O₄⁺,AlH3Mn4O4,,313.736301,10.2,23,mols[0]
PTFE,800,314.7083,2170.66,+,positive,489,C₃Nb₃⁺,C3Nb3,,314.718585,32.7,29,mols[0]
PTFE,802,314.9725,8636.6,+,positive,256,C₉H₁₇Cl₂Sn⁺,C9H17Cl2Sn,,314.972377,-0.4,47,mols[0]
PTFE,824,326.9709,9339.56,+,positive,249,C₃H₃O₅Pb⁺,C3H3O5Pb,,326.974153,9.9,40,mols[0]
PTFE,830,329.9661,5419.6,+,positive,323,C₂H₂O₆Pb⁺,C2H2O6Pb,,329.961243,-14.7,35,mols[0]
PTFE,844,336.6944,2270.02,+,positive,480,MnNb₂O₆⁺,MnNb2O6,,336.719741,75.3,14,mols[0]
PTFE,872,351.972,2698.7,+,positive,448,C₄H₃O₆Tl⁺,C4H3O6Tl,,351.966843,-14.7,39,mols[0]
PTFE,873,352.9734,7199.19,+,positive,276,C₄H₄O₆Tl⁺,C4H4O6Tl,,352.974668,3.6,43,mols[0]
PTFE,889,362.7247,3363.33,+,positive,415,CsIn₂⁺,CsIn2,,362.712659,-33.2,34,mols[0]
PTFE,895,364.9742,4602.04,+,positive,361,C₆HAuF₅⁺,C6HAuF5,,364.96586,-22.9,31,mols[0]
PTFE,924,382.969,2330.83,+,positive,479,C₃H₆AuO₉⁺,C3H6AuO9,,382.967205,-4.7,39,mols[0]
PTFE,927,384.7338,3269.96,+,positive,418,Cs₂MnO₄⁺,Cs2MnO4,,384.728059,-14.9,0,mols[0]
PTFE,936,390.9761,2748.95,+,positive,444,C₆H₅HgO₇⁺,C6H5HgO7,,390.973624,-6.3,38,mols[0]
PTFE,965,407.9575,943.08,-,negative,405,C₉H₉F₉Sn⁻,C9H9F9Sn,,407.958796,3.2,100,mols[0]
PTFE,971,410.9708,1578.39,+,positive,554,BiHg⁺,BiHg,,410.950493,-49.4,35,mols[0]
PTFE,979,416.9696,1628.3,+,positive,545,BiPb⁺,BiPb,,416.956502,-31.4,39,mols[0]
PTFE,1002,430.9695,2096.32,+,positive,494,BiH₄HgO⁺,BiH4HgO,,430.976708,16.7,32,mols[0]
PTFE,1006,432.9584,1921.91,+,positive,511,HOPb₂⁺,HOPb2,,432.955495,-6.7,38,mols[0]
PTFE,1007,433.9643,1611.21,+,positive,551,H₂OPb₂⁺,H2OPb2,,433.96332,-2.3,48,mols[0]
PTFE,1008,434.9729,1460.11,+,positive,565,HBi₂O⁺,HBi2O,,434.962989,-22.8,36,mols[0]
PTFE,1029,445.9587,1593.28,+,positive,552,CH₂OPb₂⁺,CH2OPb2,,445.96332,10.4,46,mols[0]
PTFE,1033,449.9537,1350.92,+,positive,576,H₂O₂Pb₂⁺,H2O2Pb2,,449.958235,10.1,31,mols[0]
PTFE,1037,452.6644,1435.09,+,positive,568,NbSn₃⁺,NbSn3,,452.612414,-114.8,17,mols[0]
PTFE,1062,466.9547,1644.18,+,positive,541,HBi₂O₃⁺,HBi2O3,,466.952819,-4.0,41,mols[0]
PTFE,1076,478.972,1056.93,+,positive,616,AlAuCaH₇Pb⁺,AlAuCaH7Pb,,478.941577,-63.5,25,mols[0]
PTFE,1079,480.9554,1754.42,+,positive,529,HO₄Pb₂⁺,HO4Pb2,,480.94024,-31.5,36,mols[0]
PTFE,1080,481.0078,3680.75,-,negative,194,C₁₀H₆BiF₆O₂⁻,C10H6BiF6O2,,481.008146,0.7,100,mols[0]
PTFE,1082,482.9639,1020.58,+,positive,623,HBi₂O₄⁺,HBi2O4,,482.947734,-33.5,34,mols[0]
PTFE,1086,486.6646,913.71,+,positive,642,Nb₃Pb⁺,Nb3Pb,,486.695237,63.0,25,mols[0]
PTFE,1087,486.9439,962.09,-,negative,400,C₁₀H₄F₁₂MnO₅⁻,C10H4F12MnO5,,486.925304,-38.2,100,mols[0]
PTFE,1095,492.9484,1055.61,+,positive,617,C₆HN₆O₈Pb⁺,C6HN6O8Pb,,492.961692,27.0,24,mols[0]
PTFE,1101,496.6521,1096.75,+,positive,612,Cl₅HgSn⁺,Cl5HgSn,,496.716554,129.8,15,mols[0]
PTFE,1102,496.9363,888.48,+,positive,650,HO₅Pb₂⁺,HO5Pb2,,496.935155,-2.3,41,mols[0]
PTFE,1104,498.9439,1191.79,+,positive,598,HBi₂O₅⁺,HBi2O5,,498.942649,-2.5,43,mols[0]
PTFE,1106,499.9544,851.4,+,positive,655,H₂Bi₂O₅⁺,H2Bi2O5,,499.950474,-7.9,34,mols[0]
PTFE,1121,511.9448,893.43,+,positive,649,C₃H₂O₄Tl₂⁺,C3H2O4Tl2,,511.943615,-2.3,31,mols[0]
PTFE,1124,514.6316,2419.95,+,positive,470,C₈H₅Cl₈NSn⁺,C8H5Cl8NSn,,514.694669,122.6,6,mols[0]
PTFE,1132,520.6747,2731.93,+,positive,447,C₃Cl₈Tl⁺,C3Cl8Tl,,520.724702,96.0,22,mols[0]
PTFE,1133,522.9486,899.49,+,positive,645,C₁₀H₈F₁₂MnO₇⁺,C10H8F12MnO7,,522.945336,-6.2,34,mols[0]
PTFE,1146,538.9571,1149.12,-,negative,374,C₁₂F₁₀Tl⁻,C12F10Tl,,538.959006,3.5,100,mols[0]
PTFE,1156,556.938,774.35,+,positive,664,C₆H₅AuF₉O₇⁺,C6H5AuF9O7,,556.955177,30.8,31,mols[0]
PTFE,1174,618.9267,338.09,+,positive,685,CHHg₃⁺,CHHg3,,618.919205,-12.1,38,mols[0]
PVDF,540,138.8938,6677.45,-,negative,188,La⁻,La,,138.906902,94.3,64,mols[0]
PVDF,651,174.8767,5996.33,+,positive,364,ClHLa⁺,ClHLa,,174.882482,33.1,15,mols[0]
PVDF,652,174.9133,2804.72,-,negative,301,FHLaO⁻,FHLaO,,174.908045,-30.0,56,mols[0]
PVDF,711,196.8506,923.83,-,negative,402,FKLa⁻,FKLa,,196.869011,93.5,19,mols[0]
PVDF,846,256.9574,3094.78,+,positive,427,C₇H₆LaN₂⁺,C7H6LaN2,,256.958902,5.8,32,mols[0]
PVDF,979,384.9787,1011.03,+,positive,498,C₆H₁₄LaO₁₀⁺,C6H14LaO10,,384.964504,-36.9,28,mols[0]
