material,network_screen_rank,network_screen_score,support_class,interpretation_cn,peak_index,rank,mz,intensity,relative_intensity,polarity,rf_formula_raw,normalized_formula,rf_score,rf_ppm,same_material_mode_match,same_material_formula_match,generation_types,network_formula_modes,specificity_compound_count,all_network_compounds,formula_all_network_compounds
ETFE,1,103.903,strict_specific,同材料同极性命中，且跨材料较少，优先作为材料相关峰。,227,19,78.998,318726.22,0.005067396718564864,-,C₂HF₂O⁻,C2HF2O,100,26.5,True,True,adduct,negative,1,ETFE,ETFE
ETFE,2,102.308,strict_specific,同材料同极性命中，且跨材料较少，优先作为材料相关峰。,143,15,59.03,412378.11,0.006556358875720926,+,C₃H₄F⁺,C3H4F,87,-14.3,True,True,adduct,negative; neutral; positive,1,ETFE,ETFE
ETFE,3,101.371,strict_specific,同材料同极性命中，且跨材料较少，优先作为材料相关峰。,153,56,61.9963,56078.27,0.0008915828806955212,-,C₂F₂⁻,C2F2,100,17.0,True,True,adduct,negative; neutral,1,ETFE,ETFE; PTFE; PVDF
ETFE,4,100.406,strict_specific,同材料同极性命中，且跨材料较少，优先作为材料相关峰。,281,26,92.9956,198809.73,0.0031608562779076245,-,C₃F₃⁻,C3F3,100,1.7,True,True,adduct,negative; neutral,2,ETFE; PVDF,ETFE; PVDF
ETFE,5,100.348,strict_specific,同材料同极性命中，且跨材料较少，优先作为材料相关峰。,301,27,97.9973,191757.8,0.0030487383387510997,-,C₂HF₃O⁻,C2HF3O,100,12.2,True,True,adduct,negative,2,ETFE; PTFE,ETFE; PTFE
ETFE,6,99.513,strict_specific,同材料同极性命中，且跨材料较少，优先作为材料相关峰。,349,36,109.9986,102070.47,0.0016228083297959404,-,C₃HF₃O⁻,C3HF3O,100,-0.9,True,True,adduct,negative,2,ETFE; PVDF,ETFE; PVDF
ETFE,7,99.008,strict_specific,同材料同极性命中，且跨材料较少，优先作为材料相关峰。,234,46,80.9953,75464.52,0.0011998029563305855,-,C₂F₃⁻,C2F3,100,5.7,True,True,adduct,negative; neutral,2,ETFE; PTFE,ETFE; FEP; PFA; PTFE; PVDF
ETFE,8,98.946,strict_specific,同材料同极性命中，且跨材料较少，优先作为材料相关峰。,413,48,128.9942,73828.37,0.001173789968942601,-,C₃HF₄O⁻,C3HF4O,100,20.9,True,True,adduct,negative,2,ETFE; PVDF,ETFE; PVDF
ETFE,9,98.19,strict_specific,同材料同极性命中，且跨材料较少，优先作为材料相关峰。,353,60,111.0042,43554.76,0.0006924728310770298,-,C₃H₂F₃O⁻,C3H2F3O,100,19.1,True,True,adduct,negative,2,ETFE; PVDF,ETFE; PVDF
ETFE,10,97.508,strict_specific,同材料同极性命中，且跨材料较少，优先作为材料相关峰。,306,74,99.0044,28110.44,0.00044692511150608977,-,C₂H₂F₃O⁻,C2H2F3O,100,19.4,True,True,adduct,negative,2,ETFE; PTFE,ETFE; PTFE
FEP,1,100.763,strict_specific,同材料同极性命中，且跨材料较少，优先作为材料相关峰。,151,2,69.0002,3051644.88,0.04033458251678444,-,CF₃⁻,CF3,100,-64.4,True,True,adduct,negative; neutral,3,FEP; PFA; PTFE,ETFE; FEP; PFA; PTFE
FEP,2,95.163,strict_specific,同材料同极性命中，且跨材料较少，优先作为材料相关峰。,509,50,204.9806,35076.24,0.000463614067918196,-,C₃HClF₇⁻,C3HClF7,100,-71.0,True,True,adduct,negative,3,FEP; PFA; PTFE,FEP; PFA; PTFE
FEP,3,95.074,strict_specific,同材料同极性命中，且跨材料较少，优先作为材料相关峰。,200,53,84.9957,33931.82,0.0004484878967092255,-,CF₃O⁻,CF3O,100,-59.1,True,True,adduct,negative,3,FEP; PFA; PTFE,FEP; PFA; PTFE
FEP,4,94.209,strict_specific,同材料同极性命中，且跨材料较少，优先作为材料相关峰。,427,72,170.0001,18997.19,0.0002510920365157404,-,C₃HF₇⁻,C3HF7,100,-17.1,True,True,adduct,negative; neutral; positive,3,FEP; PFA; PTFE,FEP; PFA; PTFE
FEP,5,92.736,strict_specific,同材料同极性命中，且跨材料较少，优先作为材料相关峰。,153,55,70.002,32165.31,0.00042513935971899585,-,¹³CF₃⁻,CF3,85,22.2,True,True,adduct,negative; neutral,3,FEP; PFA; PTFE,ETFE; FEP; PFA; PTFE
FEP,6,91.754,strict_specific,同材料同极性命中，且跨材料较少，优先作为材料相关峰。,252,63,99.9946,25033.73,0.0003308789482699908,-,C₂F₄⁻,C2F4,100,-4.4,True,True,adduct,negative; neutral,4,ETFE; FEP; PFA; PTFE,ETFE; FEP; PFA; PTFE; PVDF
FEP,7,90.348,strict_common,同材料同极性命中，但跨材料较常见，作为辅助证据。,86,39,50.0016,72104.48,0.0009530283544623428,-,CF₂⁻,CF2,100,-84.9,True,True,adduct,negative; neutral,5,ETFE; FEP; PFA; PTFE; PVDF,ETFE; FEP; PFA; PTFE; PVDF
FEP,8,89.594,strict_specific,同材料同极性命中，且跨材料较少，优先作为材料相关峰。,419,243,165.9903,1269.44,1.677860119494207e-05,-,C₃F₆O⁻,C3F6O,100,-26.6,True,True,adduct,negative,3,FEP; PFA; PTFE,FEP; PFA; PTFE
FEP,9,88.68,strict_common,同材料同极性命中，但跨材料较常见，作为辅助证据。,143,10,67.0019,411516.0,0.0054391407623344,-,CHF₂O⁻,CHF2O,73,-26.9,True,True,adduct,negative,5,ETFE; FEP; PFA; PTFE; PVDF,ETFE; FEP; PFA; PTFE; PVDF
FEP,10,87.571,strict_common,同材料同极性命中，但跨材料较常见，作为辅助证据。,89,42,51.0028,149008.08,0.0019694882382342003,+,CHF₂⁺,CHF2,77,25.1,True,True,adduct,negative; neutral; positive,5,ETFE; FEP; PFA; PTFE; PVDF,ETFE; FEP; PFA; PTFE; PVDF
Nomex,1,106.673,strict_specific,同材料同极性命中，且跨材料较少，优先作为材料相关峰。,94,3,42.0002,2303986.71,0.049229135746948025,-,CNO⁻,CNO,100,-39.6,True,True,adduct,negative; neutral,1,Nomex,Nomex
Nomex,2,99.851,strict_specific,同材料同极性命中，且跨材料较少，优先作为材料相关峰。,301,37,90.0269,92333.64,0.001972886943245358,-,C₆H₄N⁻,C6H4N,82,89.1,True,True,adduct,negative; neutral; positive,1,Nomex,Nomex
Nomex,3,95.823,strict_specific,同材料同极性命中，且跨材料较少，优先作为材料相关峰。,309,42,92.05,89820.66,0.0019191922613218827,+,C₆H₆N⁺,C6H6N,56,-5.7,True,True,adduct,negative; neutral; positive,1,Nomex,Nomex
Nomex,4,95.212,strict_specific,同材料同极性命中，且跨材料较少，优先作为材料相关峰。,308,132,92.0422,15788.54,0.00033735271802245716,-,C₆H₆N⁻,C6H6N,75,91.0,True,True,adduct,negative; neutral; positive,1,Nomex,Nomex
Nomex,5,94.573,strict_specific,同材料同极性命中，且跨材料较少，优先作为材料相关峰。,302,50,90.0386,74622.6,0.0015944562914558668,+,C₆H₄N⁺,C6H4N,50,-53.0,True,True,adduct,negative; neutral; positive,1,Nomex,Nomex
Nomex,6,94.483,strict_specific,同材料同极性命中，且跨材料较少，优先作为材料相关峰。,104,209,44.012,7776.33,0.00016615634262190008,-,CH₂NO⁻,CH2NO,84,49.7,True,True,adduct,negative; neutral; positive,1,Nomex,Nomex
Nomex,7,94.139,strict_specific,同材料同极性命中，且跨材料较少，优先作为材料相关峰。,313,58,93.0575,66096.5,0.0014122796614995015,+,C₆H₇N⁺,C6H7N,49,-2.1,True,True,adduct,neutral; positive,1,Nomex,Nomex
Nomex,8,93.762,strict_specific,同材料同极性命中，且跨材料较少，优先作为材料相关峰。,162,188,57.9988,8474.24,0.00018106854067409823,-,CNO₂⁻,CNO2,76,-92.2,True,True,adduct,negative,1,Nomex,Nomex
Nomex,9,93.328,strict_specific,同材料同极性命中，且跨材料较少，优先作为材料相关峰。,105,108,44.0146,32077.73,0.0006854027923728548,+,CH₂NO⁺,CH2NO,55,-34.3,True,True,adduct,negative; neutral; positive,1,Nomex,Nomex
Nomex,10,92.432,strict_specific,同材料同极性命中，且跨材料较少，优先作为材料相关峰。,315,129,94.0612,26574.79,0.0005678218275645509,+,C₆H₈N⁺,C6H8N,53,41.7,True,True,adduct,neutral; positive,1,Nomex,Nomex
PEEK,1,90.305,strict_specific,同材料同极性命中，且跨材料较少，优先作为材料相关峰。,947,156,289.0847,19676.28,0.0004403453483099136,+,C₁₉H₁₃O₃⁺,C19H13O3,63,4.2,True,True,adduct,negative; neutral; positive,2,PEEK; PEEK20%GFR,PEEK; PEEK20%GFR
PEEK,2,89.5,strict_specific,同材料同极性命中，且跨材料较少，优先作为材料相关峰。,946,172,289.0831,10990.57,0.00024596348368566046,-,C₁₉H₁₃O₃⁻,C19H13O3,63,13.6,True,True,adduct,negative; neutral; positive,2,PEEK; PEEK20%GFR,PEEK; PEEK20%GFR
PEEK,3,88.824,strict_specific,同材料同极性命中，且跨材料较少，优先作为材料相关峰。,985,218,305.0777,6668.65,0.00014924106624864585,-,C₁₉H₁₃O₄⁻,C19H13O4,67,13.9,True,True,adduct,negative; neutral; positive,2,PEEK; PEEK20%GFR,PEEK; PEEK20%GFR
PEEK,4,87.724,strict_common,同材料同极性命中，但跨材料较常见，作为辅助证据。,454,22,121.0311,165400.54,0.0037015817215930963,+,C₇H₅O₂⁺,C7H5O2,90,-22.3,True,True,adduct,negative; neutral; positive,6,EVA; PEEK; PEEK20%GFR; PET; POMC; POMH,EVA; Nomex; PEEK; PEEK20%GFR; PEI; PET; POMC; POMH
PEEK,5,86.896,strict_specific,同材料同极性命中，且跨材料较少，优先作为材料相关峰。,986,416,305.0827,3461.65,7.74700032209855e-05,+,C₁₉H₁₃O₄⁺,C19H13O4,83,-6.1,True,True,adduct,negative; neutral; positive,2,PEEK; PEEK20%GFR,PEEK; PEEK20%GFR
PEEK,6,85.56,strict_common,同材料同极性命中，但跨材料较常见，作为辅助证据。,391,34,105.034,96279.1,0.00215467831442046,+,C₇H₅O⁺,C7H5O,100,-4.8,True,True,adduct,negative; neutral; positive,7,EVA; Nomex; PEEK; PEEK20%GFR; PET; POMC; POMH,EVA; Nomex; PEEK; PEEK20%GFR; PEI; PET; POMC; POMH
PEEK,7,85.432,strict_specific,同材料同极性命中，且跨材料较少，优先作为材料相关峰。,1016,461,317.0781,2675.93,5.988598088169853e-05,+,C₂₀H₁₃O₄⁺,C20H13O4,80,8.6,True,True,adduct,negative; neutral; positive,2,PEEK; PEEK20%GFR,PEEK; PEEK20%GFR
PEEK,8,85.288,strict_common,同材料同极性命中，但跨材料较常见，作为辅助证据。,239,5,73.0081,634456.48,0.014198820085558944,-,C₆H⁻,C6H,100,3.8,True,True,adduct,negative; neutral,12,COC; EVA; Nomex; PEEK; PEEK20%GFR; PEI; PET; PI; POMC; POMH; PPS; PPS40%GFR,COC; EVA; Nomex; PEEK; PEEK20%GFR; PEI; PET; PI; POMC; POMH; PPS; PPS40%GFR
PEEK,9,85.235,strict_common,同材料同极性命中，但跨材料较常见，作为辅助证据。,52,127,29.0015,25336.23,0.0005670122108554098,+,CHO⁺,CHO,100,23.8,True,True,adduct,negative; neutral; positive,6,EVA; Nomex; PEEK; PEEK20%GFR; PEN; PET,EVA; Nomex; PEEK; PEEK20%GFR; PEN; PET; POMC; POMH
PEEK,10,85.198,strict_common,同材料同极性命中，但跨材料较常见，作为辅助证据。,388,32,104.0272,100843.65,0.0022568306704363337,+,C₇H₄O⁺,C7H4O,97,-14.7,True,True,adduct,negative; neutral; positive,7,EVA; Nomex; PEEK; PEEK20%GFR; PET; POMC; POMH,EVA; Nomex; PEEK; PEEK20%GFR; PEI; PET; POMC; POMH
PEI,1,98.168,strict_specific,同材料同极性命中，且跨材料较少，优先作为材料相关峰。,543,43,139.0502,91307.32,0.001855798717123385,+,C₉H₈Na⁺,C9H8Na,72,11.7,True,True,adduct,positive,1,PEI,PEI
PEI,2,91.897,strict_common,同材料同极性命中，但跨材料较常见，作为辅助证据。,98,1,41.0396,1484180.8,0.030165608021560146,+,C₃H₅⁺,C3H5,100,-25.0,True,True,adduct,negative; neutral; positive,6,COC; EVA; PEI; PET; POMC; POMH,COC; ETFE; EVA; PEI; PET; POMC; POMH
PEI,3,91.147,strict_common,同材料同极性命中，但跨材料较常见，作为辅助证据。,110,3,43.0554,769823.1,0.015646464285579153,+,C₃H₇⁺,C3H7,100,-27.3,True,True,adduct,negative; neutral; positive,6,COC; EVA; PEI; PET; POMC; POMH,COC; EVA; PEI; PET; POMC; POMH
PEI,4,89.378,strict_common,同材料同极性命中，但跨材料较常见，作为辅助证据。,516,72,133.0688,34048.67,0.0006920308043841116,-,C₉H₉O⁻,C9H9O,100,-21.9,True,True,adduct,negative; neutral; positive,5,EVA; PEI; PET; POMC; POMH,EVA; PEI; PET; POMC; POMH
PEI,5,89.058,strict_common,同材料同极性命中，但跨材料较常见，作为辅助证据。,105,26,42.044,167781.88,0.0034101252523954235,+,C₃H₆⁺,C3H6,100,57.1,True,True,adduct,negative; neutral; positive,6,COC; EVA; PEI; PET; POMC; POMH,COC; ETFE; EVA; PEI; PET; POMC; POMH
PEI,6,87.814,strict_common,同材料同极性命中，但跨材料较常见，作为辅助证据。,172,119,57.0359,17005.68,0.00034563624392667315,-,C₃H₅O⁻,C3H5O,100,-23.0,True,True,adduct,negative,5,EVA; PEI; PET; POMC; POMH,EVA; PEI; PEN; PET; POMC; POMH
PEI,7,87.382,strict_common,同材料同极性命中，但跨材料较常见，作为辅助证据。,86,53,39.0235,55760.1,0.001133310254278317,-,C₃H₃⁻,C3H3,100,13.4,True,True,adduct,negative; neutral,6,COC; EVA; PEI; PET; POMC; POMH,COC; ETFE; EVA; PEI; PET; POMC; POMH
PEI,8,86.661,strict_common,同材料同极性命中，但跨材料较常见，作为辅助证据。,456,52,117.0609,75733.19,0.001539258373213249,+,C₉H₉⁺,C9H9,93,76.7,True,True,adduct,negative; neutral; positive,6,COC; EVA; PEI; PET; POMC; POMH,COC; EVA; PEI; PET; POMC; POMH
PEI,9,84.956,strict_common,同材料同极性命中，但跨材料较常见，作为辅助证据。,526,244,135.0842,10846.29,0.00022044816415100343,+,C₉H₁₁O⁺,C9H11O,100,-27.8,True,True,adduct,negative; neutral; positive,5,EVA; PEI; PET; POMC; POMH,EVA; PEI; PET; POMC; POMH
PEI,10,84.823,strict_common,同材料同极性命中，但跨材料较常见，作为辅助证据。,461,136,119.0892,21596.94,0.000438952468934481,+,C₉H₁₁⁺,C9H11,100,-30.9,True,True,adduct,negative; neutral; positive,6,COC; EVA; PEI; PET; POMC; POMH,COC; EVA; PEI; PET; POMC; POMH
PEN,1,98.939,strict_specific,同材料同极性命中，且跨材料较少，优先作为材料相关峰。,759,94,243.0674,41133.13,0.0010163304788603582,+,C₁₄H₁₁O₄⁺,C14H11O4,88,-9.1,True,True,adduct,negative; neutral; positive,1,PEN,PEN
PEN,2,98.742,strict_specific,同材料同极性命中，且跨材料较少，优先作为材料相关峰。,34,2,25.009,3531023.56,0.08724565491617114,-,C₂H⁻,C2H,100,-25.0,True,True,adduct,negative; neutral,4,EVA; PEN; PET; PVDF,COC; ETFE; EVA; PEI; PEN; PET; PVDF
PEN,3,98.612,strict_specific,同材料同极性命中，且跨材料较少，优先作为材料相关峰。,82,16,41.0038,288094.26,0.007118324747538555,-,C₂HO⁻,C2HO,100,-12.5,True,True,adduct,negative; neutral,3,EVA; PEN; PET,EVA; PEN; PET; POMC; POMH
PEN,4,96.98,strict_specific,同材料同极性命中，且跨材料较少，优先作为材料相关峰。,92,37,43.0182,91604.73,0.0022633988492189584,+,C₂H₃O⁺,C2H3O,100,-8.3,True,True,adduct,negative; neutral; positive,3,EVA; PEN; PET,COC; ETFE; EVA; PEN; PET; POMC; POMH; PVDF
PEN,5,96.059,strict_specific,同材料同极性命中，且跨材料较少，优先作为材料相关峰。,39,9,27.0227,335855.79,0.008298431845053461,+,C₂H₃⁺,C2H3,100,8.4,True,True,adduct,negative; neutral; positive,4,EVA; PEN; PET; PVDF,COC; ETFE; EVA; PEI; PEN; PET; POMC; POMH; PVDF
PEN,6,93.44,strict_specific,同材料同极性命中，且跨材料较少，优先作为材料相关峰。,760,291,244.0702,6693.36,0.00016538167102733895,+,¹³CC₁₃H₁₁O₄⁺,C14H11O4,88,2.0,True,True,adduct,negative; neutral; positive,1,PEN,PEN
PEN,7,93.313,strict_specific,同材料同极性命中，且跨材料较少，优先作为材料相关峰。,818,173,289.0774,15742.69,0.0003889753993010056,+,C₁₅H₁₃O₆⁺,C15H13O6,67,-23.3,True,True,adduct,negative; neutral; positive,1,PEN,PEN
PEN,8,92.826,strict_common,同材料同极性命中，但跨材料较常见，作为辅助证据。,545,13,155.0485,254748.4,0.00629440461644689,+,C₁₁H₇O⁺,C11H7O,100,4.1,True,True,adduct,negative; neutral; positive,5,EVA; PEN; PET; POMC; POMH,EVA; PEEK; PEEK20%GFR; PEN; PET; PI; POMC; POMH
PEN,9,91.815,strict_specific,同材料同极性命中，且跨材料较少，优先作为材料相关峰。,57,77,31.0195,19812.7,0.0004895385028690163,-,CH₃O⁻,CH3O,100,-18.1,True,True,adduct,negative; neutral; positive,4,PEN; PET; POMC; POMH,EVA; Nomex; PEEK; PEEK20%GFR; PEN; PET; POMC; POMH
PEN,10,91.811,strict_specific,同材料同极性命中，且跨材料较少，优先作为材料相关峰。,36,37,26.0117,86340.5,0.0021333285774761796,-,¹³CCH⁻,C2H,85,20.3,True,True,adduct,negative; neutral,4,EVA; PEN; PET; PVDF,COC; ETFE; EVA; PEI; PEN; PET; PVDF
PFA,1,100.343,strict_specific,同材料同极性命中，且跨材料较少，优先作为材料相关峰。,181,5,68.9957,2575085.69,0.028926418276622987,-,CF₃⁻,CF3,100,0.8,True,True,adduct,negative; neutral,3,FEP; PFA; PTFE,ETFE; FEP; PFA; PTFE
PFA,2,96.593,strict_specific,同材料同极性命中，且跨材料较少，优先作为材料相关峰。,246,26,84.9904,111410.48,0.0012514947201152516,-,CF₃O⁻,CF3O,100,3.2,True,True,adduct,negative,3,FEP; PFA; PTFE,FEP; PFA; PTFE
PFA,3,95.845,strict_specific,同材料同极性命中，且跨材料较少，优先作为材料相关峰。,698,98,254.9856,7474.99,8.396795811232754e-05,-,C₄HF₁₀O⁻,C4HF10O,100,6.7,True,True,adduct,negative,2,FEP; PFA,FEP; PFA
PFA,4,95.749,strict_specific,同材料同极性命中，且跨材料较少，优先作为材料相关峰。,252,40,85.9956,62686.51,0.0007041692692415644,-,CHF₃O⁻,CHF3O,100,33.7,True,True,adduct,negative,3,FEP; PFA; PTFE,FEP; PFA; PTFE
PFA,5,94.611,strict_specific,同材料同极性命中，且跨材料较少，优先作为材料相关峰。,629,60,219.002,27356.74,0.0003073033674171919,-,C₄H₃F₈O⁻,C4H3F8O,100,19.0,True,True,adduct,negative,3,FEP; PFA; PTFE,FEP; PFA; PTFE
PFA,6,93.026,strict_specific,同材料同极性命中，且跨材料较少，优先作为材料相关峰。,367,39,116.9926,70625.48,0.0007933492013103732,-,C₂HF₄O⁻,C2HF4O,100,36.8,True,True,adduct,negative,4,ETFE; FEP; PFA; PTFE,ETFE; FEP; PFA; PTFE
PFA,7,92.667,strict_specific,同材料同极性命中，且跨材料较少，优先作为材料相关峰。,511,108,165.9863,5758.38,6.4684957523002e-05,-,C₃F₆O⁻,C3F6O,100,-2.5,True,True,adduct,negative,3,FEP; PFA; PTFE,FEP; PFA; PTFE
PFA,8,92.398,strict_specific,同材料同极性命中，且跨材料较少，优先作为材料相关峰。,184,59,69.9979,27940.05,0.0003138557975403763,-,¹³CF₃⁻,CF3,85,17.4,True,True,adduct,negative; neutral,3,FEP; PFA; PTFE,ETFE; FEP; PFA; PTFE
PFA,9,92.184,strict_common,同材料同极性命中，但跨材料较常见，作为辅助证据。,171,13,66.9978,306167.09,0.003439232077700869,-,CHF₂O⁻,CHF2O,100,34.3,True,True,adduct,negative,5,ETFE; FEP; PFA; PTFE; PVDF,ETFE; FEP; PFA; PTFE; PVDF
PFA,10,91.715,strict_specific,同材料同极性命中，且跨材料较少，优先作为材料相关峰。,308,61,99.9923,26738.27,0.0003003559784502861,-,C₂F₄⁻,C2F4,100,18.6,True,True,adduct,negative; neutral,4,ETFE; FEP; PFA; PTFE,ETFE; FEP; PFA; PTFE; PVDF
PI,1,84.818,strict_common,同材料同极性命中，但跨材料较常见，作为辅助证据。,229,9,73.0079,574637.57,0.009885948182120699,-,C₆H⁻,C6H,100,6.5,True,True,adduct,negative; neutral,12,COC; EVA; Nomex; PEEK; PEEK20%GFR; PEI; PET; PI; POMC; POMH; PPS; PPS40%GFR,COC; EVA; Nomex; PEEK; PEEK20%GFR; PEI; PET; PI; POMC; POMH; PPS; PPS40%GFR
PI,2,82.978,strict_common,同材料同极性命中，但跨材料较常见，作为辅助证据。,305,26,89.0074,139896.36,0.002406748597776687,-,C₆HO⁻,C6HO,100,-46.2,True,True,adduct,negative; neutral,8,EVA; PEEK; PEEK20%GFR; PEI; PET; PI; POMC; POMH,EVA; Nomex; PEEK; PEEK20%GFR; PEI; PET; PI; POMC; POMH
PI,3,82.935,strict_common,同材料同极性命中，但跨材料较常见，作为辅助证据。,248,21,77.0379,121922.54,0.002097530644702779,+,C₆H₅⁺,C6H5,100,8.8,True,True,adduct,negative; neutral; positive,13,COC; EVA; Nomex; PEEK; PEEK20%GFR; PEI; PET; PI; POMC; POMH; PPS; PPS40%GFR,COC; EVA; Nomex; PEEK; PEEK20%GFR; PEI; PET; PI; POMC; POMH; PPS; PPS40%GFR
PI,4,82.279,strict_common,同材料同极性命中，但跨材料较常见，作为辅助证据。,238,32,75.0226,79709.37,0.0013713038314732643,+,C₆H₃⁺,C6H3,100,4.3,True,True,adduct,negative; neutral; positive,12,COC; EVA; Nomex; PEEK; PEEK20%GFR; PEI; PET; PI; POMC; POMH; PPS; PPS40%GFR,COC; EVA; Nomex; PEEK; PEEK20%GFR; PEI; PET; PI; POMC; POMH; PPS; PPS40%GFR
PI,5,81.899,strict_common,同材料同极性命中，但跨材料较常见，作为辅助证据。,260,41,79.0536,65321.98,0.0011237860925687902,+,C₆H₇⁺,C6H7,100,7.9,True,True,adduct,positive,13,COC; EVA; Nomex; PEEK; PEEK20%GFR; PEI; PET; PI; POMC; POMH; PPS; PPS40%GFR,COC; EVA; Nomex; PEEK; PEEK20%GFR; PEI; PET; PI; POMC; POMH; PPS; PPS40%GFR
PI,6,81.759,strict_common,同材料同极性命中，但跨材料较常见，作为辅助证据。,239,49,75.0237,66601.32,0.0011457955983992468,-,C₆H₃⁻,C6H3,100,4.3,True,True,adduct,negative; neutral; positive,13,COC; EVA; Nomex; PEEK; PEEK20%GFR; PEI; PET; PI; POMC; POMH; PPS; PPS40%GFR,COC; EVA; Nomex; PEEK; PEEK20%GFR; PEI; PET; PI; POMC; POMH; PPS; PPS40%GFR
PI,7,80.333,strict_common,同材料同极性命中，但跨材料较常见，作为辅助证据。,244,56,76.0285,44967.73,0.0007736157046738077,+,C₆H₄⁺,C6H4,94,29.6,True,True,adduct,negative; neutral; positive,13,COC; EVA; Nomex; PEEK; PEEK20%GFR; PEI; PET; PI; POMC; POMH; PPS; PPS40%GFR,COC; EVA; Nomex; PEEK; PEEK20%GFR; PEI; PET; PI; POMC; POMH; PPS; PPS40%GFR
PI,8,80.024,strict_common,同材料同极性命中，但跨材料较常见，作为辅助证据。,253,63,78.0432,37616.06,0.0006471390653687039,+,C₆H₆⁺,C6H6,94,41.0,True,True,adduct,neutral; positive,13,COC; EVA; Nomex; PEEK; PEEK20%GFR; PEI; PET; PI; POMC; POMH; PPS; PPS40%GFR,COC; EVA; Nomex; PEEK; PEEK20%GFR; PEI; PET; PI; POMC; POMH; PPS; PPS40%GFR
PI,9,79.959,strict_common,同材料同极性命中，但跨材料较常见，作为辅助证据。,314,94,91.0205,25808.82,0.0004440097036496941,-,C₆H₃O⁻,C6H3O,100,-17.1,True,True,adduct,negative; neutral; positive,12,EVA; Nomex; PEEK; PEEK20%GFR; PEI; PET; PI; POMC; POMH; PPS; PPS40%GFR; STD001,EVA; Nomex; PEEK; PEEK20%GFR; PEI; PET; PI; POMC; POMH; PPS; PPS40%GFR; STD001
PI,10,76.513,strict_common,同材料同极性命中，但跨材料较常见，作为辅助证据。,323,216,93.0343,6710.11,0.00011543937121328479,-,C₆H₅O⁻,C6H5O,100,3.1,True,True,adduct,negative; neutral; positive,12,EVA; Nomex; PEEK; PEEK20%GFR; PEI; PET; PI; POMC; POMH; PPS; PPS40%GFR; STD001,EVA; Nomex; PEEK; PEEK20%GFR; PEI; PET; PI; POMC; POMH; PPS; PPS40%GFR; STD001
PPS,1,100.962,strict_specific,同材料同极性命中，且跨材料较少，优先作为材料相关峰。,524,16,140.979,246580.22,0.006747086255559736,-,C₆H₅S₂⁻,C6H5S2,97,34.2,True,True,adduct,negative; neutral; positive,2,PPS; PPS40%GFR,PPS; PPS40%GFR
PPS,2,96.965,strict_specific,同材料同极性命中，且跨材料较少，优先作为材料相关峰。,516,61,138.9658,53826.79,0.0014728431785400314,-,C₆H₃S₂⁻,C6H3S2,87,17.0,True,True,adduct,negative; neutral,2,PPS; PPS40%GFR,PPS; PPS40%GFR
PPS,3,95.117,strict_specific,同材料同极性命中，且跨材料较少，优先作为材料相关峰。,533,156,142.9945,13749.8,0.0003762308533778389,-,C₆H₇S₂⁻,C6H7S2,96,34.7,True,True,adduct,negative; neutral; positive,2,PPS; PPS40%GFR,PPS; PPS40%GFR
PPS,4,85.446,strict_common,同材料同极性命中，但跨材料较常见，作为辅助证据。,229,9,73.0079,646687.05,0.01769506616022758,-,C₆H⁻,C6H,100,6.5,True,True,adduct,negative; neutral,12,COC; EVA; Nomex; PEEK; PEEK20%GFR; PEI; PET; PI; POMC; POMH; PPS; PPS40%GFR,COC; EVA; Nomex; PEEK; PEEK20%GFR; PEI; PET; PI; POMC; POMH; PPS; PPS40%GFR
PPS,5,84.96,strict_specific,同材料同极性命中，且跨材料较少，优先作为材料相关峰。,462,342,125.0013,2173.15,5.946312521040674e-05,-,C₆H₅OS⁻,C6H5OS,61,42.9,True,True,adduct,negative,2,PPS; PPS40%GFR,PPS; PPS40%GFR
PPS,6,82.776,strict_common,同材料同极性命中，但跨材料较常见，作为辅助证据。,248,16,77.0373,59613.8,0.00163119106074967,+,C₆H₅⁺,C6H5,100,16.6,True,True,adduct,negative; neutral; positive,13,COC; EVA; Nomex; PEEK; PEEK20%GFR; PEI; PET; PI; POMC; POMH; PPS; PPS40%GFR,COC; EVA; Nomex; PEEK; PEEK20%GFR; PEI; PET; PI; POMC; POMH; PPS; PPS40%GFR
PPS,7,82.295,strict_common,同材料同极性命中，但跨材料较常见，作为辅助证据。,238,21,75.0216,40893.77,0.0011189615838002782,+,C₆H₃⁺,C6H3,100,17.7,True,True,adduct,negative; neutral; positive,12,COC; EVA; Nomex; PEEK; PEEK20%GFR; PEI; PET; PI; POMC; POMH; PPS; PPS40%GFR,COC; EVA; Nomex; PEEK; PEEK20%GFR; PEI; PET; PI; POMC; POMH; PPS; PPS40%GFR
PPS,8,81.983,formula_only_mode_gap,同材料存在该分子式，但当前极性未覆盖，提示 ion rule 或极性分配缺口。,380,10,104.9789,570514.43,0.01561078203779483,-,C₆HS⁻,C6HS,97,14.7,False,True,,neutral,2,,PPS; PPS40%GFR
PPS,9,80.637,strict_common,同材料同极性命中，但跨材料较常见，作为辅助证据。,239,96,75.0233,34873.31,0.0009542258928427993,-,C₆H₃⁻,C6H3,100,9.7,True,True,adduct,negative; neutral; positive,13,COC; EVA; Nomex; PEEK; PEEK20%GFR; PEI; PET; PI; POMC; POMH; PPS; PPS40%GFR,COC; EVA; Nomex; PEEK; PEEK20%GFR; PEI; PET; PI; POMC; POMH; PPS; PPS40%GFR
PPS,10,80.631,strict_common,同材料同极性命中，但跨材料较常见，作为辅助证据。,253,61,78.0441,16450.29,0.00045012339415940084,+,C₆H₆⁺,C6H6,100,29.5,True,True,adduct,neutral; positive,13,COC; EVA; Nomex; PEEK; PEEK20%GFR; PEI; PET; PI; POMC; POMH; PPS; PPS40%GFR,COC; EVA; Nomex; PEEK; PEEK20%GFR; PEI; PET; PI; POMC; POMH; PPS; PPS40%GFR
PTFE,1,99.702,strict_specific,同材料同极性命中，且跨材料较少，优先作为材料相关峰。,231,27,80.9933,97813.28,0.00163623840699894,-,C₂F₃⁻,C2F3,100,30.3,True,True,adduct,negative; neutral,2,ETFE; PTFE,ETFE; FEP; PFA; PTFE; PVDF
PTFE,2,99.411,strict_specific,同材料同极性命中，且跨材料较少，优先作为材料相关峰。,189,4,68.9953,716289.43,0.011982220368168605,-,CF₃⁻,CF3,100,6.6,True,True,adduct,negative; neutral,3,FEP; PFA; PTFE,ETFE; FEP; PFA; PTFE
PTFE,3,98.27,strict_specific,同材料同极性命中，且跨材料较少，优先作为材料相关峰。,386,130,132.9954,7337.7,0.00012274638534804397,-,C₃H₂F₅⁻,C3H2F5,100,96.3,True,True,adduct,negative; neutral; positive,1,PTFE,PTFE
PTFE,4,95.161,strict_specific,同材料同极性命中，且跨材料较少，优先作为材料相关峰。,111,10,48.0001,248991.56,0.004165176277603419,-,CHFO⁻,CHFO,80,33.2,True,True,adduct,negative,3,ETFE; PTFE; PVDF,ETFE; PTFE; PVDF
PTFE,5,94.499,strict_specific,同材料同极性命中，且跨材料较少，优先作为材料相关峰。,115,30,49.0068,94424.14,0.0015795442542755431,-,CH₂FO⁻,CH2FO,85,55.4,True,True,adduct,negative,3,ETFE; PTFE; PVDF,ETFE; PTFE; PVDF
PTFE,6,94.373,strict_specific,同材料同极性命中，且跨材料较少，优先作为材料相关峰。,666,295,250.9799,1708.24,2.857575061762441e-05,-,C₅H₄F₉O⁻,C5H4F9O,100,129.5,True,True,adduct,negative,1,PTFE,PTFE
PTFE,7,94.29,strict_specific,同材料同极性命中，且跨材料较少，优先作为材料相关峰。,923,299,381.9844,1687.21,2.82239569378788e-05,-,C₈HF₁₅⁻,C8HF15,100,0.0,True,True,adduct,negative; neutral; positive,1,PTFE,FEP; PFA; PTFE
PTFE,8,93.387,strict_specific,同材料同极性命中，且跨材料较少，优先作为材料相关峰。,432,342,149.9927,1387.19,2.3205167598968767e-05,-,C₃H₃F₅O⁻,C3H3F5O,100,121.7,True,True,adduct,negative,1,PTFE,PTFE
PTFE,9,93.164,strict_specific,同材料同极性命中，且跨材料较少，优先作为材料相关峰。,235,220,81.9964,2834.35,4.7413524307511674e-05,-,C₂HF₃⁻,C2HF3,100,87.6,True,True,adduct,negative; neutral; positive,2,ETFE; PTFE,ETFE; FEP; PFA; PTFE; PVDF
PTFE,10,93.059,strict_specific,同材料同极性命中，且跨材料较少，优先作为材料相关峰。,191,112,69.9989,9221.38,0.00015425692831823944,-,CHF₃⁻,CHF3,100,66.9,True,True,adduct,negative; neutral; positive,3,FEP; PFA; PTFE,FEP; PFA; PTFE
PVDF,1,102.105,strict_specific,同材料同极性命中，且跨材料较少，优先作为材料相关峰。,184,31,61.0079,113510.86,0.0017619857735636229,-,C₂H₂FO⁻,C2H2FO,97,26.5,True,True,adduct,negative,1,PVDF,PVDF
PVDF,2,99.344,strict_specific,同材料同极性命中，且跨材料较少，优先作为材料相关峰。,350,36,92.9962,88533.19,0.001374266931535936,-,C₃F₃⁻,C3F3,100,-4.8,True,True,adduct,negative; neutral,2,ETFE; PVDF,ETFE; PVDF
PVDF,3,98.981,strict_specific,同材料同极性命中，且跨材料较少，优先作为材料相关峰。,428,43,109.998,70895.46,0.0011004831778232398,-,C₃HF₃O⁻,C3HF3O,100,4.5,True,True,adduct,negative,2,ETFE; PVDF,ETFE; PVDF
PVDF,4,98.528,strict_specific,同材料同极性命中，且跨材料较少，优先作为材料相关峰。,433,53,111.0071,54796.52,0.0008505854742074416,-,C₃H₂F₃O⁻,C3H2F3O,100,-7.0,True,True,adduct,negative,2,ETFE; PVDF,ETFE; PVDF
PVDF,5,98.507,strict_specific,同材料同极性命中，且跨材料较少，优先作为材料相关峰。,118,8,48.0011,474050.13,0.007358499310250895,-,CHFO⁻,CHFO,98,12.3,True,True,adduct,negative,3,ETFE; PTFE; PVDF,ETFE; PTFE; PVDF
PVDF,6,97.926,strict_specific,同材料同极性命中，且跨材料较少，优先作为材料相关峰。,502,66,128.9978,38275.19,0.0005941311717702134,-,C₃HF₄O⁻,C3HF4O,100,-7.0,True,True,adduct,negative,2,ETFE; PVDF,ETFE; PVDF
PVDF,7,97.21,strict_specific,同材料同极性命中，且跨材料较少，优先作为材料相关峰。,115,128,47.0278,56227.58,0.0008727992726150651,+,C₂H₄F⁺,C2H4F,82,28.8,True,True,adduct,negative; neutral; positive,1,PVDF,ETFE; PVDF
PVDF,8,97.155,strict_specific,同材料同极性命中，且跨材料较少，优先作为材料相关峰。,282,67,80.0054,38221.31,0.0005932948130862988,-,C₂H₂F₂O⁻,C2H2F2O,95,31.5,True,True,adduct,negative,2,ETFE; PVDF,ETFE; PVDF
PVDF,9,96.511,strict_specific,同材料同极性命中，且跨材料较少，优先作为材料相关峰。,196,106,63.005,18921.15,0.0002937057927273509,-,C₂HF₂⁻,C2HF2,100,2.9,True,True,adduct,negative; neutral,2,ETFE; PVDF,ETFE; PTFE; PVDF
PVDF,10,96.35,strict_specific,同材料同极性命中，且跨材料较少，优先作为材料相关峰。,30,4,25.0085,638372.08,0.00990920624863752,-,C₂H⁻,C2H,100,-5.0,True,True,adduct,negative; neutral,4,EVA; PEN; PET; PVDF,COC; ETFE; EVA; PEI; PEN; PET; PVDF
