material,normalized_formula,ion_mode,polarity,rf_formula_raw,peak_count,best_rf_score,best_rank,max_intensity,total_intensity,mz_min,mz_max,median_abs_ppm,material_total_intensity,relative_intensity,network_best_score,generation_types,paths,exact_mass,network_formula_modes,network_formula_best_score,all_network_compound_count,all_network_compounds,same_material_mode_match,same_material_formula_match,is_generic_formula,screening_tier
ETFE,C2HF2O,negative,-,C₂HF₂O⁻,1,100,19,318726.22,318726.22,78.998,78.998,26.5,62897427.95,0.005067396718564864,0.28,adduct,break 2 bond(s) | H shift -1 | O,78.99954597726,negative,0.28,1,ETFE,True,True,False,A_高置信特征
ETFE,C3F3,negative,-,C₃F₃⁻,2,100,26,198809.73,206526.06,92.9956,93.9998,4.85,62897427.95,0.003283537447098423,0.35,adduct,break 2 bond(s) | H shift -2 | -H | ; | break 2 bond(s) | H shift -2 | -H | ; | break 2 bond(s) | H shift -2 | -H,92.99520948819,negative; neutral,0.4,2,ETFE; PVDF,True,True,False,A_高置信特征
ETFE,C2HF3O,negative,-,C₂HF₃O⁻,1,100,27,191757.8,191757.8,97.9973,97.9973,12.2,62897427.95,0.0030487383387510997,0.33,adduct,break 2 bond(s) | O | ; | break 2 bond(s) | H shift -1 | OH | ; | break 2 bond(s) | O,97.99794913999,negative,0.33,2,ETFE; PTFE,True,True,False,A_高置信特征
ETFE,C2HF4O,negative,-,C₂HF₄O⁻,1,100,29,180191.01,180191.01,116.9937,116.9937,27.4,62897427.95,0.0028648390859995414,0.48,adduct,break 1 bond(s) | O | ; | break 2 bond(s) | H shift -1 | OH | ; | break 2 bond(s) | O,116.99635230272,negative,0.48,4,ETFE; FEP; PFA; PTFE,True,True,False,A_高置信特征
ETFE,C3HF3O,negative,-,C₃HF₃O⁻,1,100,36,102070.47,102070.47,109.9986,109.9986,0.9,62897427.95,0.0016228083297959404,0.2299999999999999,adduct,break 2 bond(s) | H shift -2 | O | ; | break 2 bond(s) | H shift -2 | O | ; | break 2 bond(s) | H shift -2 | O,109.99794913999,negative,0.2299999999999999,2,ETFE; PVDF,True,True,False,A_高置信特征
ETFE,CF,negative,-,CF⁻,1,100,40,89734.46,89734.46,30.9978,30.9978,37.2,62897427.95,0.0014266793241741772,0.45,adduct,break 2 bond(s) | -H | ; | break 2 bond(s) | -H,30.99840316273,negative; neutral,0.5,3,ETFE; PTFE; PVDF,True,True,False,A_高置信特征
ETFE,C2F3,negative,-,C₂F₃⁻,2,100,46,75464.52,77458.18000000001,80.9953,81.9985,3.8,62897427.95,0.0012314999599280117,0.45,adduct,break 2 bond(s) | -H | ; | break 2 bond(s) | -H | ; | break 2 bond(s) | -H | ; | break 2 bond(s) | -H,80.99520948819,negative; neutral,0.5,2,ETFE; PTFE,True,True,False,A_高置信特征
ETFE,C3HF4O,negative,-,C₃HF₄O⁻,1,100,48,73828.37,73828.37,128.9942,128.9942,20.9,62897427.95,0.001173789968942601,0.38,adduct,break 1 bond(s) | H shift -2 | O,128.99635230272,negative,0.38,2,ETFE; PVDF,True,True,False,A_高置信特征
ETFE,C2F2,negative,-,C₂F₂⁻,1,100,56,56078.27,56078.27,61.9963,61.9963,17.0,62897427.95,0.0008915828806955212,0.4,adduct,break 2 bond(s) | H shift -1 | -H,61.99680632546,negative; neutral,0.4,1,ETFE,True,True,False,A_高置信特征
ETFE,C3H2F3O,negative,-,C₃H₂F₃O⁻,1,100,60,43554.76,43554.76,111.0042,111.0042,19.1,62897427.95,0.0006924728310770298,0.28,adduct,break 2 bond(s) | H shift -1 | O | ; | break 2 bond(s) | H shift -2 | OH | ; | break 2 bond(s) | H shift -1 | O,111.00577417222,negative,0.28,2,ETFE; PVDF,True,True,False,A_高置信特征
ETFE,C2H2F3O,negative,-,C₂H₂F₃O⁻,1,100,74,28110.44,28110.44,99.0044,99.0044,19.4,62897427.95,0.00044692511150608977,0.33,adduct,break 2 bond(s) | OH | ; | break 2 bond(s) | H shift +1 | O | ; | break 2 bond(s) | OH,99.00577417222,negative,0.33,2,ETFE; PTFE,True,True,False,A_高置信特征
ETFE,C2HF2,negative,-,C₂HF₂⁻,1,100,86,21466.02,21466.02,63.0049,63.0049,4.4,62897427.95,0.0003412861336248011,0.45,adduct,break 2 bond(s) | -H,63.00463135769,negative; neutral; positive,0.45,2,ETFE; PVDF,True,True,False,A_高置信特征
ETFE,C3H4F,positive,+,C₃H₄F⁺,2,89,15,412378.11,430817.99,59.03,60.0332,7.550000000000001,62897427.95,0.006849532708117677,0.35,adduct,break 2 bond(s) | H shift -2 | H | ; | break 2 bond(s) | H shift -2 | H,59.02970329165,negative; neutral; positive,0.5,1,ETFE,True,True,False,A_高置信特征
ETFE,CHFO,negative,-,CHFO⁻,1,86,5,547887.81,547887.81,48.0001,48.0001,33.2,62897427.95,0.00871081422336603,0.33,adduct,break 2 bond(s) | O | ; | break 2 bond(s) | H shift -1 | OH | ; | break 2 bond(s) | O,48.00114281453,negative,0.33,3,ETFE; PTFE; PVDF,True,True,False,A_高置信特征
ETFE,CH2F,positive,+,CH₂F⁺,2,86,24,269258.25,272280.31,33.0139,34.0169,9.65,62897427.95,0.004328957778948416,0.45,adduct,break 2 bond(s) | H | ; | break 2 bond(s) | H,33.01405322719,negative; neutral; positive,0.45,3,ETFE; PTFE; PVDF,True,True,False,A_高置信特征
ETFE,CHF2O,negative,-,CHF₂O⁻,1,100,9,464822.48,464822.48,66.9982,66.9982,28.3,62897427.95,0.007390166738924655,0.48,adduct,break 1 bond(s) | O | ; | break 2 bond(s) | H shift -1 | OH | ; | break 2 bond(s) | O,66.99954597726,negative,0.48,5,ETFE; FEP; PFA; PTFE; PVDF,True,True,False,B_可用支持
ETFE,C2H5,positive,+,C₂H₅⁺,2,100,56,153032.9,156965.22999999998,29.0391,30.0419,16.45,62897427.95,0.002495574701795099,0.5499999999999999,adduct,break 1 bond(s) | H shift -1 | H | ; | break 2 bond(s) | H shift -1 | H | ; | break 2 bond(s) | H shift -1 | H,29.03912516115,negative; neutral; positive,0.6,6,COC; ETFE; EVA; PEN; PET; PVDF,True,True,False,B_可用支持
ETFE,CF2,negative,-,CF₂⁻,1,100,97,17064.02,17064.02,49.9961,49.9961,25.1,62897427.95,0.00027129917003227794,0.6,adduct,break 1 bond(s) | -H | ; | break 2 bond(s) | -H | ; | break 2 bond(s) | H shift +1 | -H,49.99680632546,negative; neutral,0.6,5,ETFE; FEP; PFA; PTFE; PVDF,True,True,False,B_可用支持
ETFE,C2H2F4O,negative,-,C₂H₂F₄O⁻,1,100,111,14059.16,14059.16,117.9989,117.9989,49.4,62897427.95,0.00022352519742422947,0.48,adduct,break 1 bond(s) | OH | ; | break 1 bond(s) | H shift +1 | O | ; | break 2 bond(s) | OH,118.00417733495,negative,0.48,4,ETFE; FEP; PFA; PTFE,True,True,False,B_可用支持
ETFE,C3H2F4O,negative,-,C₃H₂F₄O⁻,1,100,135,9312.39,9312.39,130.0008,130.0008,30.2,62897427.95,0.00014805676962502883,0.4299999999999999,adduct,break 1 bond(s) | H shift -1 | O,130.00417733495,negative,0.4299999999999999,2,ETFE; PVDF,True,True,False,B_可用支持
ETFE,C5H3F5O,negative,-,C₅H₃F₅O⁻,1,100,284,2813.71,2813.71,174.004,174.004,40.0,62897427.95,4.473489762151713e-05,0.1499999999999999,adduct,break 2 bond(s) + 1×repeat | H shift -2 | O | ; | break 2 bond(s) + 1×repeat | H shift -2 | O,174.01040552991,negative,0.1499999999999999,2,ETFE; PVDF,True,True,False,B_可用支持
ETFE,CHF2,negative,-,CHF₂⁻,1,100,546,1206.53,1206.53,51.0034,51.0034,34.9,62897427.95,1.918250140465402e-05,0.5499999999999999,adduct,break 1 bond(s) | H shift +1 | -H | ; | break 2 bond(s) | H shift +1 | -H | ; | break 2 bond(s) | H shift +2 | -H,51.00463135769,negative; neutral; positive,0.6,5,ETFE; FEP; PFA; PTFE; PVDF,True,True,False,B_可用支持
ETFE,C2H3,negative,-,C₂H₃⁻,1,100,647,317.08,317.08,27.0224,27.0224,60.1,62897427.95,5.041223629240629e-06,0.5499999999999999,adduct,break 1 bond(s) | H shift -1 | -H | ; | break 2 bond(s) | H shift -1 | -H | ; | break 2 bond(s) | H shift -1 | -H,27.02347509669,negative; neutral,0.5499999999999999,6,COC; ETFE; EVA; PEN; PET; PVDF,True,True,False,B_可用支持
ETFE,C3H5F2O,negative,-,C₃H₅F₂O⁻,1,94,626,598.65,598.65,95.0285,95.0285,30.5,62897427.95,9.517877272754202e-06,0.48,adduct,break 1 bond(s) | O | ; | break 2 bond(s) | H shift -1 | OH | ; | break 2 bond(s) | O,95.03084610618,negative,0.48,1,ETFE,True,True,False,B_可用支持
ETFE,C2H4F3O,negative,-,C₂H₄F₃O⁻,1,84,350,2178.89,2178.89,101.0192,101.0192,27.5,62897427.95,3.464195708816738e-05,0.2299999999999999,adduct,break 2 bond(s) | H shift +2 | OH | ; | break 2 bond(s) | H shift +2 | OH | ; | break 2 bond(s) | H shift +2 | OH,101.02142423668,negative,0.2299999999999999,2,ETFE; PTFE,True,True,False,B_可用支持
ETFE,CHF,negative,-,CHF⁻,1,82,134,9490.59,9490.59,32.0052,32.0052,49.3,62897427.95,0.00015088995383951944,0.4,adduct,break 2 bond(s) | H shift +1 | -H | ; | break 2 bond(s) | H shift +1 | -H,32.00622819496,negative; neutral; positive,0.45,3,ETFE; PTFE; PVDF,True,True,False,B_可用支持
ETFE,C2H4,positive,+,C₂H₄⁺,1,81,139,50456.76,50456.76,28.0299,28.0299,30.4,62897427.95,0.0008022070479592639,0.5,adduct,break 1 bond(s) | H shift -2 | H | ; | break 2 bond(s) | H shift -2 | H | ; | break 2 bond(s) | H shift -2 | H,28.03130012892,negative; neutral; positive,0.6,6,COC; ETFE; EVA; PEN; PET; PVDF,True,True,False,B_可用支持
ETFE,C3H4F3O,negative,-,C₃H₄F₃O⁻,1,81,279,2860.06,2860.06,113.017,113.017,44.0,62897427.95,4.5471811697508366e-05,0.33,adduct,break 2 bond(s) | OH | ; | break 2 bond(s) | H shift +1 | O | ; | break 2 bond(s) | OH,113.02142423668,negative,0.33,2,ETFE; PVDF,True,True,False,B_可用支持
ETFE,C2H5F2O,negative,-,C₂H₅F₂O⁻,1,79,631,495.39,495.39,83.028,83.028,40.9,62897427.95,7.876156722875978e-06,0.2299999999999999,adduct,break 2 bond(s) | H shift +2 | OH,83.03084610618001,negative,0.2299999999999999,2,ETFE; PVDF,True,True,False,B_可用支持
ETFE,CHF,positive,+,CHF⁺,1,78,129,57805.71,57805.71,32.0043,32.0043,43.1,62897427.95,0.0009190472787846326,0.4,adduct,break 2 bond(s) | H shift -1 | H | ; | break 2 bond(s) | H shift -1 | H,32.00622819496,negative; neutral; positive,0.45,3,ETFE; PTFE; PVDF,True,True,False,B_可用支持
ETFE,C2H4F2O,negative,-,C₂H₄F₂O⁻,1,72,402,1854.72,1854.72,82.0206,82.0206,36.2,62897427.95,2.9488010248597137e-05,0.28,adduct,break 2 bond(s) | H shift +1 | OH | ; | break 2 bond(s) | H shift +2 | O,82.02302107395,negative,0.28,2,ETFE; PVDF,True,True,False,B_可用支持
ETFE,C3H5FO,negative,-,C₃H₅FO⁻,1,72,620,659.66,659.66,76.0293,76.0293,48.6,62897427.95,1.048786924203631e-05,0.33,adduct,break 2 bond(s) | O | ; | break 2 bond(s) | H shift -1 | OH | ; | break 2 bond(s) | O,76.03244294345001,negative,0.33,1,ETFE,True,True,False,B_可用支持
ETFE,C3H6F,positive,+,C₃H₆F⁺,1,71,288,10366.2,10366.2,61.0451,61.0451,4.8,62897427.95,0.000164811190820721,0.45,adduct,break 2 bond(s) | H | ; | break 2 bond(s) | H,61.04535335611,negative; neutral; positive,0.45,1,ETFE,True,True,False,B_可用支持
ETFE,CFO,negative,-,CFO⁻,1,71,466,1526.22,1526.22,46.9935,46.9935,7.8,62897427.95,2.4265221166329105e-05,0.28,adduct,break 2 bond(s) | H shift -1 | O | ; | break 2 bond(s) | H shift -1 | O,46.9933177823,negative,0.28,3,ETFE; PTFE; PVDF,True,True,False,B_可用支持
ETFE,C3H5F2,positive,+,C₃H₅F₂⁺,1,63,158,40170.95,40170.95,79.0336,79.0336,22.5,62897427.95,0.0006386739698153269,0.5499999999999999,adduct,break 1 bond(s) | H shift -1 | H | ; | break 2 bond(s) | H shift -1 | H | ; | break 2 bond(s) | H shift -1 | H,79.03593148661,negative; neutral; positive,0.6,1,ETFE,True,True,False,B_可用支持
ETFE,C2H3F3O,negative,-,C₂H₃F₃O⁻,1,61,173,6278.59,6278.59,100.0073,100.0073,68.5,62897427.95,9.98226828128987e-05,0.28,adduct,break 2 bond(s) | H shift +1 | OH | ; | break 2 bond(s) | H shift +2 | O | ; | break 2 bond(s) | H shift +1 | OH,100.01359920445,negative,0.28,2,ETFE; PTFE,True,True,False,B_可用支持
ETFE,CHF2,positive,+,CHF₂⁺,1,53,7,927398.39,927398.39,51.0062,51.0062,41.5,62897427.95,0.014744615483120085,0.5499999999999999,adduct,break 1 bond(s) | H shift -1 | H | ; | break 2 bond(s) | H shift -1 | H | ; | break 2 bond(s) | H,51.00463135769,negative; neutral; positive,0.6,5,ETFE; FEP; PFA; PTFE; PVDF,True,True,False,B_可用支持
FEP,CF3,negative,-,CF₃⁻,2,100,2,3051644.88,3083810.19,69.0002,70.002,43.300000000000004,75658273.61,0.04075972187650344,0.5499999999999999,adduct,break 1 bond(s) | H shift +1 | -H | ; | break 1 bond(s) | H shift +1 | -H | ; | break 1 bond(s) | H shift +1 | -H,68.99520948819,negative; neutral,0.6,3,FEP; PFA; PTFE,True,True,False,A_高置信特征
FEP,C3HClF7,negative,-,C₃HClF₇⁻,1,100,50,35076.24,35076.24,204.9806,204.9806,71.0,75658273.61,0.000463614067918196,0.4299999999999999,adduct,break 1 bond(s) | H shift +1 | Cl | ; | break 1 bond(s) | H shift +1 | Cl | ; | break 1 bond(s) | H shift +1 | Cl,204.96549985334,negative,0.4299999999999999,3,FEP; PFA; PTFE,True,True,False,A_高置信特征
FEP,CF3O,negative,-,CF₃O⁻,1,100,53,33931.82,33931.82,84.9957,84.9957,59.1,75658273.61,0.0004484878967092255,0.48,adduct,break 1 bond(s) | O | ; | break 1 bond(s) | O | ; | break 1 bond(s) | O | ; | break 2 bond(s) | O,84.99012410776,negative,0.48,3,FEP; PFA; PTFE,True,True,False,A_高置信特征
FEP,C2F4,negative,-,C₂F₄⁻,1,100,63,25033.73,25033.73,99.9946,99.9946,4.4,75658273.61,0.0003308789482699908,0.4,adduct,break 2 bond(s) | H shift +1 | -H | ; | break 2 bond(s) | H shift +1 | -H | ; | break 2 bond(s) | H shift +1 | -H,99.99361265092,negative; neutral,0.45,4,ETFE; FEP; PFA; PTFE,True,True,False,A_高置信特征
FEP,C3HF7,negative,-,C₃HF₇⁻,1,100,72,18997.19,18997.19,170.0001,170.0001,17.1,75658273.61,0.0002510920365157404,0.5,adduct,break 1 bond(s) | H shift +2 | -H | ; | break 1 bond(s) | H shift +2 | -H | ; | break 1 bond(s) | H shift +2 | -H,169.99664717134,negative; neutral; positive,0.6,3,FEP; PFA; PTFE,True,True,False,A_高置信特征
FEP,CF2,negative,-,CF₂⁻,2,100,39,72104.48,73100.73999999999,50.0016,51.0061,43.35,75658273.61,0.0009661962467821633,0.4,adduct,break 2 bond(s) | H shift +1 | -H | ; | break 2 bond(s) | H shift +1 | -H | ; | break 2 bond(s) | H shift +1 | -H,49.99680632546,negative; neutral,0.45,5,ETFE; FEP; PFA; PTFE; PVDF,True,True,False,B_可用支持
FEP,C3F6O,negative,-,C₃F₆O⁻,1,100,243,1269.44,1269.44,165.9903,165.9903,26.6,75658273.61,1.677860119494207e-05,0.33,adduct,break 2 bond(s) | O | ; | break 2 bond(s) | O | ; | break 2 bond(s) | O | ; | break 2 bond(s) | O,165.98533359595,negative,0.33,3,FEP; PFA; PTFE,True,True,False,B_可用支持
FEP,C2HF4,negative,-,C₂HF₄⁻,1,85,311,714.39,714.39,100.9988,100.9988,31.5,75658273.61,9.442324889443113e-06,0.35,adduct,break 2 bond(s) | H shift +2 | -H | ; | break 2 bond(s) | H shift +2 | -H | ; | break 2 bond(s) | H shift +2 | -H,101.00143768315,negative; neutral; positive,0.45,4,ETFE; FEP; PFA; PTFE,True,True,False,B_可用支持
FEP,CHF2,positive,+,CHF₂⁺,1,77,42,149008.08,149008.08,51.0028,51.0028,25.1,75658273.61,0.0019694882382342003,0.45,adduct,break 2 bond(s) | H | ; | break 2 bond(s) | H | ; | break 2 bond(s) | H | ; | break 2 bond(s) | H,51.00463135769,negative; neutral; positive,0.45,5,ETFE; FEP; PFA; PTFE; PVDF,True,True,False,B_可用支持
FEP,CHF2O,negative,-,CHF₂O⁻,1,73,10,411516.0,411516.0,67.0019,67.0019,26.9,75658273.61,0.0054391407623344,0.33,adduct,break 2 bond(s) | OH | ; | break 2 bond(s) | H shift +1 | O | ; | break 2 bond(s) | OH,66.99954597726,negative,0.33,5,ETFE; FEP; PFA; PTFE; PVDF,True,True,False,B_可用支持
Nomex,CNO,negative,-,CNO⁻,1,100,3,2303986.71,2303986.71,42.0002,42.0002,39.6,46801282.92,0.049229135746948025,0.5499999999999999,adduct,break 1 bond(s) | H shift -1 | -H | ; | break 2 bond(s) | H shift -1 | -H | ; | break 2 bond(s) | H shift -1 | -H,41.997988624,negative; neutral,0.5499999999999999,1,Nomex,True,True,False,A_高置信特征
Nomex,C6H4N,negative,-,C₆H₄N⁻,1,82,37,92333.64,92333.64,90.0269,90.0269,89.1,46801282.92,0.001972886943245358,0.45,adduct,break 2 bond(s) | -H | ; | break 2 bond(s) | -H,90.03437413335,negative; neutral; positive,0.45,1,Nomex,True,True,False,A_高置信特征
Nomex,CHO,positive,+,CHO⁺,1,96,141,23163.65,23163.65,29.0012,29.0012,34.2,46801282.92,0.000494936218727057,0.5499999999999999,adduct,break 1 bond(s) | H shift -1 | H | ; | break 1 bond(s) | H shift -1 | H | ; | break 2 bond(s) | H shift -1 | H,29.0027396518,negative; neutral; positive,0.6,6,EVA; Nomex; PEEK; PEEK20%GFR; PEN; PET,True,True,False,B_可用支持
Nomex,C7H3O,negative,-,C₇H₃O⁻,1,90,138,14127.45,14127.45,103.021,103.021,20.0,46801282.92,0.0003018603149009574,0.5499999999999999,adduct,break 1 bond(s) | H shift -1 | -H | ; | break 2 bond(s) | H shift -1 | -H | ; | break 2 bond(s) | H shift -1 | -H,103.01838971626,negative; neutral; positive,0.5499999999999999,7,EVA; Nomex; PEEK; PEEK20%GFR; PET; POMC; POMH,True,True,False,B_可用支持
Nomex,CH2NO,negative,-,CH₂NO⁻,1,84,209,7776.33,7776.33,44.012,44.012,49.7,46801282.92,0.00016615634262190008,0.5499999999999999,adduct,break 1 bond(s) | H shift +1 | -H | ; | break 2 bond(s) | H shift +1 | -H | ; | break 2 bond(s) | H shift +1 | -H,44.01363868846,negative; neutral; positive,0.6,1,Nomex,True,True,False,B_可用支持
Nomex,C8H5O2,negative,-,C₈H₅O₂⁻,1,82,30,120951.27,120951.27,133.0301,133.0301,4.5,46801282.92,0.002584358001611807,0.5499999999999999,adduct,break 1 bond(s) | H shift +1 | -H | ; | break 2 bond(s) | H shift +1 | -H | ; | break 2 bond(s) | H shift +1 | -H,133.02895440029,negative; neutral; positive,0.6,5,EVA; Nomex; PET; POMC; POMH,True,True,False,B_可用支持
Nomex,C7H5O,negative,-,C₇H₅O⁻,1,81,134,15579.59,15579.59,105.0288,105.0288,55.1,46801282.92,0.0003328880968205732,0.5499999999999999,adduct,break 1 bond(s) | H shift +1 | -H | ; | break 2 bond(s) | H shift +1 | -H | ; | break 2 bond(s) | H shift +1 | -H,105.03403978072,negative; neutral; positive,0.6,7,EVA; Nomex; PEEK; PEEK20%GFR; PET; POMC; POMH,True,True,False,B_可用支持
Nomex,CNO2,negative,-,CNO₂⁻,1,76,188,8474.24,8474.24,57.9988,57.9988,92.2,46801282.92,0.00018106854067409823,0.38,adduct,break 1 bond(s) | H shift -2 | O | ; | break 2 bond(s) | H shift -2 | O | ; | break 2 bond(s) | H shift -2 | O,57.99290324357,negative,0.38,1,Nomex,True,True,False,B_可用支持
Nomex,C6H6N,negative,-,C₆H₆N⁻,1,75,132,15788.54,15788.54,92.0422,92.0422,91.0,46801282.92,0.00033735271802245716,0.35,adduct,break 2 bond(s) | H shift +2 | -H | ; | break 2 bond(s) | H shift +2 | -H,92.05002419781,negative; neutral; positive,0.5,1,Nomex,True,True,False,B_可用支持
Nomex,C6H7ClN,negative,-,C₆H₇ClN⁻,1,70,259,5271.58,5271.58,128.0277,128.0277,3.5,46801282.92,0.00011263751057873778,0.2299999999999999,adduct,break 2 bond(s) | H shift +2 | Cl | ; | break 2 bond(s) | H shift +2 | Cl,128.02670191203998,negative,0.2299999999999999,1,Nomex,True,True,False,B_可用支持
Nomex,C7H4O,negative,-,C₇H₄O⁻,1,59,109,20560.98,20560.98,104.029,104.029,21.5,46801282.92,0.00043932513634607,0.6,adduct,break 1 bond(s) | -H | ; | break 2 bond(s) | -H | ; | break 2 bond(s) | -H | ; | break 2 bond(s) | -H,104.02621474849,negative; neutral; positive,0.6,7,EVA; Nomex; PEEK; PEEK20%GFR; PET; POMC; POMH,True,True,False,B_可用支持
Nomex,C6H6N,positive,+,C₆H₆N⁺,1,56,42,89820.66,89820.66,92.05,92.05,5.7,46801282.92,0.0019191922613218827,0.45,adduct,break 2 bond(s) | H | ; | break 2 bond(s) | H,92.05002419781,negative; neutral; positive,0.5,1,Nomex,True,True,False,B_可用支持
Nomex,C7H5O,positive,+,C₇H₅O⁺,1,55,14,264636.93,264636.93,105.0407,105.0407,68.6,46801282.92,0.005654480251158038,0.5499999999999999,adduct,break 1 bond(s) | H shift -1 | H | ; | break 2 bond(s) | H shift -1 | H | ; | break 2 bond(s) | H shift -1 | H,105.03403978072,negative; neutral; positive,0.6,7,EVA; Nomex; PEEK; PEEK20%GFR; PET; POMC; POMH,True,True,False,B_可用支持
Nomex,CH2NO,positive,+,CH₂NO⁺,1,55,108,32077.73,32077.73,44.0146,44.0146,34.3,46801282.92,0.0006854027923728548,0.5499999999999999,adduct,break 1 bond(s) | H shift -1 | H | ; | break 2 bond(s) | H shift -1 | H | ; | break 2 bond(s) | H shift -1 | H,44.01363868846,negative; neutral; positive,0.6,1,Nomex,True,True,False,B_可用支持
Nomex,C7H6O,negative,-,C₇H₆O⁻,1,55,110,20378.49,20378.49,106.0388,106.0388,34.1,46801282.92,0.00043542588426120866,0.5,adduct,break 1 bond(s) | H shift +2 | -H | ; | break 2 bond(s) | H shift +2 | -H | ; | break 2 bond(s) | H shift +2 | -H,106.04186481295,negative; neutral; positive,0.6,6,EVA; Nomex; PET; POMC; POMH; STD001,True,True,False,B_可用支持
Nomex,C7HO,negative,-,C₇HO⁻,1,55,121,17627.76,17627.76,101.0144,101.0144,110.0,46801282.92,0.0003766512133894298,0.35,adduct,break 2 bond(s) | H shift -2 | -H,101.0027396518,negative; neutral,0.4,7,EVA; Nomex; PEEK; PEEK20%GFR; PET; POMC; POMH,True,True,False,B_可用支持
Nomex,C6H8N,positive,+,C₆H₈N⁺,1,53,129,26574.79,26574.79,94.0612,94.0612,41.7,46801282.92,0.0005678218275645509,0.35,adduct,break 2 bond(s) | H shift +2 | H | ; | break 2 bond(s) | H shift +2 | H,94.06567426227,neutral; positive,0.4,1,Nomex,True,True,False,B_可用支持
Nomex,C6H4N,positive,+,C₆H₄N⁺,1,50,50,74622.6,74622.6,90.0386,90.0386,53.0,46801282.92,0.0015944562914558668,0.35,adduct,break 2 bond(s) | H shift -2 | H | ; | break 2 bond(s) | H shift -2 | H,90.03437413335,negative; neutral; positive,0.45,1,Nomex,True,True,False,B_可用支持
Nomex,CClO,negative,-,CClO⁻,1,50,97,25659.24,25659.24,62.9575,62.9575,108.3,46801282.92,0.0005482593296397611,0.4299999999999999,adduct,break 1 bond(s) | H shift -1 | Cl | ; | break 1 bond(s) | H shift -1 | Cl | ; | break 2 bond(s) | H shift -1 | Cl,62.96376730157,negative,0.4299999999999999,6,EVA; Nomex; PEEK; PEEK20%GFR; PEN; PET,True,True,False,B_可用支持
Nomex,CH4NO,positive,+,CH₄NO⁺,1,50,541,2304.24,2304.24,46.0324,46.0324,79.5,46801282.92,4.923454777807616e-05,0.5499999999999999,adduct,break 1 bond(s) | H shift +1 | H | ; | break 2 bond(s) | H shift +1 | H | ; | break 2 bond(s) | H shift +1 | H,46.02928875292,neutral; positive,0.5499999999999999,1,Nomex,True,True,False,B_可用支持
PEEK,C7H5O,positive,+,C₇H₅O⁺,1,100,34,96279.1,96279.1,105.034,105.034,4.8,44683746.69,0.00215467831442046,0.45,adduct,break 2 bond(s) | H | ; | break 2 bond(s) | H,105.03403978072,negative; neutral; positive,0.45,7,EVA; Nomex; PEEK; PEEK20%GFR; PET; POMC; POMH,True,True,False,B_可用支持
PEEK,CHO,positive,+,CHO⁺,1,100,127,25336.23,25336.23,29.0015,29.0015,23.8,44683746.69,0.0005670122108554098,0.45,adduct,break 2 bond(s) | H,29.0027396518,negative; neutral; positive,0.45,6,EVA; Nomex; PEEK; PEEK20%GFR; PEN; PET,True,True,False,B_可用支持
PEEK,C7H3O,positive,+,C₇H₃O⁺,1,100,140,22547.81,22547.81,103.0153,103.0153,24.7,44683746.69,0.0005046087597897445,0.35,adduct,break 2 bond(s) | H shift -2 | H | ; | break 2 bond(s) | H shift -2 | H,103.01838971626,negative; neutral; positive,0.5,7,EVA; Nomex; PEEK; PEEK20%GFR; PET; POMC; POMH,True,True,False,B_可用支持
PEEK,C7H3O2,positive,+,C₇H₃O₂⁺,1,100,186,15159.13,15159.13,119.0093,119.0093,29.0,44683746.69,0.0003392537806905198,0.35,adduct,break 2 bond(s) | H shift -2 | H,119.01330433583,negative; neutral; positive,0.5499999999999999,6,EVA; PEEK; PEEK20%GFR; PET; POMC; POMH,True,True,False,B_可用支持
PEEK,C7H5O,negative,-,C₇H₅O⁻,1,100,191,8761.17,8761.17,105.0273,105.0273,69.4,44683746.69,0.00019607062184784756,0.35,adduct,break 2 bond(s) | H shift +2 | -H | ; | break 2 bond(s) | H shift +2 | -H,105.03403978072,negative; neutral; positive,0.45,7,EVA; Nomex; PEEK; PEEK20%GFR; PET; POMC; POMH,True,True,False,B_可用支持
PEEK,C7H4O,positive,+,C₇H₄O⁺,1,97,32,100843.65,100843.65,104.0272,104.0272,14.7,44683746.69,0.0022568306704363337,0.4,adduct,break 2 bond(s) | H shift -1 | H | ; | break 2 bond(s) | H shift -1 | H,104.02621474849,negative; neutral; positive,0.5,7,EVA; Nomex; PEEK; PEEK20%GFR; PET; POMC; POMH,True,True,False,B_可用支持
PEEK,C13H9O3,negative,-,C₁₃H₉O₃⁻,2,92,77,36773.25,42824.92,213.0541,214.0561,6.949999999999999,44683746.69,0.0009584003843076123,0.5499999999999999,adduct,break 1 bond(s) | H shift +1 | -H | ; | break 1 bond(s) | H shift +1 | -H | ; | break 2 bond(s) | H shift -1 | OH,213.05516914878,negative; neutral; positive,0.6,7,EVA; PEEK; PEEK20%GFR; PEN; PET; POMC; POMH,True,True,False,B_可用支持
PEEK,C7H7O,positive,+,C₇H₇O⁺,1,91,151,20233.95,20233.95,107.0499,107.0499,7.1,44683746.69,0.00045282572521001825,0.35,adduct,break 2 bond(s) | H shift +2 | H | ; | break 2 bond(s) | H shift +2 | H,107.04968984518,positive,0.35,7,EVA; Nomex; PEEK; PEEK20%GFR; PET; POMC; POMH,True,True,False,B_可用支持
PEEK,C7H6O,positive,+,C₇H₆O⁺,1,91,224,10379.31,10379.31,106.0374,106.0374,36.9,44683746.69,0.0002322837892714766,0.4,adduct,break 2 bond(s) | H shift +1 | H | ; | break 2 bond(s) | H shift +1 | H,106.04186481295,neutral; positive,0.4,7,EVA; Nomex; PEEK; PEEK20%GFR; PET; POMC; POMH,True,True,False,B_可用支持
PEEK,C7H5O2,positive,+,C₇H₅O₂⁺,1,90,22,165400.54,165400.54,121.0311,121.0311,22.3,44683746.69,0.0037015817215930963,0.5499999999999999,adduct,break 1 bond(s) | H shift -1 | H | ; | break 2 bond(s) | H shift -1 | H | ; | break 2 bond(s) | H shift -1 | H,121.02895440029,negative; neutral; positive,0.6,6,EVA; PEEK; PEEK20%GFR; PET; POMC; POMH,True,True,False,B_可用支持
PEEK,C7H3O,negative,-,C₇H₃O⁻,1,85,177,10507.29,10507.29,103.0165,103.0165,23.7,44683746.69,0.0002351479179419724,0.45,adduct,break 2 bond(s) | -H | ; | break 2 bond(s) | -H,103.01838971626,negative; neutral; positive,0.5,7,EVA; Nomex; PEEK; PEEK20%GFR; PET; POMC; POMH,True,True,False,B_可用支持
PEEK,C7H4O2,positive,+,C₇H₄O₂⁺,1,84,294,6984.75,6984.75,120.023,120.023,20.2,44683746.69,0.00015631522684204886,0.5,adduct,break 1 bond(s) | H shift -2 | H | ; | break 2 bond(s) | H shift -2 | H | ; | break 2 bond(s) | H shift -2 | H,120.02112936806,negative; neutral; positive,0.6,6,EVA; PEEK; PEEK20%GFR; PET; POMC; POMH,True,True,False,B_可用支持
PEEK,C7H3O2,negative,-,C₇H₃O₂⁻,1,84,259,4892.55,4892.55,119.0111,119.0111,23.1,44683746.69,0.00010949283268349852,0.5499999999999999,adduct,break 1 bond(s) | H shift -1 | -H | ; | break 2 bond(s) | H shift -1 | -H | ; | break 2 bond(s) | H shift -1 | -H,119.01330433583,negative; neutral; positive,0.5499999999999999,7,EVA; Nomex; PEEK; PEEK20%GFR; PET; POMC; POMH,True,True,False,B_可用支持
PEEK,C6H5O2,positive,+,C₆H₅O₂⁺,1,83,223,10530.76,10530.76,109.0334,109.0334,45.8,44683746.69,0.0002356731648547442,0.5499999999999999,adduct,break 1 bond(s) | H shift -1 | H | ; | break 2 bond(s) | H shift -1 | H | ; | break 2 bond(s) | H shift -1 | H,109.02895440029,negative; neutral; positive,0.6,6,EVA; PEEK; PEEK20%GFR; PET; POMC; POMH,True,True,False,B_可用支持
PEEK,C19H13O4,positive,+,C₁₉H₁₃O₄⁺,1,83,416,3461.65,3461.65,305.0827,305.0827,6.1,44683746.69,7.74700032209855e-05,0.65,adduct,M | H shift -2 | H,305.08138389727003,negative; neutral; positive,0.75,2,PEEK; PEEK20%GFR,True,True,False,B_可用支持
PEEK,C20H13O4,positive,+,C₂₀H₁₃O₄⁺,1,80,461,2675.93,2675.93,317.0781,317.0781,8.6,44683746.69,5.988598088169853e-05,0.37,adduct,break 2 bond(s) + 1×repeat | H,317.08138389727003,negative; neutral; positive,0.37,2,PEEK; PEEK20%GFR,True,True,False,B_可用支持
PEEK,C13H9O2,negative,-,C₁₃H₉O₂⁻,1,73,76,37967.66,37967.66,197.057,197.057,19.3,44683746.69,0.0008496973242509446,0.5499999999999999,adduct,break 1 bond(s) | H shift +1 | -H | ; | break 2 bond(s) | H shift +1 | -H | ; | break 2 bond(s) | H shift +1 | -H,197.06025452921,negative; neutral; positive,0.6,7,EVA; PEEK; PEEK20%GFR; PEN; PET; POMC; POMH,True,True,False,B_可用支持
PEEK,CO2,negative,-,CO₂⁻,1,71,114,20024.43,20024.43,43.9908,43.9908,9.6,44683746.69,0.00044813677194355256,0.33,adduct,break 2 bond(s) | O,43.98982923914,negative,0.33,6,EVA; Nomex; PEEK; PEEK20%GFR; PEN; PET,True,True,False,B_可用支持
PEEK,C12H7O3,negative,-,C₁₂H₇O₃⁻,1,68,248,5249.49,5249.49,199.0412,199.0412,5.7,44683746.69,0.00011748097214002894,0.38,adduct,break 1 bond(s) | H shift -2 | O | ; | break 2 bond(s) | H shift -2 | O | ; | break 2 bond(s) | H shift -2 | O,199.03951908432,negative; neutral,0.4499999999999999,7,EVA; PEEK; PEEK20%GFR; PEN; PET; POMC; POMH,True,True,False,B_可用支持
PEEK,C19H13O4,negative,-,C₁₉H₁₃O₄⁻,1,67,218,6668.65,6668.65,305.0777,305.0777,13.9,44683746.69,0.00014924106624864585,0.75,adduct,M | -H | ; | break 1 bond(s) | H shift -1 | OH | ; | break 1 bond(s) | O,305.08138389727003,negative; neutral; positive,0.75,2,PEEK; PEEK20%GFR,True,True,False,B_可用支持
PEEK,C19H13O3,positive,+,C₁₉H₁₃O₃⁺,1,63,156,19676.28,19676.28,289.0847,289.0847,4.2,44683746.69,0.0004403453483099136,0.5499999999999999,adduct,break 1 bond(s) | H shift -1 | H | ; | break 1 bond(s) | H shift -1 | H,289.0864692777,negative; neutral; positive,0.65,2,PEEK; PEEK20%GFR,True,True,False,B_可用支持
PEEK,C12H9O,positive,+,C₁₂H₉O⁺,1,63,168,16892.02,16892.02,169.0604,169.0604,26.0,44683746.69,0.0003780349959727158,0.45,adduct,break 2 bond(s) | H,169.06533990964,negative; neutral; positive,0.5,7,EVA; PEEK; PEEK20%GFR; PET; PI; POMC; POMH,True,True,False,B_可用支持
PEEK,C19H13O3,negative,-,C₁₉H₁₃O₃⁻,1,63,172,10990.57,10990.57,289.0831,289.0831,13.6,44683746.69,0.00024596348368566046,0.5499999999999999,adduct,break 1 bond(s) | H shift +1 | -H | ; | break 1 bond(s) | H shift +1 | -H | ; | break 2 bond(s) | OH,289.0864692777,negative; neutral; positive,0.65,2,PEEK; PEEK20%GFR,True,True,False,B_可用支持
PEEK,C7H4O,negative,-,C₇H₄O⁻,1,61,290,4110.81,4110.81,104.0242,104.0242,24.6,44683746.69,9.19978807623126e-05,0.4,adduct,break 2 bond(s) | H shift +1 | -H | ; | break 2 bond(s) | H shift +1 | -H,104.02621474849,negative; neutral; positive,0.5,7,EVA; Nomex; PEEK; PEEK20%GFR; PET; POMC; POMH,True,True,False,B_可用支持
PEEK,C7H5O3,negative,-,C₇H₅O₃⁻,1,58,117,18988.93,18988.93,137.0301,137.0301,41.5,44683746.69,0.0004249627975858531,0.48,adduct,break 1 bond(s) | O | ; | break 2 bond(s) | H shift -1 | OH | ; | break 2 bond(s) | O,137.02386901986,negative,0.48,6,EVA; PEEK; PEEK20%GFR; PET; POMC; POMH,True,True,False,B_可用支持
PEEK,C7H2O,negative,-,C₇H₂O⁻,1,58,299,3802.5,3802.5,102.0078,102.0078,32.5,44683746.69,8.509805648976568e-05,0.4,adduct,break 2 bond(s) | H shift -1 | -H | ; | break 2 bond(s) | H shift -1 | -H,102.01056468403,negative; neutral,0.4499999999999999,7,EVA; Nomex; PEEK; PEEK20%GFR; PET; POMC; POMH,True,True,False,B_可用支持
PEI,C9H8Na,positive,+,C₉H₈Na⁺,1,72,43,91307.32,91307.32,139.0502,139.0502,11.7,49201090.160000004,0.001855798717123385,0.2299999999999999,adduct,break 2 bond(s) | H shift -2 | Na | ; | break 2 bond(s) | H shift -2 | Na,139.05236953984002,positive,0.2299999999999999,1,PEI,True,True,False,A_高置信特征
PEI,C3H5,positive,+,C₃H₅⁺,1,100,1,1484180.8,1484180.8,41.0396,41.0396,25.0,49201090.160000004,0.030165608021560146,0.35,adduct,break 2 bond(s) | H shift -2 | H,41.03912516115,negative; neutral; positive,0.45,6,COC; EVA; PEI; PET; POMC; POMH,True,True,False,B_可用支持
PEI,C3H7,positive,+,C₃H₇⁺,2,100,3,769823.1,803679.59,43.0554,44.0572,18.1,49201090.160000004,0.016334589078950603,0.45,adduct,break 2 bond(s) | H,43.05477522561,negative; neutral; positive,0.45,6,COC; EVA; PEI; PET; POMC; POMH,True,True,False,B_可用支持
PEI,C3H6,positive,+,C₃H₆⁺,1,100,26,167781.88,167781.88,42.044,42.044,57.1,49201090.160000004,0.0034101252523954235,0.4,adduct,break 2 bond(s) | H shift -1 | H,42.04695019338,negative; neutral; positive,0.45,6,COC; EVA; PEI; PET; POMC; POMH,True,True,False,B_可用支持
PEI,C3H3,negative,-,C₃H₃⁻,1,100,53,55760.1,55760.1,39.0235,39.0235,13.4,49201090.160000004,0.001133310254278317,0.35,adduct,break 2 bond(s) | H shift -2 | -H,39.02347509669,negative; neutral,0.35,6,COC; EVA; PEI; PET; POMC; POMH,True,True,False,B_可用支持
PEI,C9H9O,negative,-,C₉H₉O⁻,2,100,72,34048.67,37794.13,133.0688,134.0747,20.45,49201090.160000004,0.0007681563533875973,0.45,adduct,break 2 bond(s) | -H | ; | break 2 bond(s) | H shift -2 | OH | ; | break 2 bond(s) | H shift -1 | O,133.06533990964,negative; neutral; positive,0.45,5,EVA; PEI; PET; POMC; POMH,True,True,False,B_可用支持
PEI,C9H11,positive,+,C₉H₁₁⁺,1,100,136,21596.94,21596.94,119.0892,119.0892,30.9,49201090.160000004,0.000438952468934481,0.45,adduct,break 2 bond(s) | H | ; | break 2 bond(s) | H,119.08607535453,negative; neutral; positive,0.45,6,COC; EVA; PEI; PET; POMC; POMH,True,True,False,B_可用支持
PEI,C3H5O,negative,-,C₃H₅O⁻,1,100,119,17005.68,17005.68,57.0359,57.0359,23.0,49201090.160000004,0.00034563624392667315,0.28,adduct,break 2 bond(s) | H shift -1 | O,57.03403978072,negative,0.28,5,EVA; PEI; PET; POMC; POMH,True,True,False,B_可用支持
PEI,C9H11O,positive,+,C₉H₁₁O⁺,1,100,244,10846.29,10846.29,135.0842,135.0842,27.8,49201090.160000004,0.00022044816415100343,0.45,adduct,break 2 bond(s) | H | ; | break 2 bond(s) | H,135.0809899741,negative; neutral; positive,0.45,5,EVA; PEI; PET; POMC; POMH,True,True,False,B_可用支持
PEI,C9H13,positive,+,C₉H₁₃⁺,1,100,327,6746.73,6746.73,121.1086,121.1086,61.3,49201090.160000004,0.00013712562014499882,0.35,adduct,break 2 bond(s) | H shift +2 | H | ; | break 2 bond(s) | H shift +2 | H,121.10172541899,positive,0.35,6,COC; EVA; PEI; PET; POMC; POMH,True,True,False,B_可用支持
PEI,C9H10,positive,+,C₉H₁₀⁺,1,94,198,13711.08,13711.08,118.0765,118.0765,10.2,49201090.160000004,0.0002786743130164821,0.4,adduct,break 2 bond(s) | H shift -1 | H | ; | break 2 bond(s) | H shift -1 | H,118.0782503223,negative; neutral; positive,0.45,6,COC; EVA; PEI; PET; POMC; POMH,True,True,False,B_可用支持
PEI,C9H9,positive,+,C₉H₉⁺,1,93,52,75733.19,75733.19,117.0609,117.0609,76.7,49201090.160000004,0.001539258373213249,0.35,adduct,break 2 bond(s) | H shift -2 | H | ; | break 2 bond(s) | H shift -2 | H,117.07042529007,negative; neutral; positive,0.45,6,COC; EVA; PEI; PET; POMC; POMH,True,True,False,B_可用支持
PEI,C9H12O,positive,+,C₉H₁₂O⁺,1,70,551,1907.19,1907.19,136.0861,136.0861,15.9,49201090.160000004,3.8763165486738064e-05,0.4,adduct,break 2 bond(s) | H shift +1 | H | ; | break 2 bond(s) | H shift +1 | H,136.08881500633,negative; neutral; positive,0.4,5,EVA; PEI; PET; POMC; POMH,True,True,False,B_可用支持
PEI,C8H6O3,positive,+,C₈H₆O₃⁺,1,52,87,39877.81,39877.81,150.0335,150.0335,15.7,49201090.160000004,0.0008105066345139698,0.5,adduct,break 1 bond(s) | H shift +2 | H | ; | break 1 bond(s) | H shift +2 | H | ; | break 2 bond(s) | H shift +2 | H,150.03169405209002,positive,0.5,5,EVA; PEI; PET; POMC; POMH,True,True,False,B_可用支持
PEN,C2H,negative,-,C₂H⁻,2,100,2,3531023.56,3617364.06,25.009,26.0117,22.65,40472199.6,0.08937898349364733,0.35,adduct,break 2 bond(s) | H shift -2 | -H | ; | break 2 bond(s) | H shift -2 | -H,25.00782503223,negative; neutral,0.4,4,EVA; PEN; PET; PVDF,True,True,False,A_高置信特征
PEN,C2H3,positive,+,C₂H₃⁺,1,100,9,335855.79,335855.79,27.0227,27.0227,8.4,40472199.6,0.008298431845053461,0.35,adduct,break 2 bond(s) | H shift -2 | H | ; | break 2 bond(s) | H shift -2 | H,27.02347509669,negative; neutral; positive,0.5,4,EVA; PEN; PET; PVDF,True,True,False,A_高置信特征
PEN,C2HO,negative,-,C₂HO⁻,2,100,16,288094.26,296084.72000000003,41.0038,42.0075,10.35,40472199.6,0.0073157555785527415,0.35,adduct,break 2 bond(s) | H shift -2 | -H | ; | break 2 bond(s) | H shift -2 | -H,41.0027396518,negative; neutral,0.4,3,EVA; PEN; PET,True,True,False,A_高置信特征
PEN,C2H3O,positive,+,C₂H₃O⁺,1,100,37,91604.73,91604.73,43.0182,43.0182,8.3,40472199.6,0.0022633988492189584,0.35,adduct,break 2 bond(s) | H shift -2 | H | ; | break 2 bond(s) | H shift -2 | H,43.01838971626,negative; neutral; positive,0.5499999999999999,3,EVA; PEN; PET,True,True,False,A_高置信特征
PEN,CH3O,negative,-,CH₃O⁻,1,100,77,19812.7,19812.7,31.0195,31.0195,18.1,40472199.6,0.0004895385028690163,0.5499999999999999,adduct,break 1 bond(s) | H shift +1 | -H | ; | break 1 bond(s) | H shift +1 | -H | ; | break 2 bond(s) | H shift +2 | -H,31.01838971626,negative; neutral; positive,0.6,4,PEN; PET; POMC; POMH,True,True,False,A_高置信特征
PEN,C14H11O4,positive,+,C₁₄H₁₁O₄⁺,2,88,94,41133.13,47826.49,243.0674,244.0702,5.55,40472199.6,0.0011817121498876972,0.5499999999999999,adduct,break 1 bond(s) | H shift -1 | H | ; | break 1 bond(s) | H shift -1 | H | ; | break 2 bond(s) | H shift -1 | H,243.06573383281,negative; neutral; positive,0.6,1,PEN,True,True,False,A_高置信特征
PEN,C11H7O,positive,+,C₁₁H₇O⁺,2,100,13,254748.4,289820.69,155.0485,156.0533,6.8999999999999995,40472199.6,0.007160981929927031,0.45,adduct,break 2 bond(s) | H | ; | break 2 bond(s) | H,155.04968984518,negative; neutral; positive,0.45,5,EVA; PEN; PET; POMC; POMH,True,True,False,B_可用支持
PEN,C2H5,positive,+,C₂H₅⁺,2,100,12,255289.22,261718.12,29.0387,30.0418,5.199999999999999,40472199.6,0.006466614678387779,0.45,adduct,break 2 bond(s) | H | ; | break 2 bond(s) | H,29.03912516115,negative; neutral; positive,0.45,6,COC; ETFE; EVA; PEN; PET; PVDF,True,True,False,B_可用支持
PEN,C2H5O,positive,+,C₂H₅O⁺,2,100,57,66707.86,68285.85,45.0341,46.0371,9.85,40472199.6,0.001687228534028084,0.5499999999999999,adduct,break 1 bond(s) | H shift -1 | H | ; | break 1 bond(s) | H shift -1 | H | ; | break 2 bond(s) | H shift -1 | H,45.03403978072,negative; neutral; positive,0.6,5,EVA; PEN; PET; POMC; POMH,True,True,False,B_可用支持
PEN,C3HO2,negative,-,C₃HO₂⁻,2,100,48,49856.05,51966.020000000004,68.9988,70.0028,8.899999999999999,40472199.6,0.0012839929757610703,0.35,adduct,break 2 bond(s) | H shift -2 | -H | ; | break 2 bond(s) | H shift -2 | -H,68.99765427137,negative; neutral,0.4,5,EVA; PEN; PET; POMC; POMH,True,True,False,B_可用支持
PEN,C10H9,positive,+,C₁₀H₉⁺,2,100,88,44947.85,51369.909999999996,129.0649,130.0696,23.35,40472199.6,0.0012692640999922326,0.35,adduct,break 2 bond(s) | H shift +2 | H,129.07042529007,positive,0.35,6,COC; EVA; PEN; PET; POMC; POMH,True,True,False,B_可用支持
PEN,CHO,positive,+,CHO⁺,1,100,84,47580.85,47580.85,29.0015,29.0015,23.8,40472199.6,0.0011756427985199006,0.45,adduct,break 2 bond(s) | H | ; | break 2 bond(s) | H | ; | break 2 bond(s) | H shift -2 | H,29.0027396518,negative; neutral; positive,0.5499999999999999,6,EVA; Nomex; PEEK; PEEK20%GFR; PEN; PET,True,True,False,B_可用支持
PEN,C10H7,negative,-,C₁₀H₇⁻,2,100,55,37580.18,41947.55,127.0555,128.0612,8.6,40472199.6,0.001036453427651113,0.35,adduct,break 2 bond(s) | H shift +2 | -H,127.05477522561,negative; neutral; positive,0.45,6,COC; EVA; PEN; PET; POMC; POMH,True,True,False,B_可用支持
PEN,C10H7O,negative,-,C₁₀H₇O⁻,2,100,84,15402.25,17233.21,143.0499,144.055,4.35,40472199.6,0.00042580364226114356,0.33,adduct,break 2 bond(s) | OH | ; | break 2 bond(s) | H shift +1 | O,143.04968984518,negative; neutral,0.33,5,EVA; PEN; PET; POMC; POMH,True,True,False,B_可用支持
PEN,C3H3O2,negative,-,C₃H₃O₂⁻,1,100,89,13993.2,13993.2,71.0144,71.0144,7.7,40472199.6,0.00034574844308684423,0.45,adduct,break 2 bond(s) | -H | ; | break 2 bond(s) | -H,71.01330433583,negative; neutral; positive,0.5,5,EVA; PEN; PET; POMC; POMH,True,True,False,B_可用支持
PEN,C2H3,negative,-,C₂H₃⁻,1,100,128,7789.0,7789.0,27.0246,27.0246,21.3,40472199.6,0.00019245309315977973,0.45,adduct,break 2 bond(s) | -H | ; | break 2 bond(s) | -H,27.02347509669,negative; neutral; positive,0.5,6,COC; ETFE; EVA; PEN; PET; PVDF,True,True,False,B_可用支持
PEN,C2H3O2,positive,+,C₂H₃O₂⁺,1,100,370,3870.14,3870.14,59.0135,59.0135,12.6,40472199.6,9.562465194009371e-05,0.45,adduct,break 2 bond(s) | H | ; | break 2 bond(s) | H,59.01330433583,negative; neutral; positive,0.5499999999999999,3,EVA; PEN; PET,True,True,False,B_可用支持
PEN,C3H3O2,positive,+,C₃H₃O₂⁺,1,100,378,3691.04,3691.04,71.013,71.013,3.4,40472199.6,9.119939208839046e-05,0.35,adduct,break 2 bond(s) | H shift -2 | H | ; | break 2 bond(s) | H shift -2 | H,71.01330433583,negative; neutral; positive,0.5,5,EVA; PEN; PET; POMC; POMH,True,True,False,B_可用支持
PEN,C2HO2,negative,-,C₂HO₂⁻,1,100,237,1993.84,1993.84,56.9988,56.9988,10.5,40472199.6,4.9264433851032893e-05,0.45,adduct,break 2 bond(s) | -H | ; | break 2 bond(s) | -H,56.99765427137,negative; neutral; positive,0.45,3,EVA; PEN; PET,True,True,False,B_可用支持
PEN,CH3O2,positive,+,CH₃O₂⁺,1,100,519,968.43,968.43,47.0125,47.0125,5.4,40472199.6,2.3928276930122668e-05,0.35,adduct,break 2 bond(s) | H shift +2 | H | ; | break 2 bond(s) | H shift +2 | H,47.01330433583,negative; neutral; positive,0.48,3,EVA; PEN; PET,True,True,False,B_可用支持
PEN,C11H7O2,negative,-,C₁₁H₇O₂⁻,2,96,51,46499.58,51942.48,171.0445,172.0499,4.5,40472199.6,0.0012834113419424825,0.35,adduct,break 2 bond(s) | H shift +2 | -H | ; | break 2 bond(s) | OH | ; | break 2 bond(s) | H shift +1 | O,171.04460446475,negative; neutral; positive,0.45,5,EVA; PEN; PET; POMC; POMH,True,True,False,B_可用支持
PEN,C13H11O3,positive,+,C₁₃H₁₁O₃⁺,1,94,139,24061.41,24061.41,215.0709,215.0709,2.9,40472199.6,0.0005945169829613115,0.5499999999999999,adduct,break 1 bond(s) | H shift -1 | H | ; | break 1 bond(s) | H shift -1 | H | ; | break 2 bond(s) | H shift -1 | H,215.07081921324,negative; neutral; positive,0.6,7,EVA; PEEK; PEEK20%GFR; PEN; PET; POMC; POMH,True,True,False,B_可用支持
PEN,C2H3O2,negative,-,C₂H₃O₂⁻,1,89,58,32444.48,32444.48,59.0145,59.0145,10.9,40472199.6,0.0008016485469200937,0.5499999999999999,adduct,break 1 bond(s) | H shift -1 | -H | ; | break 1 bond(s) | H shift -2 | O | ; | break 1 bond(s) | H shift -1 | -H,59.01330433583,negative; neutral; positive,0.5499999999999999,5,EVA; PEN; PET; POMC; POMH,True,True,False,B_可用支持
PEN,C11H9O,positive,+,C₁₁H₉O⁺,1,89,262,7931.46,7931.46,157.061,157.061,24.1,40472199.6,0.00019597304021993407,0.35,adduct,break 2 bond(s) | H shift +2 | H | ; | break 2 bond(s) | H shift +2 | H,157.06533990964,neutral; positive,0.35,5,EVA; PEN; PET; POMC; POMH,True,True,False,B_可用支持
PEN,C3H5O2,positive,+,C₃H₅O₂⁺,1,89,266,7672.76,7672.76,73.0285,73.0285,1.3,40472199.6,0.00018958099821191827,0.45,adduct,break 2 bond(s) | H | ; | break 2 bond(s) | H,73.02895440029,negative; neutral; positive,0.45,5,EVA; PEN; PET; POMC; POMH,True,True,False,B_可用支持
PEN,CHO2,positive,+,CHO₂⁺,1,88,192,13372.05,13372.05,44.9971,44.9971,0.1,40472199.6,0.0003304008710215987,0.45,adduct,break 2 bond(s) | H | ; | break 2 bond(s) | H,44.99765427137,negative; neutral; positive,0.45,3,EVA; PEN; PET,True,True,False,B_可用支持
PEN,C2H4,positive,+,C₂H₄⁺,1,86,89,44793.62,44793.62,28.0297,28.0297,37.5,40472199.6,0.001106775031817149,0.4,adduct,break 2 bond(s) | H shift -1 | H | ; | break 2 bond(s) | H shift -1 | H,28.03130012892,negative; neutral; positive,0.5,6,COC; ETFE; EVA; PEN; PET; PVDF,True,True,False,B_可用支持
PEN,C10H7,positive,+,C₁₀H₇⁺,1,85,4,552887.08,552887.08,127.0511,127.0511,24.6,40472199.6,0.013660910092961687,0.45,adduct,break 2 bond(s) | H,127.05477522561,negative; neutral; positive,0.45,6,COC; EVA; PEN; PET; POMC; POMH,True,True,False,B_可用支持
PEN,C10H5,positive,+,C₁₀H₅⁺,1,85,36,99022.39,99022.39,125.0355,125.0355,24.6,40472199.6,0.002446676755369629,0.35,adduct,break 2 bond(s) | H shift -2 | H,125.03912516115,negative; neutral; positive,0.45,6,COC; EVA; PEN; PET; POMC; POMH,True,True,False,B_可用支持
PEN,C11H5O,positive,+,C₁₁H₅O⁺,1,85,73,54325.56,54325.56,153.0316,153.0316,12.4,40472199.6,0.0013422932417046095,0.35,adduct,break 2 bond(s) | H shift -2 | H | ; | break 2 bond(s) | H shift -2 | H,153.03403978072,negative; neutral; positive,0.45,5,EVA; PEN; PET; POMC; POMH,True,True,False,B_可用支持
PEN,C14H9O4,positive,+,C₁₄H₉O₄⁺,2,85,113,33475.89,39978.16,241.0508,242.0565,7.6,40472199.6,0.0009877931121885454,0.35,adduct,break 2 bond(s) | H shift -2 | H | ; | break 2 bond(s) | H shift -2 | H | ; | break 2 bond(s) | H shift -2 | H,241.05008376835,negative; neutral; positive,0.5499999999999999,2,PEI; PEN,True,True,False,B_可用支持
PEN,C10H6O,negative,-,C₁₀H₆O⁻,1,85,57,32550.66,32550.66,142.0434,142.0434,6.9,40472199.6,0.000804272076183376,0.33,adduct,break 2 bond(s) | O,142.04186481295,negative; neutral,0.35,5,EVA; PEN; PET; POMC; POMH,True,True,False,B_可用支持
PEN,C10H5O,negative,-,C₁₀H₅O⁻,1,85,96,13106.15,13106.15,141.0343,141.0343,2.0,40472199.6,0.0003238309291200471,0.28,adduct,break 2 bond(s) | H shift -1 | O,141.03403978072,negative; neutral,0.3,5,EVA; PEN; PET; POMC; POMH,True,True,False,B_可用支持
PEN,C10H6,positive,+,C₁₀H₆⁺,1,84,2,809486.02,809486.02,126.044,126.044,19.0,40472199.6,0.02000103844121188,0.4,adduct,break 2 bond(s) | H shift -1 | H,126.04695019338,negative; neutral; positive,0.45,6,COC; EVA; PEN; PET; POMC; POMH,True,True,False,B_可用支持
PEN,C10H8,positive,+,C₁₀H₈⁺,1,84,14,253134.84,253134.84,128.0564,128.0564,44.1,40472199.6,0.006254536261972774,0.4,adduct,break 2 bond(s) | H shift +1 | H,128.06260025784,neutral; positive,0.4,6,COC; EVA; PEN; PET; POMC; POMH,True,True,False,B_可用支持
PEN,C11H6O,positive,+,C₁₁H₆O⁺,1,83,3,565928.88,565928.88,154.0411,154.0411,1.4,40472199.6,0.013983151041783258,0.4,adduct,break 2 bond(s) | H shift -1 | H | ; | break 2 bond(s) | H shift -1 | H,154.04186481295,negative; neutral; positive,0.45,5,EVA; PEN; PET; POMC; POMH,True,True,False,B_可用支持
PEN,C10H3,negative,-,C₁₀H₃⁻,1,81,75,20199.22,20199.22,123.0223,123.0223,14.0,40472199.6,0.0004990887621536636,0.35,adduct,break 2 bond(s) | H shift -2 | -H,123.02347509669,negative; neutral,0.35,6,COC; EVA; PEN; PET; POMC; POMH,True,True,False,B_可用支持
PEN,C10H5,negative,-,C₁₀H₅⁻,1,81,78,19733.71,19733.71,125.04,125.04,2.6,40472199.6,0.00048758679278701716,0.45,adduct,break 2 bond(s) | -H,125.03912516115,negative; neutral; positive,0.45,6,COC; EVA; PEN; PET; POMC; POMH,True,True,False,B_可用支持
PEN,C14H13O4,positive,+,C₁₄H₁₃O₄⁺,1,80,458,1876.87,1876.87,245.0756,245.0756,21.4,40472199.6,4.63743018306324e-05,0.5499999999999999,adduct,break 1 bond(s) | H shift +1 | H | ; | break 1 bond(s) | H shift +1 | H | ; | break 2 bond(s) | H shift +1 | H,245.08138389727,negative; neutral; positive,0.5499999999999999,1,PEN,True,True,False,B_可用支持
PEN,C16H13O4,positive,+,C₁₆H₁₃O₄⁺,1,79,279,7034.21,7034.21,269.0838,269.0838,11.0,40472199.6,0.00017380350140396125,0.35,adduct,break 2 bond(s) | H shift -2 | H | ; | break 2 bond(s) + 1×repeat | H shift -2 | H | ; | break 2 bond(s) + 1×repeat | H shift -2 | H,269.08138389727003,negative; neutral; positive,0.5,3,PEI; PEN; PET,True,True,False,B_可用支持
PEN,C14H13O3,positive,+,C₁₄H₁₃O₃⁺,1,78,367,3947.23,3947.23,229.0877,229.0877,7.8,40472199.6,9.752941621685419e-05,0.35,adduct,break 2 bond(s) | H shift +2 | H | ; | break 2 bond(s) | H shift +2 | H,229.0864692777,neutral; positive,0.5,1,PEN,True,True,False,B_可用支持
PEN,C15H13O4,positive,+,C₁₅H₁₃O₄⁺,1,78,409,2967.66,2967.66,257.081,257.081,0.6,40472199.6,7.332588861812195e-05,0.45,adduct,break 2 bond(s) | H | ; | break 2 bond(s) | H,257.08138389727003,negative; neutral; positive,0.45,1,PEN,True,True,False,B_可用支持
PEN,C2H2Na,positive,+,C₂H₂Na⁺,1,76,353,4305.87,4305.87,49.0051,49.0051,4.7,40472199.6,0.0001063908075804212,0.2299999999999999,adduct,break 2 bond(s) | H shift -2 | Na | ; | break 2 bond(s) | H shift -2 | Na,49.00541934646,positive,0.2299999999999999,4,EVA; PEN; PET; PVDF,True,True,False,B_可用支持
PEN,C10H4O,negative,-,C₁₀H₄O⁻,1,76,174,3946.97,3946.97,140.0271,140.0271,2.4,40472199.6,9.752299205403207e-05,0.2299999999999999,adduct,break 2 bond(s) | H shift -2 | O,140.02621474849,negative; neutral,0.3,5,EVA; PEN; PET; POMC; POMH,True,True,False,B_可用支持
PEN,C2H2O2,negative,-,C₂H₂O₂⁻,1,74,137,6555.09,6555.09,58.0064,58.0064,6.4,40472199.6,0.00016196525182189504,0.5,adduct,break 1 bond(s) | H shift -2 | -H | ; | break 1 bond(s) | H shift -2 | -H | ; | break 2 bond(s) | H shift -2 | O,58.0054793036,negative; neutral; positive,0.5,5,EVA; PEN; PET; POMC; POMH,True,True,False,B_可用支持
PEN,C11H7O,negative,-,C₁₁H₇O⁻,1,72,102,12026.34,12026.34,155.051,155.051,4.9,40472199.6,0.00029715063967019966,0.35,adduct,break 2 bond(s) | H shift +2 | -H | ; | break 2 bond(s) | H shift +2 | -H,155.04968984518,negative; neutral; positive,0.45,5,EVA; PEN; PET; POMC; POMH,True,True,False,B_可用支持
PEN,C12H9O2,positive,+,C₁₂H₉O₂⁺,1,69,239,9784.26,9784.26,185.0571,185.0571,14.1,40472199.6,0.00024175261282314886,0.45,adduct,break 2 bond(s) | H | ; | break 2 bond(s) | H,185.06025452921,negative; neutral; positive,0.45,7,EVA; PEEK; PEEK20%GFR; PEN; PET; POMC; POMH,True,True,False,B_可用支持
PEN,C11H5O2,positive,+,C₁₁H₅O₂⁺,1,68,245,9465.24,9465.24,169.0263,169.0263,12.5,40472199.6,0.0002338701650403997,0.35,adduct,break 2 bond(s) | H shift -2 | H | ; | break 2 bond(s) | H shift -2 | H,169.02895440029,negative; neutral; positive,0.45,5,EVA; PEN; PET; POMC; POMH,True,True,False,B_可用支持
PEN,C15H13O6,positive,+,C₁₅H₁₃O₆⁺,1,67,173,15742.69,15742.69,289.0774,289.0774,23.3,40472199.6,0.0003889753993010056,0.2699999999999999,adduct,break 2 bond(s) + 1×repeat | H shift +2 | H | ; | break 2 bond(s) + 1×repeat | H shift +2 | H,289.07121313641,negative; neutral; positive,0.65,1,PEN,True,True,False,B_可用支持
PEN,C16H15O4,positive,+,C₁₆H₁₅O₄⁺,1,67,460,1846.95,1846.95,271.0956,271.0956,3.3,40472199.6,4.563502893971693e-05,0.45,adduct,break 2 bond(s) | H | ; | break 2 bond(s) + 1×repeat | H | ; | break 2 bond(s) + 1×repeat | H,271.09703396173,negative; neutral; positive,0.45,2,PEN; PET,True,True,False,B_可用支持
PEN,CH3NaO,positive,+,CH₃NaO⁺,1,63,340,4621.47,4621.47,54.0069,54.0069,13.1,40472199.6,0.00011418875291374082,0.48,adduct,break 1 bond(s) | Na | ; | break 1 bond(s) | Na | ; | break 2 bond(s) | H shift +1 | Na,54.00815899826,positive,0.48,5,Nomex; PEN; PET; POMC; POMH,True,True,False,B_可用支持
PEN,C10H4,negative,-,C₁₀H₄⁻,1,62,121,8467.35,8467.35,124.0305,124.0305,10.9,40472199.6,0.00020921398104589305,0.4,adduct,break 2 bond(s) | H shift -1 | -H,124.03130012892,negative; neutral,0.4,6,COC; EVA; PEN; PET; POMC; POMH,True,True,False,B_可用支持
PEN,C17H13O6,positive,+,C₁₇H₁₃O₆⁺,1,57,211,11922.21,11922.21,313.0752,313.0752,14.5,40472199.6,0.00029457776245993804,0.2699999999999999,adduct,break 2 bond(s) + 1×repeat | H shift -2 | H | ; | break 2 bond(s) + 1×repeat | H shift -2 | H,313.07121313641,negative; neutral; positive,0.42,2,PEN; PET,True,True,False,B_可用支持
PEN,C13H9O2,positive,+,C₁₃H₉O₂⁺,1,57,278,7112.93,7112.93,197.0579,197.0579,9.2,40472199.6,0.00017574854023995275,0.35,adduct,break 2 bond(s) | H shift -2 | H | ; | break 2 bond(s) | H shift -2 | H,197.06025452921,negative; neutral; positive,0.5,7,EVA; PEEK; PEEK20%GFR; PEN; PET; POMC; POMH,True,True,False,B_可用支持
PEN,C16H13O5,negative,-,C₁₆H₁₃O₅⁻,1,57,353,495.17,495.17,285.0664,285.0664,36.7,40472199.6,1.2234818094739777e-05,0.5499999999999999,adduct,break 1 bond(s) | H shift -1 | -H | ; | break 1 bond(s) | H shift -1 | -H | ; | break 2 bond(s) | H shift -2 | OH,285.07629851684,negative; neutral; positive,0.6,3,PEI; PEN; PET,True,True,False,B_可用支持
PEN,C2H4O,positive,+,C₂H₄O⁺,1,56,314,5561.97,5561.97,44.024,44.024,37.8,40472199.6,0.00013742692650685584,0.5,adduct,break 1 bond(s) | H shift -2 | H | ; | break 1 bond(s) | H shift -2 | H | ; | break 2 bond(s) | H shift -2 | H,44.02621474849,negative; neutral; positive,0.6,3,EVA; PEN; PET,True,True,False,B_可用支持
PEN,CO2,negative,-,CO₂⁻,1,56,157,5114.51,5114.51,43.9902,43.9902,4.1,40472199.6,0.00012637094228997624,0.4,adduct,break 2 bond(s) | H shift +1 | -H | ; | break 2 bond(s) | O | ; | break 2 bond(s) | H shift +1 | -H,43.98982923914,negative; neutral,0.45,6,EVA; Nomex; PEEK; PEEK20%GFR; PEN; PET,True,True,False,B_可用支持
PEN,C25H17O6,positive,+,C₂₅H₁₇O₆⁺,1,55,437,2302.42,2302.42,413.0964,413.0964,13.5,40472199.6,5.68889267881551e-05,0.37,adduct,break 2 bond(s) + 1×repeat | H | ; | break 2 bond(s) + 1×repeat | H,413.10251326533,negative; neutral; positive,0.37,1,PEN,True,True,False,B_可用支持
PEN,C13H11O3,negative,-,C₁₃H₁₁O₃⁻,1,55,234,2092.48,2092.48,215.0748,215.0748,16.0,40472199.6,5.170166239247347e-05,0.5499999999999999,adduct,break 1 bond(s) | H shift +1 | -H | ; | break 1 bond(s) | H shift +1 | -H | ; | break 2 bond(s) | H shift +1 | -H,215.07081921324,negative; neutral; positive,0.6,7,EVA; PEEK; PEEK20%GFR; PEN; PET; POMC; POMH,True,True,False,B_可用支持
PEN,C12H7O4,negative,-,C₁₂H₇O₄⁻,1,52,168,4368.56,4368.56,215.0382,215.0382,15.0,40472199.6,0.00010793977207011007,0.35,adduct,break 2 bond(s) | H shift +2 | -H,215.03443370389,negative; neutral; positive,0.45,1,PEN,True,True,False,B_可用支持
PFA,CF3,negative,-,CF₃⁻,2,100,5,2575085.69,2603025.7399999998,68.9957,69.9979,9.1,89021933.7,0.029240274074163363,0.5499999999999999,adduct,break 1 bond(s) | H shift +1 | -H | ; | break 1 bond(s) | H shift +1 | -H | ; | break 1 bond(s) | H shift +1 | -H,68.99520948819,negative; neutral,0.6,3,FEP; PFA; PTFE,True,True,False,A_高置信特征
PFA,CF3O,negative,-,CF₃O⁻,1,100,26,111410.48,111410.48,84.9904,84.9904,3.2,89021933.7,0.0012514947201152516,0.48,adduct,break 1 bond(s) | O | ; | break 1 bond(s) | O | ; | break 1 bond(s) | O | ; | break 2 bond(s) | O,84.99012410776,negative,0.48,3,FEP; PFA; PTFE,True,True,False,A_高置信特征
PFA,C2HF4O,negative,-,C₂HF₄O⁻,1,100,39,70625.48,70625.48,116.9926,116.9926,36.8,89021933.7,0.0007933492013103732,0.33,adduct,break 2 bond(s) | OH | ; | break 2 bond(s) | H shift +1 | O | ; | break 2 bond(s) | OH,116.99635230272,negative,0.33,4,ETFE; FEP; PFA; PTFE,True,True,False,A_高置信特征
PFA,CHF3O,negative,-,CHF₃O⁻,1,100,40,62686.51,62686.51,85.9956,85.9956,33.7,89021933.7,0.0007041692692415644,0.48,adduct,break 1 bond(s) | OH | ; | break 1 bond(s) | H shift +1 | O | ; | break 1 bond(s) | OH,85.99794913999,negative,0.48,3,FEP; PFA; PTFE,True,True,False,A_高置信特征
PFA,C4H3F8O,negative,-,C₄H₃F₈O⁻,1,100,60,27356.74,27356.74,219.002,219.002,19.0,89021933.7,0.0003073033674171919,0.2299999999999999,adduct,break 2 bond(s) | H shift +2 | OH | ; | break 2 bond(s) | H shift +2 | OH | ; | break 2 bond(s) | H shift +2 | OH,219.0056150181,negative,0.2299999999999999,3,FEP; PFA; PTFE,True,True,False,A_高置信特征
PFA,C2F4,negative,-,C₂F₄⁻,1,100,61,26738.27,26738.27,99.9923,99.9923,18.6,89021933.7,0.0003003559784502861,0.4,adduct,break 2 bond(s) | H shift +1 | -H | ; | break 2 bond(s) | H shift +1 | -H | ; | break 2 bond(s) | H shift +1 | -H,99.99361265092,negative; neutral,0.45,4,ETFE; FEP; PFA; PTFE,True,True,False,A_高置信特征
PFA,C4HF10O,negative,-,C₄HF₁₀O⁻,1,100,98,7474.99,7474.99,254.9856,254.9856,6.7,89021933.7,8.396795811232754e-05,0.63,adduct,M | OH | ; | M | H shift +1 | O,254.9867712791,negative,0.63,2,FEP; PFA,True,True,False,A_高置信特征
PFA,CHF2O,negative,-,CHF₂O⁻,1,100,13,306167.09,306167.09,66.9978,66.9978,34.3,89021933.7,0.003439232077700869,0.33,adduct,break 2 bond(s) | OH | ; | break 2 bond(s) | H shift +1 | O | ; | break 2 bond(s) | OH,66.99954597726,negative,0.33,5,ETFE; FEP; PFA; PTFE; PVDF,True,True,False,B_可用支持
PFA,CF2,negative,-,CF₂⁻,2,100,36,82527.25,83324.43,49.997,50.9994,13.55,89021933.7,0.0009359988773193767,0.4,adduct,break 2 bond(s) | H shift +1 | -H | ; | break 2 bond(s) | H shift +1 | -H | ; | break 2 bond(s) | H shift +1 | -H,49.99680632546,negative; neutral,0.45,5,ETFE; FEP; PFA; PTFE; PVDF,True,True,False,B_可用支持
PFA,C3F6O,negative,-,C₃F₆O⁻,1,100,108,5758.38,5758.38,165.9863,165.9863,2.5,89021933.7,6.4684957523002e-05,0.33,adduct,break 2 bond(s) | O | ; | break 2 bond(s) | O | ; | break 2 bond(s) | O | ; | break 2 bond(s) | O,165.98533359595,negative,0.33,3,FEP; PFA; PTFE,True,True,False,B_可用支持
PFA,C3F6,negative,-,C₃F₆⁻,1,100,176,1281.45,1281.45,149.9904,149.9904,3.8,89021933.7,1.4394767073005066e-05,0.4,adduct,break 2 bond(s) | H shift +1 | -H | ; | break 2 bond(s) | H shift +1 | -H | ; | break 2 bond(s) | H shift +1 | -H,149.99041897638,negative; neutral,0.45,3,FEP; PFA; PTFE,True,True,False,B_可用支持
PFA,C7HF14O,negative,-,C₇HF₁₄O⁻,1,100,207,864.24,864.24,366.9737,366.9737,19.7,89021933.7,9.708169257617463e-06,0.25,adduct,break 2 bond(s) + 1×repeat | OH | ; | break 2 bond(s) + 1×repeat | H shift +1 | O | ; | break 2 bond(s) + 1×repeat | OH,366.98038393002,negative,0.25,3,FEP; PFA; PTFE,True,True,False,B_可用支持
PFA,C2F4O,negative,-,C₂F₄O⁻,1,100,210,830.26,830.26,115.9858,115.9858,28.2,89021933.7,9.326465574180174e-06,0.33,adduct,break 2 bond(s) | O | ; | break 2 bond(s) | O | ; | break 2 bond(s) | O,115.98852727049,negative,0.33,4,ETFE; FEP; PFA; PTFE,True,True,False,B_可用支持
PFA,C2HF4,negative,-,C₂HF₄⁻,1,100,225,680.36,680.36,100.9965,100.9965,54.3,89021933.7,7.64261089062369e-06,0.35,adduct,break 2 bond(s) | H shift +2 | -H | ; | break 2 bond(s) | H shift +2 | -H | ; | break 2 bond(s) | H shift +2 | -H,101.00143768315,negative; neutral; positive,0.45,4,ETFE; FEP; PFA; PTFE,True,True,False,B_可用支持
PFA,C4HF9,negative,-,C₄HF₉⁻,1,100,226,652.15,652.15,219.9905,219.9905,15.9,89021933.7,7.325722694338642e-06,0.5,adduct,break 1 bond(s) | H shift +2 | -H | ; | break 1 bond(s) | H shift +2 | -H | ; | break 1 bond(s) | H shift +2 | -H,219.9934534968,negative; neutral; positive,0.6,3,FEP; PFA; PTFE,True,True,False,B_可用支持
PFA,C4F8O,negative,-,C₄F₈O⁻,1,100,252,463.06,463.06,215.9845,215.9845,8.4,89021933.7,5.201639424734266e-06,0.33,adduct,break 2 bond(s) | O | ; | break 2 bond(s) | O | ; | break 2 bond(s) | O | ; | break 2 bond(s) | O,215.98213992141,negative,0.33,3,FEP; PFA; PTFE,True,True,False,B_可用支持
PFA,C3HF6,negative,-,C₃HF₆⁻,1,100,254,458.1,458.1,150.9939,150.9939,32.4,89021933.7,5.145922818794039e-06,0.35,adduct,break 2 bond(s) | H shift +2 | -H | ; | break 2 bond(s) | H shift +2 | -H | ; | break 2 bond(s) | H shift +2 | -H,150.99824400861,negative; neutral; positive,0.45,3,FEP; PFA; PTFE,True,True,False,B_可用支持
PFA,C4F8,negative,-,C₄F₈⁻,1,100,271,349.05,349.05,199.9866,199.9866,5.9,89021933.7,3.920943811176728e-06,0.4,adduct,break 2 bond(s) | H shift +1 | -H | ; | break 2 bond(s) | H shift +1 | -H | ; | break 2 bond(s) | H shift +1 | -H,199.98722530184,negative; neutral,0.45,3,FEP; PFA; PTFE,True,True,False,B_可用支持
PFA,C9F19,negative,-,C₉F₁₉⁻,1,100,285,280.03,280.03,468.9687,468.9687,3.2,89021933.7,3.145629266419765e-06,0.4699999999999999,adduct,break 1 bond(s) + 1×repeat | H shift +1 | -H | ; | break 1 bond(s) + 1×repeat | H shift +1 | -H | ; | break 1 bond(s) + 1×repeat | H shift +1 | -H,468.96966009187,negative; neutral,0.52,3,FEP; PFA; PTFE,True,True,False,B_可用支持
PFA,CF2O,negative,-,CF₂O⁻,1,80,255,453.11,453.11,65.9949,65.9949,39.9,89021933.7,5.089869217253365e-06,0.33,adduct,break 2 bond(s) | O | ; | break 2 bond(s) | O | ; | break 2 bond(s) | O | ; | break 2 bond(s) | O,65.99172094503,negative,0.33,5,ETFE; FEP; PFA; PTFE; PVDF,True,True,False,B_可用支持
PFA,CHF2,positive,+,CHF₂⁺,1,73,33,164813.23,164813.23,51.0034,51.0034,13.4,89021933.7,0.0018513777801705963,0.45,adduct,break 2 bond(s) | H | ; | break 2 bond(s) | H | ; | break 2 bond(s) | H | ; | break 2 bond(s) | H,51.00463135769,negative; neutral; positive,0.45,5,ETFE; FEP; PFA; PTFE; PVDF,True,True,False,B_可用支持
PFA,CH2F3O,negative,-,CH₂F₃O⁻,1,66,118,4164.85,4164.85,86.999,86.999,84.2,89021933.7,4.678453755043517e-05,0.4299999999999999,adduct,break 1 bond(s) | H shift +1 | OH | ; | break 1 bond(s) | H shift +2 | O | ; | break 1 bond(s) | H shift +1 | OH,87.00577417222,negative,0.4299999999999999,3,FEP; PFA; PTFE,True,True,False,B_可用支持
PPS,C6H5S2,negative,-,C₆H₅S₂⁻,1,97,16,246580.22,246580.22,140.979,140.979,34.2,36546178.7,0.006747086255559736,0.75,adduct,M | -H,140.98326750995,negative; neutral; positive,0.75,2,PPS; PPS40%GFR,True,True,False,A_高置信特征
PPS,C6H3S2,negative,-,C₆H₃S₂⁻,1,87,61,53826.79,53826.79,138.9658,138.9658,17.0,36546178.7,0.0014728431785400314,0.65,adduct,M | H shift -2 | -H,138.96761744549,negative; neutral,0.65,2,PPS; PPS40%GFR,True,True,False,A_高置信特征
PPS,C6H7S2,negative,-,C₆H₇S₂⁻,1,96,156,13749.8,13749.8,142.9945,142.9945,34.7,36546178.7,0.0003762308533778389,0.65,adduct,M | H shift +2 | -H,142.99891757441,negative; neutral; positive,0.75,2,PPS; PPS40%GFR,True,True,False,B_可用支持
PPS,C6H5OS,negative,-,C₆H₅OS⁻,1,61,342,2173.15,2173.15,125.0013,125.0013,42.9,36546178.7,5.946312521040674e-05,0.48,adduct,break 1 bond(s) | O | ; | break 1 bond(s) | H shift -1 | OH | ; | break 1 bond(s) | O,125.00611095512,negative,0.48,2,PPS; PPS40%GFR,True,True,False,B_可用支持
PTFE,CF3,negative,-,CF₃⁻,1,100,4,716289.43,716289.43,68.9953,68.9953,6.6,59779357.08,0.011982220368168605,0.5499999999999999,adduct,break 1 bond(s) | H shift +1 | -H | ; | break 2 bond(s) | H shift +1 | -H | ; | break 2 bond(s) | H shift +1 | -H,68.99520948819,negative; neutral,0.6,3,FEP; PFA; PTFE,True,True,False,A_高置信特征
PTFE,C2F3,negative,-,C₂F₃⁻,1,100,27,97813.28,97813.28,80.9933,80.9933,30.3,59779357.08,0.00163623840699894,0.45,adduct,break 2 bond(s) | -H | ; | break 2 bond(s) | -H | ; | break 2 bond(s) | -H | ; | break 2 bond(s) | -H,80.99520948819,negative; neutral,0.5,2,ETFE; PTFE,True,True,False,A_高置信特征
PTFE,CH2FO,negative,-,CH₂FO⁻,1,85,30,94424.14,94424.14,49.0068,49.0068,55.4,59779357.08,0.0015795442542755431,0.33,adduct,break 2 bond(s) | OH | ; | break 2 bond(s) | H shift +1 | O | ; | break 2 bond(s) | OH,49.00896784676,negative,0.33,3,ETFE; PTFE; PVDF,True,True,False,A_高置信特征
PTFE,CHFO,negative,-,CHFO⁻,1,80,10,248991.56,248991.56,48.0001,48.0001,33.2,59779357.08,0.004165176277603419,0.33,adduct,break 2 bond(s) | O | ; | break 2 bond(s) | H shift -1 | OH | ; | break 2 bond(s) | O,48.00114281453,negative,0.33,3,ETFE; PTFE; PVDF,True,True,False,A_高置信特征
PTFE,CHF2O,negative,-,CHF₂O⁻,1,100,11,240869.34,240869.34,66.9977,66.9977,35.7,59779357.08,0.004029306298454423,0.48,adduct,break 1 bond(s) | O | ; | break 2 bond(s) | H shift -1 | OH | ; | break 2 bond(s) | O,66.99954597726,negative,0.48,5,ETFE; FEP; PFA; PTFE; PVDF,True,True,False,B_可用支持
PTFE,CHF3,negative,-,CHF₃⁻,1,100,112,9221.38,9221.38,69.9989,69.9989,66.9,59779357.08,0.00015425692831823944,0.5,adduct,break 1 bond(s) | H shift +2 | -H | ; | break 2 bond(s) | H shift +2 | -H | ; | break 2 bond(s) | H shift +2 | -H,70.00303452042,negative; neutral; positive,0.6,3,FEP; PFA; PTFE,True,True,False,B_可用支持
PTFE,C3H2F5,negative,-,C₃H₂F₅⁻,1,100,130,7337.7,7337.7,132.9954,132.9954,96.3,59779357.08,0.00012274638534804397,0.2699999999999999,adduct,break 2 bond(s) + 1×repeat | H shift +2 | -H | ; | break 2 bond(s) + 1×repeat | H shift +2 | -H,133.00766587811,negative; neutral; positive,0.37,1,PTFE,True,True,False,B_可用支持
PTFE,C2HF3,negative,-,C₂HF₃⁻,1,100,220,2834.35,2834.35,81.9964,81.9964,87.6,59779357.08,4.7413524307511674e-05,0.4,adduct,break 2 bond(s) | H shift +1 | -H | ; | break 2 bond(s) | H shift +1 | -H | ; | break 2 bond(s) | H shift +1 | -H,82.00303452042,negative; neutral; positive,0.45,2,ETFE; PTFE,True,True,False,B_可用支持
PTFE,C5H4F9O,negative,-,C₅H₄F₉O⁻,1,100,295,1708.24,1708.24,250.9799,250.9799,129.5,59779357.08,2.857575061762441e-05,0.0699999999999999,adduct,break 2 bond(s) + 2×repeat | H shift +2 | OH | ; | break 2 bond(s) + 2×repeat | H shift +2 | OH,251.01184321306,negative,0.0699999999999999,1,PTFE,True,True,False,B_可用支持
PTFE,C8HF15,negative,-,C₈HF₁₅⁻,1,100,299,1687.21,1687.21,381.9844,381.9844,0.0,59779357.08,2.82239569378788e-05,0.16,adduct,break 2 bond(s) + 3×repeat | H shift +1 | -H | ; | break 2 bond(s) + 3×repeat | H shift +1 | -H | ; | break 2 bond(s) + 3×repeat | H shift +1 | -H,381.98387247318,negative; neutral; positive,0.21,1,PTFE,True,True,False,B_可用支持
PTFE,C3H3F5O,negative,-,C₃H₃F₅O⁻,1,100,342,1387.19,1387.19,149.9927,149.9927,121.7,59779357.08,2.3205167598968767e-05,0.2,adduct,break 2 bond(s) + 1×repeat | H shift +1 | OH | ; | break 2 bond(s) + 1×repeat | H shift +2 | O | ; | break 2 bond(s) + 1×repeat | H shift +1 | OH,150.01040552991,negative,0.2,1,PTFE,True,True,False,B_可用支持
PTFE,C9HF17,negative,-,C₉HF₁₇⁻,1,100,361,1261.13,1261.13,431.9818,431.9818,1.3,59779357.08,2.109641290240521e-05,0.08,adduct,break 2 bond(s) + 4×repeat | H shift +1 | -H | ; | break 2 bond(s) + 4×repeat | H shift +1 | -H,431.98067879864,negative; neutral; positive,0.13,1,PTFE,True,True,False,B_可用支持
PTFE,C7HF15O,negative,-,C₇HF₁₅O⁻,1,100,362,1254.15,1254.15,385.9782,385.9782,2.9,59779357.08,2.097965018796753e-05,0.24,adduct,break 1 bond(s) + 3×repeat | OH | ; | break 1 bond(s) + 3×repeat | H shift +1 | O | ; | break 2 bond(s) + 3×repeat | OH,385.97878709275,negative,0.24,1,PTFE,True,True,False,B_可用支持
PTFE,C6F13O,negative,-,C₆F₁₃O⁻,1,100,450,557.04,557.04,334.9686,334.9686,18.2,59779357.08,9.318266826699702e-06,0.4199999999999999,adduct,M + 2×repeat | H shift -1 | O,334.97415573506,negative,0.4199999999999999,3,FEP; PFA; PTFE,True,True,False,B_可用支持
PTFE,CH2F,positive,+,CH₂F⁺,2,85,167,18819.08,19020.11,33.0133,34.0171,8.65,59779357.08,0.0003181718728514636,0.45,adduct,break 2 bond(s) | H | ; | break 2 bond(s) | H,33.01405322719,negative; neutral; positive,0.45,3,ETFE; PTFE; PVDF,True,True,False,B_可用支持
PTFE,CFO,negative,-,CFO⁻,1,83,197,3499.95,3499.95,46.9941,46.9941,5.0,59779357.08,5.854780263555153e-05,0.28,adduct,break 2 bond(s) | H shift -1 | O | ; | break 2 bond(s) | H shift -1 | O,46.9933177823,negative,0.28,3,ETFE; PTFE; PVDF,True,True,False,B_可用支持
PTFE,CHF3O,negative,-,CHF₃O⁻,1,68,43,49627.85,49627.85,85.9964,85.9964,24.4,59779357.08,0.0008301837360610169,0.48,adduct,break 1 bond(s) | OH | ; | break 1 bond(s) | H shift +1 | O | ; | break 2 bond(s) | OH,85.99794913999,negative,0.48,3,FEP; PFA; PTFE,True,True,False,B_可用支持
PTFE,CHF,positive,+,CHF⁺,1,63,74,57043.95,57043.95,32.0016,32.0016,127.5,59779357.08,0.0009542416109236617,0.4,adduct,break 2 bond(s) | H shift -1 | H | ; | break 2 bond(s) | H shift -1 | H,32.00622819496,negative; neutral; positive,0.45,3,ETFE; PTFE; PVDF,True,True,False,B_可用支持
PTFE,CHF2,positive,+,CHF₂⁺,1,54,56,79321.11,79321.11,51.0026,51.0026,29.1,59779357.08,0.001326898010860976,0.5499999999999999,adduct,break 1 bond(s) | H shift -1 | H | ; | break 2 bond(s) | H shift -1 | H | ; | break 2 bond(s) | H,51.00463135769,negative; neutral; positive,0.6,5,ETFE; FEP; PFA; PTFE; PVDF,True,True,False,B_可用支持
PVDF,C2H,negative,-,C₂H⁻,2,100,4,638372.08,655620.87,25.0085,26.0116,7.4,64422120.6,0.010176952635117075,0.35,adduct,break 2 bond(s) | H shift -2 | -H,25.00782503223,negative; neutral,0.4,4,EVA; PEN; PET; PVDF,True,True,False,A_高置信特征
PVDF,C2H3,positive,+,C₂H₃⁺,1,100,20,391733.45,391733.45,27.0229,27.0229,1.0,64422120.6,0.006080728891746541,0.35,adduct,break 2 bond(s) | H shift -2 | H,27.02347509669,negative; neutral; positive,0.5,4,EVA; PEN; PET; PVDF,True,True,False,A_高置信特征
PVDF,C3F3,negative,-,C₃F₃⁻,1,100,36,88533.19,88533.19,92.9962,92.9962,4.8,64422120.6,0.001374266931535936,0.2699999999999999,adduct,break 2 bond(s) + 1×repeat | H shift -2 | -H | ; | break 2 bond(s) + 1×repeat | H shift -2 | -H,92.99520948819,negative; neutral,0.32,2,ETFE; PVDF,True,True,False,A_高置信特征
PVDF,C3HF3O,negative,-,C₃HF₃O⁻,1,100,43,70895.46,70895.46,109.998,109.998,4.5,64422120.6,0.0011004831778232398,0.1499999999999999,adduct,break 2 bond(s) + 1×repeat | H shift -2 | O | ; | break 2 bond(s) + 1×repeat | H shift -2 | O,109.99794913999,negative,0.1499999999999999,2,ETFE; PVDF,True,True,False,A_高置信特征
PVDF,CF,negative,-,CF⁻,1,100,48,58799.24,58799.24,30.9985,30.9985,14.6,64422120.6,0.0009127181696654673,0.45,adduct,break 2 bond(s) | -H | ; | break 2 bond(s) | -H,30.99840316273,negative; neutral,0.5,3,ETFE; PTFE; PVDF,True,True,False,A_高置信特征
PVDF,C3H2F3O,negative,-,C₃H₂F₃O⁻,1,100,53,54796.52,54796.52,111.0071,111.0071,7.0,64422120.6,0.0008505854742074416,0.2,adduct,break 2 bond(s) + 1×repeat | H shift -1 | O | ; | break 2 bond(s) + 1×repeat | H shift -2 | OH | ; | break 2 bond(s) + 1×repeat | H shift -1 | O,111.00577417222,negative,0.2,2,ETFE; PVDF,True,True,False,A_高置信特征
PVDF,C3HF4O,negative,-,C₃HF₄O⁻,1,100,66,38275.19,38275.19,128.9978,128.9978,7.0,64422120.6,0.0005941311717702134,0.3,adduct,break 1 bond(s) + 1×repeat | H shift -2 | O,128.99635230272,negative,0.3,2,ETFE; PVDF,True,True,False,A_高置信特征
PVDF,CHFO,negative,-,CHFO⁻,1,98,8,474050.13,474050.13,48.0011,48.0011,12.3,64422120.6,0.007358499310250895,0.33,adduct,break 2 bond(s) | O | ; | break 2 bond(s) | H shift -1 | OH | ; | break 2 bond(s) | O,48.00114281453,negative,0.33,3,ETFE; PTFE; PVDF,True,True,False,A_高置信特征
PVDF,C2H2FO,negative,-,C₂H₂FO⁻,1,97,31,113510.86,113510.86,61.0079,61.0079,26.5,64422120.6,0.0017619857735636229,0.38,adduct,break 1 bond(s) | H shift -2 | O | ; | break 1 bond(s) | H shift -2 | O,61.00896784676,negative,0.38,1,PVDF,True,True,False,A_高置信特征
PVDF,C2H2F2O,negative,-,C₂H₂F₂O⁻,1,95,67,38221.31,38221.31,80.0054,80.0054,31.5,64422120.6,0.0005932948130862988,0.53,adduct,M | H shift -2 | O,80.00737100949,negative,0.53,2,ETFE; PVDF,True,True,False,A_高置信特征
PVDF,CH2F,positive,+,CH₂F⁺,2,88,36,253554.95,256381.98,33.0129,34.0158,10.0,64422120.6,0.003979719661696452,0.45,adduct,break 2 bond(s) | H | ; | break 2 bond(s) | H,33.01405322719,negative; neutral; positive,0.45,3,ETFE; PTFE; PVDF,True,True,False,A_高置信特征
PVDF,CHF2O,negative,-,CHF₂O⁻,1,100,13,352857.18,352857.18,66.9993,66.9993,11.9,64422120.6,0.005477267384458002,0.48,adduct,break 1 bond(s) | O,66.99954597726,negative,0.48,5,ETFE; FEP; PFA; PTFE; PVDF,True,True,False,B_可用支持
PVDF,C2H5,positive,+,C₂H₅⁺,2,100,47,195735.8,201718.27,29.0383,30.0416,5.65,64422120.6,0.0031311957464498614,0.45,adduct,break 2 bond(s) | H,29.03912516115,negative; neutral; positive,0.45,6,COC; ETFE; EVA; PEN; PET; PVDF,True,True,False,B_可用支持
PVDF,C2HF2,negative,-,C₂HF₂⁻,1,100,106,18921.15,18921.15,63.005,63.005,2.9,64422120.6,0.0002937057927273509,0.65,adduct,M | H shift -2 | -H,63.00463135769,negative; neutral,0.65,2,ETFE; PVDF,True,True,False,B_可用支持
PVDF,C5H2F6,negative,-,C₅H₂F₆⁻,1,100,149,9378.78,9378.78,176.0046,176.0046,11.5,64422120.6,0.0001455832237847818,0.3399999999999999,adduct,break 1 bond(s) + 2×repeat | H shift -2 | -H,176.00606904084,negative; neutral,0.3399999999999999,2,ETFE; PVDF,True,True,False,B_可用支持
PVDF,C3H3F4O,negative,-,C₃H₃F₄O⁻,1,100,150,9353.05,9353.05,131.0141,131.0141,11.8,64422120.6,0.00014518382681119005,0.3999999999999999,adduct,break 1 bond(s) + 1×repeat | O,131.01200236718,negative,0.3999999999999999,2,ETFE; PVDF,True,True,False,B_可用支持
PVDF,CF2,negative,-,CF₂⁻,1,100,151,9315.76,9315.76,49.9974,49.9974,0.9,64422120.6,0.00014460498836792404,0.6,adduct,break 1 bond(s) | -H,49.99680632546,negative; neutral,0.6,5,ETFE; FEP; PFA; PTFE; PVDF,True,True,False,B_可用支持
PVDF,C2H3F2O,negative,-,C₂H₃F₂O⁻,1,100,171,7511.6,7511.6,81.0141,81.0141,20.3,64422120.6,0.00011659970100394367,0.58,adduct,M | H shift -1 | O,81.01519604172,negative,0.58,2,ETFE; PVDF,True,True,False,B_可用支持
PVDF,C3H2F4O,negative,-,C₃H₂F₄O⁻,1,100,183,6843.99,6843.99,130.0025,130.0025,17.1,64422120.6,0.00010623664567788226,0.3499999999999999,adduct,break 1 bond(s) + 1×repeat | H shift -1 | O,130.00417733495,negative,0.3499999999999999,2,ETFE; PVDF,True,True,False,B_可用支持
PVDF,C3H3F3O,negative,-,C₃H₃F₃O⁻,1,100,240,4416.02,4416.02,112.0093,112.0093,43.3,64422120.6,6.854819367743694e-05,0.25,adduct,break 2 bond(s) + 1×repeat | O | ; | break 2 bond(s) + 1×repeat | H shift -1 | OH | ; | break 2 bond(s) + 1×repeat | O,112.01359920445,negative,0.25,2,ETFE; PVDF,True,True,False,B_可用支持
PVDF,C5H3F5O,negative,-,C₅H₃F₅O⁻,1,100,287,3140.23,3140.23,174.0152,174.0152,24.4,64422120.6,4.874459224181453e-05,0.0699999999999999,adduct,break 2 bond(s) + 2×repeat | H shift -2 | O | ; | break 2 bond(s) + 2×repeat | H shift -2 | O,174.01040552991,negative,0.0699999999999999,2,ETFE; PVDF,True,True,False,B_可用支持
PVDF,C3HF4,negative,-,C₃HF₄⁻,1,100,344,1930.73,1930.73,113.0023,113.0023,2.8,64422120.6,2.9969985185492326e-05,0.4699999999999999,adduct,break 1 bond(s) + 1×repeat | H shift -1 | -H,113.00143768315,negative; neutral,0.47,2,ETFE; PVDF,True,True,False,B_可用支持
PVDF,C2H3,negative,-,C₂H₃⁻,1,100,382,1193.15,1193.15,27.0246,27.0246,21.3,64422120.6,1.852081224410983e-05,0.45,adduct,break 2 bond(s) | -H,27.02347509669,negative; neutral; positive,0.5,6,COC; ETFE; EVA; PEN; PET; PVDF,True,True,False,B_可用支持
PVDF,CHF2,negative,-,CHF₂⁻,1,100,386,1087.69,1087.69,51.0053,51.0053,2.4,64422120.6,1.6883796898793797e-05,0.5499999999999999,adduct,break 1 bond(s) | H shift +1 | -H,51.00463135769,negative; neutral; positive,0.65,5,ETFE; FEP; PFA; PTFE; PVDF,True,True,False,B_可用支持
PVDF,C2H4F2O,negative,-,C₂H₄F₂O⁻,1,97,325,2307.73,2307.73,82.0222,82.0222,16.7,64422120.6,3.58220123539367e-05,0.63,adduct,M | O,82.02302107395,negative,0.63,2,ETFE; PVDF,True,True,False,B_可用支持
PVDF,C2H4,positive,+,C₂H₄⁺,1,96,151,43077.78,43077.78,28.0291,28.0291,58.9,64422120.6,0.0006686799440749859,0.4,adduct,break 2 bond(s) | H shift -1 | H,28.03130012892,negative; neutral; positive,0.45,6,COC; ETFE; EVA; PEN; PET; PVDF,True,True,False,B_可用支持
PVDF,C3H4F3O,negative,-,C₃H₄F₃O⁻,1,96,253,4022.4,4022.4,113.0237,113.0237,15.3,64422120.6,6.243818058978953e-05,0.25,adduct,break 2 bond(s) + 1×repeat | OH | ; | break 2 bond(s) + 1×repeat | H shift +1 | O | ; | break 2 bond(s) + 1×repeat | OH,113.02142423668,negative,0.25,2,ETFE; PVDF,True,True,False,B_可用支持
PVDF,C4H4F2O,negative,-,C₄H₄F₂O⁻,1,96,302,2787.54,2787.54,106.0222,106.0222,12.9,64422120.6,4.326991992871467e-05,0.1499999999999999,adduct,break 2 bond(s) + 1×repeat | H shift -2 | O,106.02302107395,negative,0.1499999999999999,2,ETFE; PVDF,True,True,False,B_可用支持
PVDF,C4H5F2O,negative,-,C₄H₅F₂O⁻,1,96,385,1097.93,1097.93,107.0301,107.0301,12.1,64422120.6,1.7042748512069316e-05,0.2,adduct,break 2 bond(s) + 1×repeat | H shift -1 | O,107.03084610618,negative,0.2,2,ETFE; PVDF,True,True,False,B_可用支持
PVDF,CH3F2O,negative,-,CH₃F₂O⁻,1,94,98,20676.89,20676.89,69.0149,69.0149,12.2,64422120.6,0.000320959474904339,0.4299999999999999,adduct,break 1 bond(s) | H shift +1 | OH | ; | break 1 bond(s) | H shift +2 | O,69.01519604172,negative,0.4299999999999999,5,ETFE; FEP; PFA; PTFE; PVDF,True,True,False,B_可用支持
PVDF,CFO,negative,-,CFO⁻,1,91,400,962.15,962.15,46.9943,46.9943,9.2,64422120.6,1.4935087374320303e-05,0.28,adduct,break 2 bond(s) | H shift -1 | O | ; | break 2 bond(s) | H shift -1 | O,46.9933177823,negative,0.28,3,ETFE; PTFE; PVDF,True,True,False,B_可用支持
PVDF,CClF2,negative,-,CClF₂⁻,1,89,165,8044.7,8044.7,84.9722,84.9722,70.5,64422120.6,0.00012487480891773065,0.4299999999999999,adduct,break 1 bond(s) | H shift -1 | Cl,84.96565900746,negative,0.4299999999999999,5,ETFE; FEP; PFA; PTFE; PVDF,True,True,False,B_可用支持
PVDF,C2H4FO,negative,-,C₂H₄FO⁻,1,89,167,7734.59,7734.59,63.0233,63.0233,29.6,64422120.6,0.00012006108969967685,0.48,adduct,break 1 bond(s) | O | ; | break 1 bond(s) | H shift -1 | OH | ; | break 1 bond(s) | O,63.02461791122,negative,0.48,1,PVDF,True,True,False,B_可用支持
PVDF,CHF,negative,-,CHF⁻,1,88,164,8220.94,8220.94,32.0062,32.0062,18.0,64422120.6,0.00012761051519933977,0.4,adduct,break 2 bond(s) | H shift +1 | -H | ; | break 2 bond(s) | H shift +1 | -H,32.00622819496,negative; neutral; positive,0.5,3,ETFE; PTFE; PVDF,True,True,False,B_可用支持
PVDF,C2H4F,positive,+,C₂H₄F⁺,2,85,128,56227.58,57876.08,47.0278,48.0304,22.25,64422120.6,0.0008983883091858358,0.5499999999999999,adduct,break 1 bond(s) | H shift -1 | H | ; | break 1 bond(s) | H shift -1 | H,47.02970329165,negative; neutral; positive,0.6,1,PVDF,True,True,False,B_可用支持
PVDF,C2H2F,negative,-,C₂H₂F⁻,1,85,236,4544.34,4544.34,45.0148,45.0148,4.4,64422120.6,7.054005608129577e-05,0.5499999999999999,adduct,break 1 bond(s) | H shift -1 | -H | ; | break 1 bond(s) | H shift -1 | -H,45.01405322719,negative; neutral,0.6,1,PVDF,True,True,False,B_可用支持
PVDF,C3HF3,negative,-,C₃HF₃⁻,1,79,270,3524.45,3524.45,93.9994,93.9994,44.5,64422120.6,5.470869271571293e-05,0.32,adduct,break 2 bond(s) + 1×repeat | H shift -1 | -H | ; | break 2 bond(s) + 1×repeat | H shift -1 | -H,94.00303452042,negative; neutral,0.3699999999999999,2,ETFE; PVDF,True,True,False,B_可用支持
PVDF,CHF2,positive,+,CHF₂⁺,1,77,13,490648.12,490648.12,51.0037,51.0037,7.5,64422120.6,0.007616143576621102,0.5499999999999999,adduct,break 1 bond(s) | H shift -1 | H,51.00463135769,negative; neutral; positive,0.65,5,ETFE; FEP; PFA; PTFE; PVDF,True,True,False,B_可用支持
PVDF,C2H6Na,positive,+,C₂H₆Na⁺,1,68,73,112969.77,112969.77,53.036,53.036,3.2,64422120.6,0.0017535866399281492,0.2299999999999999,adduct,break 2 bond(s) | H shift +2 | Na,53.03671947538,positive,0.2299999999999999,6,COC; ETFE; EVA; PEN; PET; PVDF,True,True,False,B_可用支持
PVDF,C2HF,negative,-,C₂HF⁻,1,65,127,13202.39,13202.39,44.004,44.004,63.1,64422120.6,0.00020493566304614937,0.5,adduct,break 1 bond(s) | H shift -2 | -H | ; | break 1 bond(s) | H shift -2 | -H,44.00622819496,negative; neutral,0.55,1,PVDF,True,True,False,B_可用支持
PVDF,CH2F2O,negative,-,CH₂F₂O⁻,1,62,101,19709.48,19709.48,68.0034,68.0034,66.5,64422120.6,0.00030594273855679316,0.48,adduct,break 1 bond(s) | OH | ; | break 1 bond(s) | H shift +1 | O,68.00737100949,negative,0.48,5,ETFE; FEP; PFA; PTFE; PVDF,True,True,False,B_可用支持
PVDF,C2H3F,positive,+,C₂H₃F⁺,1,57,124,58951.8,58951.8,46.0186,46.0186,59.3,64422120.6,0.0009150863003413768,0.5,adduct,break 1 bond(s) | H shift -2 | H | ; | break 1 bond(s) | H shift -2 | H,46.02187825942,negative; neutral; positive,0.65,1,PVDF,True,True,False,B_可用支持
PVDF,CHF,positive,+,CHF⁺,1,57,189,28775.08,28775.08,32.0031,32.0031,80.6,64422120.6,0.00044666458868477545,0.4,adduct,break 2 bond(s) | H shift -1 | H | ; | break 2 bond(s) | H shift -1 | H,32.00622819496,negative; neutral; positive,0.5,3,ETFE; PTFE; PVDF,True,True,False,B_可用支持
PVDF,C2H5Na,positive,+,C₂H₅Na⁺,1,54,96,80432.55,80432.55,52.0271,52.0271,23.9,64422120.6,0.0012485237873402137,0.28,adduct,break 2 bond(s) | H shift +1 | Na,52.02889444315,positive,0.28,6,COC; ETFE; EVA; PEN; PET; PVDF,True,True,False,B_可用支持
PVDF,C2H4FNa,positive,+,C₂H₄FNa⁺,1,51,57,148407.24,148407.24,70.0168,70.0168,30.3,64422120.6,0.0023036689667741235,0.48,adduct,break 1 bond(s) | Na | ; | break 1 bond(s) | Na,70.01947257365,positive,0.48,1,PVDF,True,True,False,B_可用支持
PVDF,CH2FNa,positive,+,CH₂FNa⁺,1,50,70,118897.62,118897.62,56.002,56.002,22.7,64422120.6,0.001845602393908157,0.28,adduct,break 2 bond(s) | H shift +1 | Na | ; | break 2 bond(s) | H shift +1 | Na,56.00382250919,positive,0.28,3,ETFE; PTFE; PVDF,True,True,False,B_可用支持
