material,candidate_rank,label,match_score,matched_count,missing_typical_count,matched_formulas
ETFE,1,EVA乙烯-醋酸乙烯,1.0,4,0,C₂H₃O₂⁻; C₂H₃O₂⁻; C₂H₃O⁺; C₃H₅⁺
ETFE,2,含氟碎片,0.75,3,1,F⁻; CF₂⁻; CF₃⁻
ETFE,3,聚乙烯/聚丙烯碎片,0.6666666666666666,4,2,C₃H₅⁺; C₄H₇⁺; C₅H₉⁺; C₆H₁₁⁺
ETFE,4,含氯碎片,0.6666666666666666,2,1,³⁷Cl⁻; ³⁷Cl⁻
ETFE,5,PVC含氯聚合物,0.6,3,2,³⁷Cl⁻; ³⁷Cl⁻; C₆H₅⁻
ETFE,6,PTFE聚四氟乙烯,0.5714285714285714,4,3,CF₂⁻; CF₃⁻; ¹³CCF₃⁻; C₂F₅⁻
ETFE,7,POM甲醛链,0.5,3,3,CHO⁺; CH₂O⁺; C₂H₃O⁺
ETFE,8,无机基准碎片,0.5,3,3,H⁻; O⁻; HO⁻
ETFE,9,含氯污染,0.5,2,2,³⁷Cl⁻; ³⁷Cl⁻
ETFE,10,低碳含氧碎片,0.5,2,2,C₂H₃O⁺; C₂H₅O⁺
ETFE,11,Cs离子束残留,0.5,1,1,Cs⁺
ETFE,12,丙酮残留,0.5,1,1,C₂H₃O⁺
ETFE,13,含硫碎片,0.4,2,3,O₂S⁻; O₃S⁻
ETFE,14,碱金属离子,0.4,2,3,Na⁺; Cs⁺
ETFE,15,碳簇阴离子,0.4,2,3,C⁻; C₂⁻
ETFE,16,同位素卫星峰,0.4,2,3,C⁻; ³⁷Cl⁻
ETFE,17,含氮碎片,0.3333333333333333,2,4,C₃H₈N⁺; CNO⁻
ETFE,18,硅烷偶联剂,0.3333333333333333,1,2,C₃H₈N⁺
ETFE,19,PVA聚乙烯醇,0.3333333333333333,1,2,C₂H₃O⁺
ETFE,20,样品台胶带残留,0.3333333333333333,1,2,C⁻
FEP,1,含氟碎片,1.0,4,0,F⁻; ¹³CF⁻; ¹³CF₂⁻; ¹³CF₃⁻
FEP,2,EVA乙烯-醋酸乙烯,1.0,4,0,C₂H₃O₂⁻; C₂H₃O₂⁻; C₂H₃O⁺; C₃H₅⁺
FEP,3,PTFE聚四氟乙烯,0.8571428571428571,6,1,¹³CF⁻; ¹³CF₂⁻; ¹³CF₃⁻; ¹³CCF₃⁻; C₂F₅⁻; C₃F₅⁻
FEP,4,聚乙烯/聚丙烯碎片,0.6666666666666666,4,2,C₃H₅⁺; C₄H₇⁺; C₆H₁₁⁺; C₇H₁₃⁺
FEP,5,含氯碎片,0.6666666666666666,2,1,³⁷Cl⁻; ³⁷Cl⁻
FEP,6,PVC含氯聚合物,0.6,3,2,³⁷Cl⁻; ³⁷Cl⁻; C₆H₅⁻
FEP,7,ABS苯乙烯三元共聚,0.6,3,2,C₇H₇⁺; CN⁻; C₄H₅⁺
FEP,8,POM甲醛链,0.5,3,3,CHO⁺; CH₂O⁺; C₂H₃O⁺
FEP,9,无机基准碎片,0.5,3,3,H⁻; O⁻; HO⁻
FEP,10,含氯污染,0.5,2,2,³⁷Cl⁻; ³⁷Cl⁻
FEP,11,低碳含氧碎片,0.5,2,2,C₂H₃O⁺; C₂H₅O⁺
FEP,12,Cs离子束残留,0.5,1,1,Cs⁺
FEP,13,丙酮残留,0.5,1,1,C₂H₃O⁺
FEP,14,碱金属离子,0.4,2,3,Na⁺; Cs⁺
FEP,15,碳簇阴离子,0.4,2,3,C₂⁻; ¹³CC₂⁻
FEP,16,含氮碎片,0.3333333333333333,2,4,CN⁻; CNO⁻
FEP,17,Bi离子束残留,0.3333333333333333,1,2,Bi⁺
FEP,18,PVA聚乙烯醇,0.3333333333333333,1,2,C₂H₃O⁺
FEP,19,PET芳香酯碎片,0.25,1,3,C₇H₅O⁺
FEP,20,聚酰亚胺芳香碎片,0.25,1,3,CN⁻
Nomex,1,含氮碎片,1.0,6,0,CH₄N⁺; C₂H₆N⁺; C₃H₈N⁺; CN⁻; CNO⁻; NO₂⁻
Nomex,2,碳簇阴离子,1.0,5,0,C⁻; C₂⁻; C₃⁻; C₄⁻; C₅⁻
Nomex,3,EVA乙烯-醋酸乙烯,1.0,4,0,C₂H₃O₂⁻; C₂H₃O₂⁻; C₂H₃O⁺; C₃H₅⁺
Nomex,4,丙酮残留,1.0,2,0,C₃H₅O⁺; C₂H₃O⁺
Nomex,5,聚乙烯/聚丙烯碎片,0.8333333333333334,5,1,C₃H₅⁺; C₄H₇⁺; C₅H₉⁺; C₆H₁₁⁺; C₇H₁₃⁺
Nomex,6,POM甲醛链,0.8333333333333334,5,1,CHO⁺; CH₂O⁺; ¹³CH₃O⁺; C₂H₃O⁺; C₂H₄O₂⁺
Nomex,7,ABS苯乙烯三元共聚,0.8,4,1,C₆H₅⁺; C₇H₇⁺; CN⁻; C₄H₅⁺
Nomex,8,含氯污染,0.75,3,1,³⁷Cl⁻; ³⁷Cl⁻; ClO⁻
Nomex,9,低碳含氧碎片,0.75,3,1,C₂H₃O⁺; C₂H₅O⁺; C₃H₇O⁺
Nomex,10,无机基准碎片,0.6666666666666666,4,2,H⁻; O⁻; HO⁻; O₂⁻
Nomex,11,含氯碎片,0.6666666666666666,2,1,³⁷Cl⁻; ³⁷Cl⁻
Nomex,12,PVA聚乙烯醇,0.6666666666666666,2,1,C₂H₃O⁺; C₃H₅O⁺
Nomex,13,PET芳香酯碎片,0.5,2,2,C₆H₅⁺; C₇H₅O⁺
Nomex,14,聚酰亚胺芳香碎片,0.5,2,2,C₆H₄⁺; CN⁻
Nomex,15,IPA异丙醇残留,0.5,1,1,C₃H₇O⁺
Nomex,16,Cs离子束残留,0.5,1,1,Cs⁺
Nomex,17,聚苯乙烯碎片,0.4,2,3,C₆H₅⁺; C₇H₇⁺
Nomex,18,碱金属离子,0.4,2,3,Na⁺; Cs⁺
Nomex,19,PVC含氯聚合物,0.4,2,3,³⁷Cl⁻; ³⁷Cl⁻
Nomex,20,同位素卫星峰,0.4,2,3,C⁻; ³⁷Cl⁻
PAI,1,含氯碎片,1.0,3,0,Cl⁻; Cl⁻; CHCl⁻
PAI,2,无机基准碎片,0.8333333333333334,5,1,O⁻; HO⁻; O₂⁻; H₂O⁻; H⁺
PAI,3,含氯污染,0.75,3,1,Cl⁻; Cl⁻; CHCl⁻
PAI,4,低碳含氧碎片,0.75,3,1,C₂H₃O⁺; ¹³CCH₅O⁺; C₃H₇O⁺
PAI,5,聚乙烯/聚丙烯碎片,0.6666666666666666,4,2,C₄H₇⁺; C₅H₉⁺; C₆H₁₁⁺; C₇H₁₃⁺
PAI,6,含氮碎片,0.6666666666666666,4,2,CH₄N⁺; C₂H₆N⁺; C₃H₈N⁺; CN⁻
PAI,7,PVC含氯聚合物,0.6,3,2,Cl⁻; Cl⁻; C₆H₅⁻
PAI,8,同位素卫星峰,0.6,3,2,C⁻; ³⁰Si⁺; Cl⁻
PAI,9,聚酰亚胺芳香碎片,0.5,2,2,C₆H₄⁺; CN⁻
PAI,10,含氟碎片,0.5,2,2,F⁻; CF⁻
PAI,11,IPA异丙醇残留,0.5,1,1,C₃H₇O⁺
PAI,12,Cs离子束残留,0.5,1,1,Cs⁺
PAI,13,丙酮残留,0.5,1,1,C₂H₃O⁺
PAI,14,Indium键合残留,0.5,1,1,In⁺
PAI,15,PMMA酯链碎片,0.4,2,3,C₂H₃O⁺; C₅H₉O₂⁻
PAI,16,PEG聚醚链,0.4,2,3,¹³CCH₅O⁺; C₂H₅O₂⁻
PAI,17,含硫碎片,0.4,2,3,S⁻; HS⁻
PAI,18,碳簇阴离子,0.4,2,3,C⁻; C₂⁻
PAI,19,ABS苯乙烯三元共聚,0.4,2,3,CN⁻; C₄H₅⁺
PAI,20,Si基底,0.3333333333333333,2,4,³⁰Si⁺; HOSi⁺
PBI,1,聚乙烯/聚丙烯碎片,1.0,6,0,C₃H₅⁺; C₄H₇⁺; C₅H₉⁺; C₆H₁₁⁺; C₇H₁₃⁺; C₈H₁₅⁺
PBI,2,含氮碎片,0.8333333333333334,5,1,CH₄N⁺; C₂H₆N⁺; C₃H₈N⁺; CN⁻; CNO⁻
PBI,3,碱金属离子,0.8,4,1,Li⁺; Na⁺; K⁺; Cs⁺
PBI,4,ABS苯乙烯三元共聚,0.8,4,1,C₆H₅⁺; C₇H₇⁺; CN⁻; C₄H₅⁺
PBI,5,含氯碎片,0.6666666666666666,2,1,³⁷Cl⁻; ³⁷Cl⁻
PBI,6,聚苯乙烯碎片,0.6,3,2,C₆H₅⁺; C₇H₇⁺; C₈H₇⁺
PBI,7,同位素卫星峰,0.6,3,2,C⁻; ³⁷Cl⁻; Cu⁺
PBI,8,无机基准碎片,0.5,3,3,O⁻; HO⁻; H⁺
PBI,9,聚酰亚胺芳香碎片,0.5,2,2,C₆H₄⁺; CN⁻
PBI,10,含氯污染,0.5,2,2,³⁷Cl⁻; ³⁷Cl⁻
PBI,11,Cs离子束残留,0.5,1,1,Cs⁺
PBI,12,Cu基底/氧化铜,0.4,2,3,Cu⁺; Cu⁺
PBI,13,碳簇阴离子,0.4,2,3,C⁻; C₂⁻
PBI,14,PVC含氯聚合物,0.4,2,3,³⁷Cl⁻; ³⁷Cl⁻
PBI,15,POM甲醛链,0.3333333333333333,2,4,CHO⁺; CH₃O⁺
PBI,16,含磷碎片,0.3333333333333333,2,4,O₂P⁻; O₃P⁻
PBI,17,硅烷偶联剂,0.3333333333333333,1,2,C₃H₈N⁺
PBI,18,样品台胶带残留,0.3333333333333333,1,2,C⁻
PBI,19,Na/K加合物,0.3333333333333333,1,2,C₂H₄Na⁺
PBI,20,PET芳香酯碎片,0.25,1,3,C₆H₅⁺
PCTFE,1,含氮碎片,1.0,6,0,CH₄N⁺; C₂H₆N⁺; C₃H₈N⁺; ¹³CN⁻; CNO⁻; NO₂⁻
PCTFE,2,聚乙烯/聚丙烯碎片,0.8333333333333334,5,1,C₃H₅⁺; C₄H₇⁺; C₅H₉⁺; C₆H₁₁⁺; C₇H₁₃⁺
PCTFE,3,PVC含氯聚合物,0.8,4,1,³⁷Cl⁻; ³⁷Cl⁻; C₄H₅⁻; C₆H₅⁻
PCTFE,4,含氯污染,0.75,3,1,³⁷Cl⁻; ³⁷Cl⁻; ClO⁻
PCTFE,5,EVA乙烯-醋酸乙烯,0.75,3,1,C₂H₃O₂⁻; C₂H₃O₂⁻; C₃H₅⁺
PCTFE,6,无机基准碎片,0.6666666666666666,4,2,H⁻; O⁻; HO⁻; O₂⁻
PCTFE,7,含氯碎片,0.6666666666666666,2,1,³⁷Cl⁻; ³⁷Cl⁻
PCTFE,8,含氟碎片,0.5,2,2,F⁻; CF₃⁻
PCTFE,9,Au离子束残留,0.5,1,1,Au⁺
PCTFE,10,碳簇阴离子,0.4,2,3,C⁻; C₂⁻
PCTFE,11,ABS苯乙烯三元共聚,0.4,2,3,C₇H₇⁺; ¹³CN⁻
PCTFE,12,同位素卫星峰,0.4,2,3,C⁻; ³⁷Cl⁻
PCTFE,13,硅烷偶联剂,0.3333333333333333,1,2,C₃H₈N⁺
PCTFE,14,样品台胶带残留,0.3333333333333333,1,2,C⁻
PCTFE,15,Na/K加合物,0.3333333333333333,1,2,C₂H₄Na⁺
PCTFE,16,PTFE聚四氟乙烯,0.2857142857142857,2,5,CF₃⁻; C₃F₇⁻
PCTFE,17,聚酰亚胺芳香碎片,0.25,1,3,¹³CN⁻
PCTFE,18,聚苯乙烯碎片,0.2,1,4,C₇H₇⁺
PCTFE,19,碱金属离子,0.2,1,4,Na⁺
PEEK,1,聚乙烯/聚丙烯碎片,0.8333333333333334,5,1,C₄H₇⁺; C₅H₉⁺; C₆H₁₁⁺; C₇H₁₃⁺; C₈H₁₅⁺
PEEK,2,碳簇阴离子,0.8,4,1,C⁻; C₂⁻; C₃⁻; C₄⁻
PEEK,3,PVC含氯聚合物,0.8,4,1,³⁷Cl⁻; ³⁷Cl⁻; C₄H₅⁻; C₆H₅⁻
PEEK,4,脂肪酸,0.75,3,1,¹³CC₁₃H₂₇O₂⁻; ¹³CC₁₇H₃₃O₂⁻; ¹³CC₁₇H₃₅O₂⁻
PEEK,5,无机基准碎片,0.6666666666666666,4,2,H⁻; O⁻; HO⁻; O₂⁻
PEEK,6,含氯碎片,0.6666666666666666,2,1,³⁷Cl⁻; ³⁷Cl⁻
PEEK,7,含氮碎片,0.5,3,3,C₃H₈N⁺; CN⁻; CNO⁻
PEEK,8,含磷碎片,0.5,3,3,OP⁻; O₂P⁻; O₃P⁻
PEEK,9,聚酰亚胺芳香碎片,0.5,2,2,C₆H₄⁺; CN⁻
PEEK,10,含氯污染,0.5,2,2,³⁷Cl⁻; ³⁷Cl⁻
PEEK,11,含氧芳香碎片,0.5,2,2,C₇H₇O⁺; C₇H₅O⁺
PEEK,12,低碳含氧碎片,0.5,2,2,¹³CCH₅O⁺; C₃H₇O⁺
PEEK,13,EVA乙烯-醋酸乙烯,0.5,2,2,C₂H₃O₂⁻; C₂H₃O₂⁻
PEEK,14,IPA异丙醇残留,0.5,1,1,C₃H₇O⁺
PEEK,15,Cs离子束残留,0.5,1,1,Cs⁺
PEEK,16,碱金属离子,0.4,2,3,⁴¹K⁺; Cs⁺
PEEK,17,ABS苯乙烯三元共聚,0.4,2,3,C₇H₇⁺; CN⁻
PEEK,18,同位素卫星峰,0.4,2,3,C⁻; ³⁷Cl⁻
PEEK,19,POM甲醛链,0.3333333333333333,2,4,CH₂O⁺; C₂H₅O₂⁺
PEEK,20,硅烷偶联剂,0.3333333333333333,1,2,C₃H₈N⁺
PEI,1,聚乙烯/聚丙烯碎片,1.0,6,0,C₃H₅⁺; C₄H₇⁺; C₅H₉⁺; C₆H₁₁⁺; C₇H₁₃⁺; C₈H₁₅⁺
PEI,2,碳簇阴离子,1.0,5,0,C⁻; C₂⁻; C₃⁻; C₄⁻; C₅⁻
PEI,3,PVC含氯聚合物,0.8,4,1,³⁷Cl⁻; ³⁷Cl⁻; C₄H₅⁻; C₆H₅⁻
PEI,4,EVA乙烯-醋酸乙烯,0.75,3,1,C₂H₃O₂⁻; C₂H₃O₂⁻; C₃H₅⁺
PEI,5,无机基准碎片,0.6666666666666666,4,2,O⁻; HO⁻; O₂⁻; H⁺
PEI,6,含氯碎片,0.6666666666666666,2,1,³⁷Cl⁻; ³⁷Cl⁻
PEI,7,同位素卫星峰,0.6,3,2,C⁻; ³⁰Si⁺; ³⁷Cl⁻
PEI,8,Si基底,0.5,3,3,³⁰Si⁺; HOSi⁺; O₂Si⁻
PEI,9,POM甲醛链,0.5,3,3,CH₂O⁺; C₂H₄O₂⁺; C₂H₅O₂⁺
PEI,10,含氮碎片,0.5,3,3,¹³CN⁻; ¹³CNO⁻; NO₂⁻
PEI,11,含磷碎片,0.5,3,3,OP⁻; O₂P⁻; O₃P⁻
PEI,12,聚酰亚胺芳香碎片,0.5,2,2,C₆H₄⁺; ¹³CN⁻
PEI,13,含氯污染,0.5,2,2,³⁷Cl⁻; ³⁷Cl⁻
PEI,14,含氧芳香碎片,0.5,2,2,C₈H₉O⁺; C₇H₅O⁺
PEI,15,低碳含氧碎片,0.5,2,2,¹³CCH₅O⁺; ¹³CC₂H₇O⁺
PEI,16,IPA异丙醇残留,0.5,1,1,¹³CC₂H₇O⁺
PEI,17,Cs离子束残留,0.5,1,1,Cs⁺
PEI,18,聚苯乙烯碎片,0.4,2,3,C₇H₇⁺; C₈H₇⁺
PEI,19,碱金属离子,0.4,2,3,Li⁺; Cs⁺
PEI,20,ABS苯乙烯三元共聚,0.4,2,3,C₇H₇⁺; ¹³CN⁻
PEN,1,聚乙烯/聚丙烯碎片,1.0,6,0,C₃H₅⁺; C₄H₇⁺; C₅H₉⁺; C₆H₁₁⁺; C₇H₁₃⁺; C₈H₁₅⁺
PEN,2,碳簇阴离子,1.0,5,0,C⁻; C₂⁻; C₃⁻; C₄⁻; C₅⁻
PEN,3,含氯碎片,1.0,3,0,³⁷Cl⁻; ³⁷Cl⁻; CHCl⁻
PEN,4,含氮碎片,0.8333333333333334,5,1,CH₄N⁺; C₂H₆N⁺; C₃H₈N⁺; CN⁻; CNO⁻
PEN,5,碱金属离子,0.8,4,1,Li⁺; Na⁺; ⁴¹K⁺; Cs⁺
PEN,6,PVC含氯聚合物,0.8,4,1,³⁷Cl⁻; ³⁷Cl⁻; C₄H₅⁻; C₆H₅⁻
PEN,7,含氯污染,0.75,3,1,³⁷Cl⁻; ³⁷Cl⁻; CHCl⁻
PEN,8,EVA乙烯-醋酸乙烯,0.75,3,1,C₂H₃O₂⁻; C₂H₃O₂⁻; C₃H₅⁺
PEN,9,无机基准碎片,0.6666666666666666,4,2,H⁻; O⁻; HO⁻; O₂⁻
PEN,10,同位素卫星峰,0.6,3,2,C⁻; ³⁷Cl⁻; ⁸¹Br⁻
PEN,11,含磷碎片,0.5,3,3,OP⁻; O₂P⁻; O₃P⁻
PEN,12,含氧芳香碎片,0.5,2,2,C₇H₇O⁺; C₈H₉O⁺
PEN,13,低碳含氧碎片,0.5,2,2,¹³CCH₅O⁺; C₃H₇O⁺
PEN,14,IPA异丙醇残留,0.5,1,1,C₃H₇O⁺
PEN,15,Cs离子束残留,0.5,1,1,Cs⁺
PEN,16,聚苯乙烯碎片,0.4,2,3,C₇H₇⁺; C₁₀H₈⁺
PEN,17,ABS苯乙烯三元共聚,0.4,2,3,C₇H₇⁺; CN⁻
PEN,18,POM甲醛链,0.3333333333333333,2,4,CH₂O⁺; ¹³CH₃O⁺
PEN,19,硅烷偶联剂,0.3333333333333333,1,2,C₃H₈N⁺
PEN,20,PC聚碳酸酯,0.3333333333333333,1,2,C₁₅H₁₅O⁺
PFA,1,含氮碎片,1.0,6,0,CH₄N⁺; C₂H₆N⁺; C₃H₈N⁺; ¹³CN⁻; CNO⁻; NO₂⁻
PFA,2,含氟碎片,1.0,4,0,F⁻; ¹³CF⁻; ¹³CF₂⁻; ¹³CF₃⁻
PFA,3,EVA乙烯-醋酸乙烯,1.0,4,0,C₂H₃O₂⁻; C₂H₃O₂⁻; C₂H₃O⁺; C₃H₅⁺
PFA,4,PTFE聚四氟乙烯,0.8571428571428571,6,1,¹³CF⁻; ¹³CF₂⁻; ¹³CF₃⁻; ¹³CCF₃⁻; C₂F₅⁻; C₃F₅⁻
PFA,5,低碳含氧碎片,0.75,3,1,C₂H₃O⁺; C₂H₅O⁺; C₃H₇O⁺
PFA,6,聚乙烯/聚丙烯碎片,0.6666666666666666,4,2,C₃H₅⁺; C₄H₇⁺; C₆H₁₁⁺; C₇H₁₃⁺
PFA,7,含氯碎片,0.6666666666666666,2,1,³⁷Cl⁻; ³⁷Cl⁻
PFA,8,PVC含氯聚合物,0.6,3,2,³⁷Cl⁻; ³⁷Cl⁻; C₆H₅⁻
PFA,9,ABS苯乙烯三元共聚,0.6,3,2,C₇H₇⁺; ¹³CN⁻; C₄H₅⁺
PFA,10,POM甲醛链,0.5,3,3,CHO⁺; CH₂O⁺; C₂H₃O⁺
PFA,11,无机基准碎片,0.5,3,3,H⁻; O⁻; HO⁻
PFA,12,PET芳香酯碎片,0.5,2,2,C₇H₅O⁺; C₈H₅O₃⁺
PFA,13,聚酰亚胺芳香碎片,0.5,2,2,C₆H₄⁺; ¹³CN⁻
PFA,14,含氯污染,0.5,2,2,³⁷Cl⁻; ³⁷Cl⁻
PFA,15,IPA异丙醇残留,0.5,1,1,C₃H₇O⁺
PFA,16,Cs离子束残留,0.5,1,1,Cs⁺
PFA,17,丙酮残留,0.5,1,1,C₂H₃O⁺
PFA,18,PDMS主链碎片,0.4,2,3,CH₃Si⁺; CH₃Si⁺
PFA,19,聚苯乙烯碎片,0.4,2,3,C₇H₇⁺; C₈H₇⁺
PFA,20,碱金属离子,0.4,2,3,Na⁺; Cs⁺
PI,1,聚乙烯/聚丙烯碎片,1.0,6,0,C₃H₅⁺; C₄H₇⁺; C₅H₉⁺; C₆H₁₁⁺; C₇H₁₃⁺; C₈H₁₅⁺
PI,2,含氮碎片,1.0,6,0,CH₄N⁺; C₂H₆N⁺; C₃H₈N⁺; ¹³CN⁻; ¹³CNO⁻; NO₂⁻
PI,3,碳簇阴离子,1.0,5,0,C⁻; C₂⁻; C₃⁻; C₄⁻; C₅⁻
PI,4,同位素卫星峰,1.0,5,0,C⁻; ³⁰Si⁺; ³⁷Cl⁻; ⁸¹Br⁻; Cu⁺
PI,5,含氯碎片,1.0,3,0,³⁷Cl⁻; ³⁷Cl⁻; CHCl⁻
PI,6,PVC含氯聚合物,0.8,4,1,³⁷Cl⁻; ³⁷Cl⁻; C₄H₅⁻; C₆H₅⁻
PI,7,含氯污染,0.75,3,1,³⁷Cl⁻; ³⁷Cl⁻; CHCl⁻
PI,8,脂肪酸,0.75,3,1,C₁₆H₃₁O₂⁻; ¹³CC₁₇H₃₃O₂⁻; C₁₈H₃₅O₂⁻
PI,9,EVA乙烯-醋酸乙烯,0.75,3,1,C₂H₃O₂⁻; C₂H₃O₂⁻; C₃H₅⁺
PI,10,无机基准碎片,0.6666666666666666,4,2,H⁻; O⁻; HO⁻; O₂⁻
PI,11,硅烷偶联剂,0.6666666666666666,2,1,CH₃OSi⁺; C₃H₈N⁺
PI,12,样品台胶带残留,0.6666666666666666,2,1,C₈H₅O₃⁺; C⁻
PI,13,POM甲醛链,0.5,3,3,CH₂O⁺; ¹³CH₃O⁺; C₂H₄O₂⁺
PI,14,含磷碎片,0.5,3,3,OP⁻; O₂P⁻; O₃P⁻
PI,15,PET芳香酯碎片,0.5,2,2,C₇H₅O⁺; C₈H₅O₃⁺
PI,16,聚酰胺酰胺骨架,0.5,2,2,C₅H₁₀NO⁺; CH₂NO⁻
PI,17,聚酰亚胺芳香碎片,0.5,2,2,C₆H₄⁺; ¹³CN⁻
PI,18,含氧芳香碎片,0.5,2,2,C₇H₇O⁺; C₇H₅O⁺
PI,19,低碳含氧碎片,0.5,2,2,C₂H₅O⁺; C₃H₇O⁺
PI,20,IPA异丙醇残留,0.5,1,1,C₃H₇O⁺
PPS,1,含氮碎片,1.0,6,0,CH₄N⁺; C₂H₆N⁺; C₃H₈N⁺; ¹³CN⁻; CNO⁻; NO₂⁻
PPS,2,聚乙烯/聚丙烯碎片,0.8333333333333334,5,1,C₃H₅⁺; C₄H₇⁺; C₅H₉⁺; C₆H₁₁⁺; C₇H₁₃⁺
PPS,3,含硫碎片,0.8,4,1,³⁴S⁻; HS⁻; O₂S⁻; O₃S⁻
PPS,4,碳簇阴离子,0.8,4,1,C⁻; C₂⁻; C₃⁻; C₄⁻
PPS,5,PVC含氯聚合物,0.8,4,1,³⁷Cl⁻; ³⁷Cl⁻; C₄H₅⁻; C₆H₅⁻
PPS,6,EVA乙烯-醋酸乙烯,0.75,3,1,C₂H₃O₂⁻; C₂H₃O₂⁻; C₃H₅⁺
PPS,7,含氯碎片,0.6666666666666666,2,1,³⁷Cl⁻; ³⁷Cl⁻
PPS,8,样品台胶带残留,0.6666666666666666,2,1,C₈H₅O₃⁺; C⁻
PPS,9,聚苯乙烯碎片,0.6,3,2,C₇H₇⁺; C₈H₇⁺; C₁₀H₈⁺
PPS,10,碱金属离子,0.6,3,2,Na⁺; ⁴¹K⁺; Cs⁺
PPS,11,无机基准碎片,0.5,3,3,H⁻; O⁻; HO⁻
PPS,12,PET芳香酯碎片,0.5,2,2,C₇H₅O⁺; C₈H₅O₃⁺
PPS,13,含氯污染,0.5,2,2,³⁷Cl⁻; ³⁷Cl⁻
PPS,14,脂肪酸,0.5,2,2,C₁₆H₃₁O₂⁻; C₁₈H₃₅O₂⁻
PPS,15,低碳含氧碎片,0.5,2,2,C₂H₅O⁺; C₃H₇O⁺
PPS,16,IPA异丙醇残留,0.5,1,1,C₃H₇O⁺
PPS,17,Cs离子束残留,0.5,1,1,Cs⁺
PPS,18,丙酮残留,0.5,1,1,C₃H₅O⁺
PPS,19,ABS苯乙烯三元共聚,0.4,2,3,C₇H₇⁺; ¹³CN⁻
PPS,20,同位素卫星峰,0.4,2,3,C⁻; ³⁷Cl⁻
PTFE,1,EVA乙烯-醋酸乙烯,1.0,4,0,C₂H₃O₂⁻; C₂H₃O₂⁻; C₂H₃O⁺; C₃H₅⁺
PTFE,2,ABS苯乙烯三元共聚,0.8,4,1,C₆H₅⁺; C₇H₇⁺; CN⁻; C₄H₅⁺
PTFE,3,含氟碎片,0.75,3,1,F⁻; CF⁻; CF₃⁻
PTFE,4,聚乙烯/聚丙烯碎片,0.6666666666666666,4,2,C₃H₅⁺; C₄H₇⁺; C₆H₁₁⁺; C₇H₁₃⁺
PTFE,5,含氮碎片,0.6666666666666666,4,2,C₂H₆N⁺; C₃H₈N⁺; CN⁻; CNO⁻
PTFE,6,含氯碎片,0.6666666666666666,2,1,³⁷Cl⁻; ³⁷Cl⁻
PTFE,7,碱金属离子,0.6,3,2,Na⁺; ⁴¹K⁺; Cs⁺
PTFE,8,碳簇阴离子,0.6,3,2,C⁻; C₂⁻; C₃⁻
PTFE,9,同位素卫星峰,0.6,3,2,C⁻; ³⁰Si⁺; ³⁷Cl⁻
PTFE,10,无机基准碎片,0.5,3,3,H⁻; O⁻; HO⁻
PTFE,11,含氯污染,0.5,2,2,³⁷Cl⁻; ³⁷Cl⁻
PTFE,12,低碳含氧碎片,0.5,2,2,C₂H₃O⁺; C₂H₅O⁺
PTFE,13,Cs离子束残留,0.5,1,1,Cs⁺
PTFE,14,Au离子束残留,0.5,1,1,Au⁺
PTFE,15,丙酮残留,0.5,1,1,C₂H₃O⁺
PTFE,16,Indium键合残留,0.5,1,1,In⁺
PTFE,17,PTFE聚四氟乙烯,0.42857142857142855,3,4,CF⁻; CF₃⁻; C₂F₃⁻
PTFE,18,聚苯乙烯碎片,0.4,2,3,C₆H₅⁺; C₇H₇⁺
PTFE,19,重金属离子,0.4,2,3,Pb⁺; Hg⁺
PTFE,20,PVC含氯聚合物,0.4,2,3,³⁷Cl⁻; ³⁷Cl⁻
PVDF,1,含氮碎片,1.0,6,0,CH₄N⁺; C₂H₆N⁺; C₃H₈N⁺; ¹³CN⁻; CNO⁻; NO₂⁻
PVDF,2,含氟碎片,1.0,4,0,F⁻; CF⁻; CF₂⁻; CF₃⁻
PVDF,3,聚乙烯/聚丙烯碎片,0.8333333333333334,5,1,C₃H₅⁺; C₄H₇⁺; C₅H₉⁺; C₆H₁₁⁺; C₇H₁₃⁺
PVDF,4,EVA乙烯-醋酸乙烯,0.75,3,1,C₂H₃O₂⁻; C₂H₃O₂⁻; C₃H₅⁺
PVDF,5,PTFE聚四氟乙烯,0.7142857142857143,5,2,CF⁻; CF₂⁻; CF₃⁻; C₂F₃⁻; C₂F₅⁻
PVDF,6,POM甲醛链,0.6666666666666666,4,2,CHO⁺; CH₂O⁺; CH₃O⁺; C₂H₅O₂⁺
PVDF,7,无机基准碎片,0.6666666666666666,4,2,H⁻; O⁻; HO⁻; O₂⁻
PVDF,8,含氯碎片,0.6666666666666666,2,1,³⁷Cl⁻; ³⁷Cl⁻
PVDF,9,碱金属离子,0.6,3,2,Na⁺; ⁴¹K⁺; Cs⁺
PVDF,10,PVC含氯聚合物,0.6,3,2,³⁷Cl⁻; ³⁷Cl⁻; C₄H₅⁻
PVDF,11,聚酰亚胺芳香碎片,0.5,2,2,C₆H₄⁺; ¹³CN⁻
PVDF,12,含氯污染,0.5,2,2,³⁷Cl⁻; ³⁷Cl⁻
PVDF,13,Cs离子束残留,0.5,1,1,Cs⁺
PVDF,14,碳簇阴离子,0.4,2,3,C⁻; C₂⁻
PVDF,15,ABS苯乙烯三元共聚,0.4,2,3,C₇H₇⁺; ¹³CN⁻
PVDF,16,同位素卫星峰,0.4,2,3,C⁻; ³⁷Cl⁻
PVDF,17,硅烷偶联剂,0.3333333333333333,1,2,C₃H₈N⁺
PVDF,18,样品台胶带残留,0.3333333333333333,1,2,C⁻
PVDF,19,聚酰胺酰胺骨架,0.25,1,3,C₅H₁₀NO⁺
PVDF,20,低碳含氧碎片,0.25,1,3,C₂H₅O⁺
