spectrum_id,material,source_file,ion_mode,mz,intensity,centroid_peak_count,peak_category,category_label,included_in_main_eval,matched,matched_formula,matched_mass_error_da,matched_mass_error_ppm,matched_formula_score,network_has_match,best_match_rank,matched_formula,error_category
COC_+COC-All,COC,data/COC/+COC-All.TXT,positive,22.989191764119717,151.27525469684247,14,contaminant,Na+,False,False,,,,,False,0,,missing
COC_+COC-All,COC,data/COC/+COC-All.TXT,positive,27.022885119839604,111.01443703651243,11,low_mass_feature,C2H3+,True,True,C2H3,-0.0005899768503958,-21.83201265880571,0.6580000000000001,True,31,C2H3,rank_1_50
COC_+COC-All,COC,data/COC/+COC-All.TXT,positive,39.022737057096016,344.3228149691936,27,structural_candidate,,True,True,C3H3,-0.0007380395939833,-18.9127081110706,0.6580000000000001,True,32,C3H3,rank_1_50
COC_+COC-All,COC,data/COC/+COC-All.TXT,positive,41.03984321800392,824.0006879596937,43,structural_candidate,,True,True,C3H5,0.0007180568539197,17.49688501156318,0.8800000000000001,True,7,C3H5,rank_1_50
COC_+COC-All,COC,data/COC/+COC-All.TXT,positive,55.05553460392024,143.43656101089607,14,structural_candidate,,True,True,C4H7,0.000759378310235,13.793141596223432,0.8800000000000001,True,8,C4H7,rank_1_50
COC_+COC-All,COC,data/COC/+COC-All.TXT,positive,67.05610930503828,779.3399633762633,47,structural_candidate,,True,True,C5H7,0.0013340794282754,19.895367985156383,0.8800000000000001,True,9,C5H7,rank_1_50
COC_+COC-All,COC,data/COC/+COC-All.TXT,positive,77.0365477216115,128.4744493793187,13,structural_candidate,,True,True,C6H5,-0.0025774395384985,-33.45624100879995,0.6580000000000001,True,39,C6H5,rank_1_50
COC_+COC-All,COC,data/COC/+COC-All.TXT,positive,79.05456829836636,139.6507592849266,14,structural_candidate,,True,True,C6H7,-0.0002069272436386,-2.6175173232502416,0.6580000000000001,True,40,C6H7,rank_1_50
COC_+COC-All,COC,data/COC/+COC-All.TXT,positive,91.05309981481626,230.073955667068,22,structural_candidate,,True,False,,,,,False,0,,missing
COC_+COC-All,COC,data/COC/+COC-All.TXT,positive,132.90458541685678,5234.284673674413,95,contaminant,Cs+,False,False,,,,,False,0,,missing
COC_-COC-All,COC,data/COC/-COC-All.TXT,negative,1.0086972727382977,2133.4090259618547,70,low_mass_background,below_min_main_mz,False,False,,,,,False,0,,missing
COC_-COC-All,COC,data/COC/-COC-All.TXT,negative,12.000344482628575,51.168882647746585,28,low_mass_background,below_min_main_mz,False,False,,,,,False,0,,missing
COC_-COC-All,COC,data/COC/-COC-All.TXT,negative,13.008340392350082,195.35811626756472,54,low_mass_background,below_min_main_mz,False,False,,,,,False,0,,missing
COC_-COC-All,COC,data/COC/-COC-All.TXT,negative,24.00025087389415,138.91528059021817,45,low_mass_background,below_min_main_mz,False,False,,,,,True,46,C2,rank_1_50
COC_-COC-All,COC,data/COC/-COC-All.TXT,negative,25.008753529586045,476.6108241483043,72,structural_candidate,,True,True,C2H,0.0009284973560461,37.128273044517904,0.6580000000000001,True,24,C2H,rank_1_50
COC_-COC-All,COC,data/COC/-COC-All.TXT,negative,49.0082188787225,57.60680188914051,31,structural_candidate,,True,True,C4H,0.0003938464924999,8.036400151219679,0.6580000000000001,True,28,C4H,rank_1_50
ETFE_+ETFE-1,ETFE,data/ETFE/+ETFE-1.txt,positive,27.02364821547256,660.3982203427162,16,low_mass_feature,C2H3+,True,True,C2H3,0.0001731187825591,6.406236871449053,0.6580000000000001,True,74,C2H3,rank_51_100
ETFE_+ETFE-1,ETFE,data/ETFE/+ETFE-1.txt,positive,30.99900987094016,1754.2399013259328,30,low_mass_feature,CF+,True,True,CF,0.0006067082101601,19.572240769151485,0.99,True,4,CF,rank_1_50
ETFE_+ETFE-1,ETFE,data/ETFE/+ETFE-1.txt,positive,39.02420801274103,1290.3043918770095,26,structural_candidate,,True,True,C3H3,0.000732916051028,18.781414243916608,0.6580000000000001,True,75,C3H3,rank_51_100
ETFE_+ETFE-1,ETFE,data/ETFE/+ETFE-1.txt,positive,51.01189029486277,3019.930840051099,68,structural_candidate,,True,True,CHF2,0.0072589371727715,142.319177289322,0.8240000000000002,True,24,CHF2,rank_1_50
ETFE_+ETFE-1,ETFE,data/ETFE/+ETFE-1.txt,positive,57.01448800180107,1545.7556935817806,29,structural_candidate,,True,False,,,,,False,0,,missing
ETFE_+ETFE-1,ETFE,data/ETFE/+ETFE-1.txt,positive,68.99585945020432,965.8869653319238,25,structural_candidate,,True,True,CF3,0.0006499620143216,9.42039337430976,0.79,True,31,CF3,rank_1_50
ETFE_+ETFE-1,ETFE,data/ETFE/+ETFE-1.txt,positive,75.0045072373252,1146.4274701554998,28,structural_candidate,,True,False,,,,,False,0,,missing
ETFE_+ETFE-1,ETFE,data/ETFE/+ETFE-1.txt,positive,77.02355038498834,3435.623981322409,48,structural_candidate,,True,False,,,,,False,0,,missing
ETFE_+ETFE-1,ETFE,data/ETFE/+ETFE-1.txt,positive,81.011459,32.00740055504163,1,structural_candidate,,True,True,C2F3,0.0162495118100025,200.6231221906021,1.0,True,1,C2F3,rank_1_50
ETFE_+ETFE-1,ETFE,data/ETFE/+ETFE-1.txt,positive,95.01145489824106,1225.0275318267918,29,structural_candidate,,True,True,C3H2F3,0.0005953455910514,6.266079412970112,0.772,True,34,C3H2F3,rank_1_50
ETFE_-ETFE-1,ETFE,data/ETFE/-ETFE-1.txt,negative,1.0083216305391076,392.78678091262617,33,low_mass_background,below_min_main_mz,False,False,,,,,False,0,,missing
ETFE_-ETFE-1,ETFE,data/ETFE/-ETFE-1.txt,negative,19.000621596285665,2156.805855183419,52,low_mass_feature,F-,True,True,F,0.0022184335556652,116.76947460601312,0.74,True,30,F,rank_1_50
ETFE_-ETFE-1,ETFE,data/ETFE/-ETFE-1.txt,negative,23.99960543293204,38.90992133501177,14,low_mass_background,below_min_main_mz,False,False,,,,,True,113,C2,rank_101_200
ETFE_-ETFE-1,ETFE,data/ETFE/-ETFE-1.txt,negative,25.00771147771517,111.98389263001248,28,structural_candidate,,True,True,C2H,-0.0001135545148329,-4.540759329794618,0.6580000000000001,True,55,C2H,rank_51_100
ETFE_-ETFE-1,ETFE,data/ETFE/-ETFE-1.txt,negative,39.0086891426647,1073.408332592388,71,structural_candidate,,True,False,,,,,False,0,,missing
ETFE_-ETFE-1,ETFE,data/ETFE/-ETFE-1.txt,negative,42.99826788883917,64.32161391916365,22,structural_candidate,,True,False,,,,,False,0,,missing
ETFE_-ETFE-1,ETFE,data/ETFE/-ETFE-1.txt,negative,48.00013907375432,80.98024717933839,26,structural_candidate,,True,True,C4,0.0001390737543189,2.897369881645536,0.6580000000000001,True,58,C4,rank_51_100
ETFE_-ETFE-1,ETFE,data/ETFE/-ETFE-1.txt,negative,49.00785075912203,62.89455335039847,22,structural_candidate,,True,True,C4H,2.5726892026511905e-05,0.5249547803762483,0.6580000000000001,True,59,C4H,rank_51_100
ETFE_-ETFE-1,ETFE,data/ETFE/-ETFE-1.txt,negative,66.99839518340902,25.3515590268191,10,structural_candidate,,True,False,,,,,False,0,,missing
ETFE_-ETFE-1,ETFE,data/ETFE/-ETFE-1.txt,negative,71.99967832121695,60.57297686846896,22,structural_candidate,,True,False,,,,,False,0,,missing
EVA_+EVA-All,EVA,data/EVA/+EVA-All.TXT,positive,27.022404143145625,415.9204124189064,14,low_mass_feature,C2H3+,True,True,C2H3,-0.0010709535443744,-39.63048943715061,0.7980000000000003,True,32,C2H3,rank_1_50
EVA_+EVA-All,EVA,data/EVA/+EVA-All.TXT,positive,29.03893608407068,1063.1487488415198,29,low_mass_feature,C2H5+,True,True,C2H5,-0.0001890770793231,-6.5111148587939525,0.908,True,12,C2H5,rank_1_50
EVA_+EVA-All,EVA,data/EVA/+EVA-All.TXT,positive,39.021360635304575,309.5169138090825,11,structural_candidate,,True,True,C3H3,-0.0021144613854247,-54.1843436594414,0.6580000000000001,True,93,C3H3,rank_51_100
EVA_+EVA-All,EVA,data/EVA/+EVA-All.TXT,positive,41.03962912274527,3847.5527108433735,55,structural_candidate,,True,True,C3H5,0.0005039615952711,12.28002773675562,0.8580000000000001,True,24,C3H5,rank_1_50
EVA_+EVA-All,EVA,data/EVA/+EVA-All.TXT,positive,43.01716254069407,168.2460611677479,6,structural_candidate,,True,True,C2H3O,-0.0012271755659298,-28.526766669419008,1.0,True,1,C2H3O,rank_1_50
EVA_+EVA-All,EVA,data/EVA/+EVA-All.TXT,positive,43.05556153777322,2534.6298656163112,48,structural_candidate,,True,True,C3H7,0.0007863121632212,18.26306510952375,0.908,True,13,C3H7,rank_1_50
EVA_+EVA-All,EVA,data/EVA/+EVA-All.TXT,positive,55.05615124230492,3593.115732159407,59,structural_candidate,,True,True,C4H7,0.0013760166949197,24.993593912261165,0.7980000000000003,True,33,C4H7,rank_1_50
EVA_+EVA-All,EVA,data/EVA/+EVA-All.TXT,positive,57.07154771627981,396.91554680259503,14,structural_candidate,,True,True,C4H9,0.001122426209811,19.667388215632663,0.908,True,14,C4H9,rank_1_50
EVA_+EVA-All,EVA,data/EVA/+EVA-All.TXT,positive,67.05489320749265,530.2537071362373,18,structural_candidate,,True,True,C5H7,0.0001179818826528,1.7594851709803965,0.6580000000000001,True,97,C5H7,rank_51_100
EVA_+EVA-All,EVA,data/EVA/+EVA-All.TXT,positive,69.07149892734977,758.7899675625579,25,structural_candidate,,True,True,C5H9,0.0010736372797595,15.544095396121188,0.8780000000000001,True,19,C5H9,rank_1_50
EVA_+EVA-All,EVA,data/EVA/+EVA-All.TXT,positive,91.05207734236178,615.908827618165,21,structural_candidate,,True,False,,,,,False,0,,missing
EVA_-EVA-1-All,EVA,data/EVA/-EVA-1-All.TXT,negative,1.0083970737084924,3196.358892468255,66,low_mass_background,below_min_main_mz,False,False,,,,,False,0,,missing
EVA_-EVA-1-All,EVA,data/EVA/-EVA-1-All.TXT,negative,13.007594261259872,371.9412573728274,60,low_mass_background,below_min_main_mz,False,False,,,,,False,0,,missing
EVA_-EVA-1-All,EVA,data/EVA/-EVA-1-All.TXT,negative,25.00919138078368,747.7749983846701,91,structural_candidate,,True,True,C2H,0.001366348553681,54.63684074564909,0.6580000000000001,True,74,C2H,rank_51_100
EVA_-EVA-1-All,EVA,data/EVA/-EVA-1-All.TXT,negative,34.97103735591797,341.69120429770066,71,contaminant,Cl-,False,False,,,,,False,0,,missing
EVA_-EVA-1-All,EVA,data/EVA/-EVA-1-All.TXT,negative,49.00415102453896,43.09484909741517,12,structural_candidate,,True,True,C4H,-0.0036740076910461,-74.9677768525738,0.6580000000000001,True,78,C4H,rank_51_100
FEP_+FEP-1,FEP,data/FEP/+FEP-1.txt,positive,11.99923931589141,231.74885057471263,13,low_mass_background,below_min_main_mz,False,False,,,,,False,0,,missing
FEP_+FEP-1,FEP,data/FEP/+FEP-1.txt,positive,30.998933654156847,1651.9896551724137,29,low_mass_feature,CF+,True,True,CF,0.0005304914268471,17.113508204350197,0.79,True,15,CF,rank_1_50
FEP_+FEP-1,FEP,data/FEP/+FEP-1.txt,positive,68.99410966767644,1701.9454022988505,28,structural_candidate,,True,True,CF3,-0.0010998205135592,-15.940534447504469,1.0,True,4,CF3,rank_1_50
FEP_+FEP-1,FEP,data/FEP/+FEP-1.txt,positive,73.99532712853643,336.4402298850575,19,structural_candidate,,True,False,,,,,False,0,,missing
FEP_+FEP-1,FEP,data/FEP/+FEP-1.txt,positive,92.99671629007008,1633.180459770115,39,structural_candidate,,True,False,,,,,False,0,,missing
FEP_+FEP-1,FEP,data/FEP/+FEP-1.txt,positive,99.99541594725255,1513.5557471264367,42,structural_candidate,,True,True,C2F4,0.001803296332568,18.03411522757346,1.0,True,1,C2F4,rank_1_50
FEP_+FEP-1,FEP,data/FEP/+FEP-1.txt,positive,116.99226052543284,295.26724137931035,18,structural_candidate,,True,False,,,,,False,0,,missing
FEP_+FEP-1,FEP,data/FEP/+FEP-1.txt,positive,118.99650897157566,1192.5798850574713,46,structural_candidate,,True,True,C2F5,0.0044931579256655,37.76016310793592,0.79,True,13,C2F5,rank_1_50
FEP_+FEP-1,FEP,data/FEP/+FEP-1.txt,positive,130.99040536571812,1657.2402298850575,35,structural_candidate,,True,True,C3F5,-0.0016104479318812,-12.294244972703424,0.79,True,14,C3F5,rank_1_50
FEP_+FEP-1,FEP,data/FEP/+FEP-1.txt,positive,132.90113482223748,467.8235632183908,25,contaminant,Cs+,False,False,,,,,False,0,,missing
FEP_+FEP-1,FEP,data/FEP/+FEP-1.txt,positive,284.80127880817054,89.20459770114942,6,structural_candidate,,True,False,,,,,False,0,,missing
FEP_-FEP-1,FEP,data/FEP/-FEP-1.txt,negative,19.00403651813251,1361.1595934039442,33,low_mass_feature,F-,True,True,F,0.0056333554025087,296.51731012635605,0.74,True,11,F,rank_1_50
FEP_-FEP-1,FEP,data/FEP/-FEP-1.txt,negative,24.004757228960848,17.51544979331675,14,low_mass_background,below_min_main_mz,False,False,,,,,True,22,C2,rank_1_50
FEP_-FEP-1,FEP,data/FEP/-FEP-1.txt,negative,38.00229353272789,204.33098215913225,39,structural_candidate,,True,False,,,,,False,0,,missing
FEP_-FEP-1,FEP,data/FEP/-FEP-1.txt,negative,39.01022212966818,19.409073230802317,15,structural_candidate,,True,False,,,,,False,0,,missing
FEP_-FEP-1,FEP,data/FEP/-FEP-1.txt,negative,43.00333346060221,74.39899736994411,29,structural_candidate,,True,False,,,,,False,0,,missing
FEP_-FEP-1,FEP,data/FEP/-FEP-1.txt,negative,48.004711127744,19.68761891321824,15,structural_candidate,,True,True,C4,0.0047111277439952,98.14849466656857,0.6580000000000001,True,20,C4,rank_1_50
FEP_-FEP-1,FEP,data/FEP/-FEP-1.txt,negative,55.002300039518346,26.82942604973334,18,structural_candidate,,True,False,,,,,False,0,,missing
FEP_-FEP-1,FEP,data/FEP/-FEP-1.txt,negative,67.00160928410985,27.321837023895625,19,structural_candidate,,True,False,,,,,False,0,,missing
FEP_-FEP-1,FEP,data/FEP/-FEP-1.txt,negative,69.00034155619126,233.80734819638312,49,structural_candidate,,True,True,CF3,0.0051320680012594,74.38296135817791,1.0,True,2,CF3,rank_1_50
FEP_-FEP-1,FEP,data/FEP/-FEP-1.txt,negative,73.99928999501898,6.374630502768237,6,structural_candidate,,True,False,,,,,False,0,,missing
FEP_-FEP-1,FEP,data/FEP/-FEP-1.txt,negative,92.99691421734356,61.51214353334694,30,structural_candidate,,True,False,,,,,False,0,,missing
FEP_-FEP-1,FEP,data/FEP/-FEP-1.txt,negative,118.99492402576736,49.93603361364303,33,structural_candidate,,True,False,,,,,False,0,,missing
Nomex_+Nomex-1,Nomex,data/Nomex/+Nomex-1.txt,positive,22.98875891457053,2274.539023815138,35,contaminant,Na+,False,False,,,,,False,0,,missing
Nomex_+Nomex-1,Nomex,data/Nomex/+Nomex-1.txt,positive,27.022293432725714,1475.4114595614242,27,low_mass_feature,C2H3+,True,True,C2H3,-0.0011816639642852,-43.7273133842784,0.6580000000000001,True,97,C2H3,rank_51_100
Nomex_+Nomex-1,Nomex,data/Nomex/+Nomex-1.txt,positive,29.038364547892133,1167.2954491865123,24,low_mass_feature,C2H5+,True,True,C2H5,-0.0007606132578672,-26.192705656465,0.6580000000000001,True,98,C2H5,rank_51_100
Nomex_+Nomex-1,Nomex,data/Nomex/+Nomex-1.txt,positive,39.02202499914645,1663.0417354397548,31,structural_candidate,,True,True,C3H3,-0.0014500975435467,-37.15962097055127,0.6580000000000001,True,99,C3H3,rank_51_100
Nomex_+Nomex-1,Nomex,data/Nomex/+Nomex-1.txt,positive,41.03846001044708,3485.3053525112,46,structural_candidate,,True,True,C3H5,-0.0006651507029218,-16.207721297906836,0.6580000000000001,True,100,C3H5,rank_51_100
Nomex_+Nomex-1,Nomex,data/Nomex/+Nomex-1.txt,positive,43.054344795056345,1341.216694175902,27,structural_candidate,,True,True,C3H7,-0.0004304305536564,-9.99727791867336,0.6580000000000001,True,101,C3H7,rank_101_200
Nomex_+Nomex-1,Nomex,data/Nomex/+Nomex-1.txt,positive,55.05413199049599,1211.2190521103514,26,structural_candidate,,True,True,C4H7,-0.0006432351140119,-11.683548091442766,0.6580000000000001,True,104,C4H7,rank_101_200
Nomex_+Nomex-1,Nomex,data/Nomex/+Nomex-1.txt,positive,77.03777000045835,771.6670596557416,18,structural_candidate,,True,True,C6H5,-0.001355160691645,-17.590551408915655,1.0,True,1,C6H5,rank_1_50
Nomex_+Nomex-1,Nomex,data/Nomex/+Nomex-1.txt,positive,132.903773155273,4901.711860410281,66,contaminant,Cs+,False,False,,,,,False,0,,missing
Nomex_-Nomex-1,Nomex,data/Nomex/-Nomex-1.txt,negative,1.0091544447313752,2407.2575117102706,45,low_mass_background,below_min_main_mz,False,False,,,,,False,0,,missing
Nomex_-Nomex-1,Nomex,data/Nomex/-Nomex-1.txt,negative,13.007881232406143,108.73986061921627,13,low_mass_background,below_min_main_mz,False,False,,,,,False,0,,missing
Nomex_-Nomex-1,Nomex,data/Nomex/-Nomex-1.txt,negative,15.994587403555306,81.29926882211814,10,contaminant,O-,False,False,,,,,False,0,,missing
Nomex_-Nomex-1,Nomex,data/Nomex/-Nomex-1.txt,negative,25.00771213365994,610.49830534293,41,structural_candidate,,True,True,C2H,-0.0001128985700589,-4.514529748725193,0.6580000000000001,True,62,C2H,rank_51_100
Nomex_-Nomex-1,Nomex,data/Nomex/-Nomex-1.txt,negative,26.006688449771957,2026.7770097871205,80,low_mass_feature,CN-,True,True,CN,0.0036144453419524,139.00069435393135,0.6220000000000001,True,123,CN,rank_101_200
Nomex_-Nomex-1,Nomex,data/Nomex/-Nomex-1.txt,negative,41.999222319072224,814.2013214516927,57,structural_candidate,,True,True,CNO,0.0012336950722229,29.3750989664759,0.99,True,3,CNO,rank_1_50
Nomex_-Nomex-1,Nomex,data/Nomex/-Nomex-1.txt,negative,49.99955686413411,85.89912030161088,11,structural_candidate,,True,True,C3N,-0.0035171402958908,-70.33848150174323,0.6220000000000001,True,121,C3N,rank_101_200
Nomex_-Nomex-1,Nomex,data/Nomex/-Nomex-1.txt,negative,79.95305966665349,433.4413915229064,43,structural_candidate,,True,False,,,,,False,0,,missing
PEEK_+PEEK-1,PEEK,data/PEEK/+PEEK-1.txt,positive,22.989296455803508,630.3143701883936,27,contaminant,Na+,False,False,,,,,False,0,,missing
PEEK_+PEEK-1,PEEK,data/PEEK/+PEEK-1.txt,positive,27.02245269896949,422.7357776412952,22,low_mass_feature,C2H3+,True,True,C2H3,-0.0010223977205079,-37.83368781586381,0.6580000000000001,True,64,C2H3,rank_51_100
PEEK_+PEEK-1,PEEK,data/PEEK/+PEEK-1.txt,positive,29.038446714496978,364.11666404810535,20,low_mass_feature,C2H5+,True,True,C2H5,-0.0006784466530227,-23.363191875022675,0.6580000000000001,True,65,C2H5,rank_51_100
PEEK_+PEEK-1,PEEK,data/PEEK/+PEEK-1.txt,positive,39.02234998004333,591.3144701698257,27,structural_candidate,,True,True,C3H3,-0.0011251166466692,-28.831790195043094,0.6580000000000001,True,66,C3H3,rank_51_100
PEEK_+PEEK-1,PEEK,data/PEEK/+PEEK-1.txt,positive,41.03848566863475,1018.2080470769714,34,structural_candidate,,True,True,C3H5,-0.0006394925152477,-15.582508465680773,0.6580000000000001,True,67,C3H5,rank_51_100
PEEK_+PEEK-1,PEEK,data/PEEK/+PEEK-1.txt,positive,43.05468250319048,588.6963849570794,28,structural_candidate,,True,True,C3H7,-9.27224195237386e-05,-2.1535920008376936,0.6580000000000001,True,68,C3H7,rank_51_100
PEEK_+PEEK-1,PEEK,data/PEEK/+PEEK-1.txt,positive,51.02213524610415,225.93089854741265,15,structural_candidate,,True,True,C4H3,-0.0013398505858503,-26.259492974780123,0.6580000000000001,True,69,C4H3,rank_51_100
PEEK_+PEEK-1,PEEK,data/PEEK/+PEEK-1.txt,positive,55.05433379626682,583.9958293459786,28,structural_candidate,,True,True,C4H7,-0.0004414293431835,-8.01800282309108,0.6580000000000001,True,71,C4H7,rank_51_100
PEEK_+PEEK-1,PEEK,data/PEEK/+PEEK-1.txt,positive,63.02179433230679,237.46018596546355,16,contaminant,Na2OH+,False,False,,,,,False,0,,missing
PEEK_+PEEK-1,PEEK,data/PEEK/+PEEK-1.txt,positive,77.03761581537938,310.5251881793381,20,structural_candidate,,True,True,C6H5,-0.0015093457706143,-19.591938089342328,1.0,True,1,C6H5,rank_1_50
PEEK_+PEEK-1,PEEK,data/PEEK/+PEEK-1.txt,positive,132.9053106327114,3393.0655735363434,63,contaminant,Cs+,False,False,,,,,False,0,,missing
PEEK_-PEEK-1,PEEK,data/PEEK/-PEEK-1.txt,negative,1.008382321545113,2037.9675759666632,53,low_mass_background,below_min_main_mz,False,False,,,,,False,0,,missing
PEEK_-PEEK-1,PEEK,data/PEEK/-PEEK-1.txt,negative,13.007507718580568,167.49474359044012,32,low_mass_background,below_min_main_mz,False,False,,,,,False,0,,missing
PEEK_-PEEK-1,PEEK,data/PEEK/-PEEK-1.txt,negative,15.994814095991572,53.632763051379705,17,contaminant,O-,False,False,,,,,False,0,,missing
PEEK_-PEEK-1,PEEK,data/PEEK/-PEEK-1.txt,negative,17.00239019444317,82.63619126267922,22,contaminant,OH-,False,False,,,,,False,0,,missing
PEEK_-PEEK-1,PEEK,data/PEEK/-PEEK-1.txt,negative,23.99955310567469,69.62257077816594,20,low_mass_background,below_min_main_mz,False,False,,,,,True,98,C2,rank_51_100
PEEK_-PEEK-1,PEEK,data/PEEK/-PEEK-1.txt,negative,25.008505109703783,639.6409342554914,50,structural_candidate,,True,True,C2H,0.0006800774737847,27.194587010595814,0.6580000000000001,True,40,C2H,rank_1_50
PEEK_-PEEK-1,PEEK,data/PEEK/-PEEK-1.txt,negative,41.00337889295776,98.45295853005254,26,structural_candidate,,True,True,C2HO,0.0006392411577564,15.590206000501354,0.8800000000000001,True,17,C2HO,rank_1_50
PEEK_-PEEK-1,PEEK,data/PEEK/-PEEK-1.txt,negative,49.0086005714118,245.22169280836243,41,structural_candidate,,True,True,C4H,0.0007755391817951,15.824803106139647,0.6580000000000001,True,44,C4H,rank_1_50
PEEK_-PEEK-1,PEEK,data/PEEK/-PEEK-1.txt,negative,71.01457795990537,27.90026132640809,10,structural_candidate,,True,False,,,,,False,0,,missing
PEEK_-PEEK-1,PEEK,data/PEEK/-PEEK-1.txt,negative,73.00843534710967,102.90447188703745,29,structural_candidate,,True,True,C6H,0.0006103148796654,8.359581721493868,0.6580000000000001,True,48,C6H,rank_1_50
PEI_+PEI-1,PEI,data/PEI/+PEI-1.txt,positive,22.98921041991672,324.7261984820828,15,contaminant,Na+,False,False,,,,,False,0,,missing
PEI_+PEI-1,PEI,data/PEI/+PEI-1.txt,positive,27.02236373073675,1325.1128830819482,35,low_mass_feature,C2H3+,True,True,C2H3,-0.0011113659532497,-41.12594510044767,0.6580000000000001,True,77,C2H3,rank_51_100
PEI_+PEI-1,PEI,data/PEI/+PEI-1.txt,positive,29.03875342951208,1468.5152272072246,37,low_mass_feature,C2H5+,True,True,C2H5,-0.0003717316379194,-12.801061872786809,0.6580000000000001,True,78,C2H5,rank_51_100
PEI_+PEI-1,PEI,data/PEI/+PEI-1.txt,positive,39.02225085365629,1274.394754539341,36,structural_candidate,,True,True,C3H3,-0.001224243033711,-31.371963431695733,0.6580000000000001,True,79,C3H3,rank_51_100
PEI_+PEI-1,PEI,data/PEI/+PEI-1.txt,positive,41.0395272498883,3225.362666922855,50,structural_candidate,,True,True,C3H5,0.0004020887383049,9.79769273165648,0.7980000000000003,True,31,C3H5,rank_1_50
PEI_+PEI-1,PEI,data/PEI/+PEI-1.txt,positive,43.0176233866491,218.7530022096263,11,structural_candidate,,True,True,C2H3O,-0.0007663296109043,-17.814000383532186,0.8800000000000001,True,13,C2H3O,rank_1_50
PEI_+PEI-1,PEI,data/PEI/+PEI-1.txt,positive,43.055259587364425,1509.537419540782,40,structural_candidate,,True,True,C3H7,0.0004843617544239,11.249896251596065,0.8580000000000001,True,17,C3H7,rank_1_50
PEI_+PEI-1,PEI,data/PEI/+PEI-1.txt,positive,45.0333721470524,329.7579018157364,16,structural_candidate,,True,True,C2H5O,-0.0006676336676036,-14.82508944022213,0.6220000000000001,True,159,C2H5O,rank_101_200
PEI_+PEI-1,PEI,data/PEI/+PEI-1.txt,positive,51.021687,18.973964838120857,1,structural_candidate,,True,True,C4H3,-0.0017880966899994,-35.04458852735926,0.6580000000000001,True,80,C4H3,rank_51_100
PEI_+PEI-1,PEI,data/PEI/+PEI-1.txt,positive,53.03804893297551,359.30925160918434,17,structural_candidate,,True,True,C4H5,-0.0010762281744902,-20.291212783399786,0.6580000000000001,True,81,C4H5,rank_51_100
PEI_+PEI-1,PEI,data/PEI/+PEI-1.txt,positive,55.05541038498165,1491.05101354597,42,structural_candidate,,True,True,C4H7,0.0006351593716473,11.53686249820373,0.6580000000000001,True,82,C4H7,rank_51_100
PEI_-PEI-1,PEI,data/PEI/-PEI-1.txt,negative,1.0083951474171045,2307.821422004443,52,low_mass_background,below_min_main_mz,False,False,,,,,False,0,,missing
PEI_-PEI-1,PEI,data/PEI/-PEI-1.txt,negative,13.00711573460178,206.09323983838823,30,low_mass_background,below_min_main_mz,False,False,,,,,False,0,,missing
PEI_-PEI-1,PEI,data/PEI/-PEI-1.txt,negative,15.993893579089558,81.48944206179215,18,contaminant,O-,False,False,,,,,False,0,,missing
PEI_-PEI-1,PEI,data/PEI/-PEI-1.txt,negative,17.00169686616899,82.31563986224239,18,contaminant,OH-,False,False,,,,,False,0,,missing
PEI_-PEI-1,PEI,data/PEI/-PEI-1.txt,negative,23.99883689931032,39.30688837757116,10,low_mass_background,below_min_main_mz,False,False,,,,,True,112,C2,rank_101_200
PEI_-PEI-1,PEI,data/PEI/-PEI-1.txt,negative,25.00839288368315,583.7207973243616,48,structural_candidate,,True,True,C2H,0.0005678514531517,22.70695082118903,0.6580000000000001,True,49,C2H,rank_1_50
PEI_-PEI-1,PEI,data/PEI/-PEI-1.txt,negative,26.00481355104349,427.6819747245593,50,low_mass_feature,CN-,True,False,,,,,False,0,,missing
PEI_-PEI-1,PEI,data/PEI/-PEI-1.txt,negative,42.000299177252025,285.50613001495856,42,structural_candidate,,True,False,,,,,False,0,,missing
PEI_-PEI-1,PEI,data/PEI/-PEI-1.txt,negative,49.00846827641309,159.7742305800033,32,structural_candidate,,True,True,C4H,0.0006432441830881,13.125336263445956,0.6580000000000001,True,53,C4H,rank_51_100
PEN_+PEN-1,PEN,data/PEN/+PEN-1.txt,positive,22.98901135862249,50.605158730158735,2,contaminant,Na+,False,False,,,,,False,0,,missing
PEN_+PEN-1,PEN,data/PEN/+PEN-1.txt,positive,27.022648467047564,754.1534391534392,20,low_mass_feature,C2H3+,True,True,C2H3,-0.0008266296424359,-30.589316861664894,0.8580000000000001,True,30,C2H3,rank_1_50
PEN_+PEN-1,PEN,data/PEN/+PEN-1.txt,positive,29.03852625784114,404.9702380952381,13,low_mass_feature,C2H5+,True,True,C2H5,-0.0005989033088589,-20.624013483028936,0.908,True,10,C2H5,rank_1_50
PEN_+PEN-1,PEN,data/PEN/+PEN-1.txt,positive,39.02242395651899,836.8154761904761,22,structural_candidate,,True,True,C3H3,-0.0010511401710076,-26.93609855101709,0.6580000000000001,True,148,C3H3,rank_101_200
PEN_+PEN-1,PEN,data/PEN/+PEN-1.txt,positive,41.0385693303644,1331.3921957671955,27,structural_candidate,,True,True,C3H5,-0.0005558307856006,-13.543923838971134,0.6580000000000001,True,149,C3H5,rank_101_200
PEN_+PEN-1,PEN,data/PEN/+PEN-1.txt,positive,43.05475140654585,729.6924603174604,21,structural_candidate,,True,True,C3H7,-2.3819064153940417e-05,-0.5532270004692134,0.6580000000000001,True,150,C3H7,rank_101_200
PEN_+PEN-1,PEN,data/PEN/+PEN-1.txt,positive,51.022312536833645,382.99603174603175,13,structural_candidate,,True,True,C4H3,-0.001162559856354,-22.784803546818164,0.6580000000000001,True,151,C4H3,rank_101_200
PEN_+PEN-1,PEN,data/PEN/+PEN-1.txt,positive,55.054355655034286,638.1183862433862,19,structural_candidate,,True,True,C4H7,-0.0004195705757155,-7.620966101417085,0.8580000000000001,True,31,C4H7,rank_1_50
PEN_+PEN-1,PEN,data/PEN/+PEN-1.txt,positive,63.02211713801909,628.0522486772487,19,contaminant,Na2OH+,False,False,,,,,True,281,C2H7O2,rank_201_500
PEN_+PEN-1,PEN,data/PEN/+PEN-1.txt,positive,75.02160138184006,129.1435185185185,5,structural_candidate,,True,True,C3H7O2,-0.0230030829099376,-306.52547340352385,0.8420000000000001,True,39,C3H7O2,rank_1_50
PEN_+PEN-1,PEN,data/PEN/+PEN-1.txt,positive,126.04405993884694,2227.096560846561,38,structural_candidate,,True,True,C10H6,-0.0028902545330566,-22.92998385619399,0.6060000000000001,True,359,C10H6,rank_201_500
PEN_+PEN-1,PEN,data/PEN/+PEN-1.txt,positive,127.05097389610438,1317.6190476190477,31,structural_candidate,,True,True,C10H7,-0.0038013295056202,-29.918824372167844,0.744,True,78,C10H7,rank_51_100
PEN_+PEN-1,PEN,data/PEN/+PEN-1.txt,positive,132.903491453596,2594.464285714286,39,contaminant,Cs+,False,False,,,,,False,0,,missing
PEN_+PEN-1,PEN,data/PEN/+PEN-1.txt,positive,154.04028198077532,1240.5522486772486,31,structural_candidate,,True,True,C11H6O,-0.0015828321746766,-10.275337659659588,0.8260000000000001,True,41,C11H6O,rank_1_50
PEN_-PEN-1,PEN,data/PEN/-PEN-1.txt,negative,1.0085090979187323,1825.433252498965,41,low_mass_background,below_min_main_mz,False,False,,,,,False,0,,missing
PEN_-PEN-1,PEN,data/PEN/-PEN-1.txt,negative,12.000290249323992,124.0965280652984,16,low_mass_background,below_min_main_mz,False,False,,,,,False,0,,missing
PEN_-PEN-1,PEN,data/PEN/-PEN-1.txt,negative,13.008190966297189,241.90374795449617,23,low_mass_background,below_min_main_mz,False,False,,,,,False,0,,missing
PEN_-PEN-1,PEN,data/PEN/-PEN-1.txt,negative,15.995549812399666,455.13968573174816,29,contaminant,O-,False,False,,,,,False,0,,missing
PEN_-PEN-1,PEN,data/PEN/-PEN-1.txt,negative,17.002998960536456,178.0848169397291,19,contaminant,OH-,False,False,,,,,False,0,,missing
PEN_-PEN-1,PEN,data/PEN/-PEN-1.txt,negative,24.000358503917628,406.0266950572741,27,low_mass_background,below_min_main_mz,False,False,,,,,True,233,C2,rank_201_500
PEN_-PEN-1,PEN,data/PEN/-PEN-1.txt,negative,25.0090603802807,1313.300210957986,43,structural_candidate,,True,True,C2H,0.0012353480507023,49.39846024635265,0.6580000000000001,True,99,C2H,rank_51_100
PEN_-PEN-1,PEN,data/PEN/-PEN-1.txt,negative,36.000495,5.709272293527336,1,structural_candidate,,True,True,C3,0.0004950000000008,13.750000000022233,0.6580000000000001,True,100,C3,rank_51_100
PEN_-PEN-1,PEN,data/PEN/-PEN-1.txt,negative,48.00045008333741,121.046903649376,16,structural_candidate,,True,True,C4,0.0004500833374123,9.376736196090954,0.6580000000000001,True,102,C4,rank_101_200
PEN_-PEN-1,PEN,data/PEN/-PEN-1.txt,negative,49.009198359953935,601.8954673606593,35,structural_candidate,,True,True,C4H,0.0013733277239325,28.022621347291697,0.6580000000000001,True,103,C4H,rank_101_200
PEN_-PEN-1,PEN,data/PEN/-PEN-1.txt,negative,71.999333,5.688373651939039,1,structural_candidate,,True,True,C3H4O2,-0.0217963680600092,-302.6385208238009,0.8260000000000001,True,42,C3H4O2,rank_1_50
PEN_-PEN-1,PEN,data/PEN/-PEN-1.txt,negative,73.00860581023595,353.97527651268706,29,structural_candidate,,True,True,C3H5O2,-0.0203485900540556,-278.6372914846887,0.772,True,62,C3H5O2,rank_51_100
PEN_-PEN-1,PEN,data/PEN/-PEN-1.txt,negative,97.00789726174628,151.3388931606238,20,structural_candidate,,True,False,,,,,False,0,,missing
PFA_+PFA-1,PFA,data/PFA/+PFA-1.txt,positive,11.999146267386283,267.08875846384785,20,low_mass_background,below_min_main_mz,False,False,,,,,False,0,,missing
PFA_+PFA-1,PFA,data/PFA/+PFA-1.txt,positive,30.998189134044583,1164.1084532177117,26,low_mass_feature,CF+,True,True,CF,-0.0002140286854164,-6.904506799684251,0.79,True,15,CF,rank_1_50
PFA_+PFA-1,PFA,data/PFA/+PFA-1.txt,positive,49.995925559200586,221.09181221371097,18,structural_candidate,,True,True,CF2,-0.0008807662594136,-17.61645041245715,1.0,True,3,CF2,rank_1_50
PFA_+PFA-1,PFA,data/PFA/+PFA-1.txt,positive,68.99453422014844,1211.7302005553445,24,structural_candidate,,True,True,CF3,-0.0006752680415615,-9.787172856938431,1.0,True,4,CF3,rank_1_50
PFA_+PFA-1,PFA,data/PFA/+PFA-1.txt,positive,73.99656274586184,313.7254459827727,24,structural_candidate,,True,False,,,,,False,0,,missing
PFA_+PFA-1,PFA,data/PFA/+PFA-1.txt,positive,92.9985883523723,1127.9237722186072,36,structural_candidate,,True,False,,,,,False,0,,missing
PFA_+PFA-1,PFA,data/PFA/+PFA-1.txt,positive,99.99668586646628,1123.9751576804383,36,structural_candidate,,True,True,C2F4,0.00307321554628,30.73411855823937,1.0,True,1,C2F4,rank_1_50
PFA_+PFA-1,PFA,data/PFA/+PFA-1.txt,positive,116.99357937369751,27.019243778145714,3,structural_candidate,,True,False,,,,,False,0,,missing
PFA_+PFA-1,PFA,data/PFA/+PFA-1.txt,positive,118.99827207640868,1049.1415355078952,42,structural_candidate,,True,True,C2F5,0.0062562627586686,52.577164239879714,0.79,True,13,C2F5,rank_1_50
PFA_+PFA-1,PFA,data/PFA/+PFA-1.txt,positive,130.99380784775542,1216.3723513229695,31,structural_candidate,,True,True,C3F5,0.0017920341054207,13.68048345763366,0.79,True,14,C3F5,rank_1_50
PFA_+PFA-1,PFA,data/PFA/+PFA-1.txt,positive,168.99767062666209,1077.9366572391266,40,structural_candidate,,True,True,C3F7,0.0088484875520862,52.361377753152425,1.0,True,2,C3F7,rank_1_50
PFA_-PFA-1,PFA,data/PFA/-PFA-1.txt,negative,18.99925249588204,1395.8417660638706,32,low_mass_feature,F-,True,True,F,0.0008493331520362,44.705502076219446,0.74,True,11,F,rank_1_50
PFA_-PFA-1,PFA,data/PFA/-PFA-1.txt,negative,23.999732464209256,7.413716814159292,5,low_mass_background,below_min_main_mz,False,False,,,,,True,22,C2,rank_1_50
PFA_-PFA-1,PFA,data/PFA/-PFA-1.txt,negative,37.99774930767995,310.7660638707195,40,structural_candidate,,True,False,,,,,False,0,,missing
PFA_-PFA-1,PFA,data/PFA/-PFA-1.txt,negative,39.00537738175476,7.472681800692574,5,structural_candidate,,True,False,,,,,False,0,,missing
PFA_-PFA-1,PFA,data/PFA/-PFA-1.txt,negative,42.99845311466464,75.82964601769912,26,structural_candidate,,True,False,,,,,False,0,,missing
PFA_-PFA-1,PFA,data/PFA/-PFA-1.txt,negative,54.99766718442648,12.307425933051173,8,structural_candidate,,True,False,,,,,False,0,,missing
PFA_-PFA-1,PFA,data/PFA/-PFA-1.txt,negative,68.99576074048096,227.79655636783377,39,structural_candidate,,True,True,CF3,0.0005512522909612,7.989718344946256,1.0,True,2,CF3,rank_1_50
PFA_-PFA-1,PFA,data/PFA/-PFA-1.txt,negative,92.99380947396672,17.722681800692573,11,structural_candidate,,True,False,,,,,False,0,,missing
PFA_-PFA-1,PFA,data/PFA/-PFA-1.txt,negative,118.9928182445147,276.3898614851866,49,structural_candidate,,True,False,,,,,False,0,,missing
PFA_-PFA-1,PFA,data/PFA/-PFA-1.txt,negative,184.99236506217187,1007.6014813389766,81,structural_candidate,,True,False,,,,,False,0,,missing
PFA_-PFA-1,PFA,data/PFA/-PFA-1.txt,negative,185.02364127107543,6.225471335128896,4,structural_candidate,,True,False,,,,,False,0,,missing
PI_+PI-1,PI,data/PI/+PI-1.txt,positive,27.02252900665894,52.896622817277546,22,low_mass_feature,C2H3+,True,True,CHN,0.011629969998939,430.56582393479454,0.79,True,36,CHN,rank_1_50
PI_+PI-1,PI,data/PI/+PI-1.txt,positive,29.03869024871648,49.26995412099566,22,low_mass_feature,C2H5+,True,True,C2H5,-0.0004349124335227,-14.976774648315867,0.6580000000000001,True,71,C2H5,rank_51_100
PI_+PI-1,PI,data/PI/+PI-1.txt,positive,39.02214929497348,33.54136889338588,18,structural_candidate,,True,True,C3H3,-0.0013258017165185,-33.97446570900043,0.6580000000000001,True,72,C3H3,rank_51_100
PI_+PI-1,PI,data/PI/+PI-1.txt,positive,41.03874071221733,95.54103982709468,31,structural_candidate,,True,True,C3H5,-0.0003844489326638,-9.36786374354329,0.6580000000000001,True,73,C3H5,rank_51_100
PI_+PI-1,PI,data/PI/+PI-1.txt,positive,43.0550049338733,69.69019639885073,28,structural_candidate,,True,True,C3H7,0.0002297082632978,5.335256358769403,0.6580000000000001,True,74,C3H7,rank_51_100
PI_+PI-1,PI,data/PI/+PI-1.txt,positive,55.05447483283126,39.30976666513699,21,structural_candidate,,True,True,C4H7,-0.0003003927787403,-5.456252931910137,0.6580000000000001,True,77,C4H7,rank_51_100
PI_+PI-1,PI,data/PI/+PI-1.txt,positive,57.07084729365906,8.915793726921988,6,structural_candidate,,True,True,C4H9,0.0004220035890583,7.394435680361629,0.6580000000000001,True,78,C4H9,rank_51_100
PI_+PI-1,PI,data/PI/+PI-1.txt,positive,132.90907429614165,1803.6037235977467,43,contaminant,Cs+,False,False,,,,,False,0,,missing
PI_+PI-1,PI,data/PI/+PI-1.txt,positive,291.8136632982651,251.25196292519783,63,structural_candidate,,True,False,,,,,False,0,,missing
PI_+PI-1,PI,data/PI/+PI-1.txt,positive,307.80755109163243,109.73789981834196,46,structural_candidate,,True,False,,,,,False,0,,missing
PI_-PI-1,PI,data/PI/-PI-1.txt,negative,1.0084162413311877,1854.8076710755847,38,low_mass_background,below_min_main_mz,False,False,,,,,False,0,,missing
PI_-PI-1,PI,data/PI/-PI-1.txt,negative,13.007475125568092,104.21864994369244,11,low_mass_background,below_min_main_mz,False,False,,,,,False,0,,missing
PI_-PI-1,PI,data/PI/-PI-1.txt,negative,15.994681723987178,252.7921920197849,19,contaminant,O-,False,False,,,,,False,0,,missing
PI_-PI-1,PI,data/PI/-PI-1.txt,negative,17.002176256940626,92.34217325060172,10,contaminant,OH-,False,False,,,,,False,0,,missing
PI_-PI-1,PI,data/PI/-PI-1.txt,negative,23.99939611617686,61.80029589065295,7,low_mass_background,below_min_main_mz,False,False,,,,,True,76,C2,rank_51_100
PI_-PI-1,PI,data/PI/-PI-1.txt,negative,25.00800037805852,527.9351690330559,28,structural_candidate,,True,True,C2H,0.00017534582852,7.011638488916737,0.6580000000000001,True,38,C2H,rank_1_50
PI_-PI-1,PI,data/PI/-PI-1.txt,negative,26.0063247517604,1977.7794952193783,64,low_mass_feature,CN-,True,True,CN,0.0032507473303979,125.01396295853992,0.6220000000000001,True,68,CN,rank_51_100
PI_-PI-1,PI,data/PI/-PI-1.txt,negative,42.0006928932356,1193.8216265153355,47,structural_candidate,,True,True,CNO,0.0027042692355934,64.39044640457006,0.94,True,3,CNO,rank_1_50
PI_-PI-1,PI,data/PI/-PI-1.txt,negative,49.00797249941126,239.5704065184269,20,structural_candidate,,True,True,C4H,0.0001474671812573,3.009053781929169,0.6580000000000001,True,42,C4H,rank_1_50
PI_-PI-1,PI,data/PI/-PI-1.txt,negative,50.00390936015647,432.5275465365337,28,structural_candidate,,True,True,C3N,0.0008353557264726,16.70608743771701,0.6220000000000001,True,65,C3N,rank_51_100
PI_-PI-1,PI,data/PI/-PI-1.txt,negative,73.00731778114783,160.40254377635966,16,structural_candidate,,True,True,C6H,-0.000507251082169,-6.947900200357433,0.6580000000000001,True,46,C6H,rank_1_50
PI_-PI-1,PI,data/PI/-PI-1.txt,negative,74.00273657119838,110.31256210391504,12,structural_candidate,,True,False,,,,,False,0,,missing
POMC_+POMC-1-All,POMC,data/POMC/+POMC-1-All.TXT,positive,22.991107230720136,570.4707491640645,25,contaminant,Na+,False,False,,,,,False,0,,missing
POMC_+POMC-1-All,POMC,data/POMC/+POMC-1-All.TXT,positive,29.002206896790387,153.3195622737447,10,structural_candidate,,True,True,CHO,-0.0005327550096119,-18.36912705516956,0.6220000000000001,True,21,CHO,rank_1_50
POMC_+POMC-1-All,POMC,data/POMC/+POMC-1-All.TXT,positive,31.02012637336563,2323.7688949070107,38,low_mass_feature,CF+,True,True,CH3O,0.0017366571056314,55.98798395137379,1.0,True,1,CH3O,rank_1_50
POMC_+POMC-1-All,POMC,data/POMC/+POMC-1-All.TXT,positive,41.03781480943403,235.99151629038053,14,structural_candidate,,True,False,,,,,False,0,,missing
POMC_+POMC-1-All,POMC,data/POMC/+POMC-1-All.TXT,positive,44.02615079258,1297.9343410617073,34,structural_candidate,,True,False,,,,,True,6,C2H4O,rank_1_50
POMC_+POMC-1-All,POMC,data/POMC/+POMC-1-All.TXT,positive,45.03518256211262,2324.313289302788,39,structural_candidate,,True,True,C2H5O,0.0011427813926161,25.37594668789611,0.8800000000000001,True,4,C2H5O,rank_1_50
POMC_+POMC-1-All,POMC,data/POMC/+POMC-1-All.TXT,positive,55.05208026663376,198.73711553872937,13,structural_candidate,,True,False,,,,,False,0,,missing
POMC_+POMC-1-All,POMC,data/POMC/+POMC-1-All.TXT,positive,61.02845713357599,1714.6647967502142,40,structural_candidate,,True,True,C2H5O2,-0.0004972667140066,-8.148045774224586,0.79,True,7,C2H5O2,rank_1_50
POMC_+POMC-1-All,POMC,data/POMC/+POMC-1-All.TXT,positive,73.02604980909979,793.2420482493714,31,structural_candidate,,True,False,,,,,True,10,C3H5O2,rank_1_50
POMC_+POMC-1-All,POMC,data/POMC/+POMC-1-All.TXT,positive,75.03992388541933,359.1669660375273,20,structural_candidate,,True,True,C3H7O2,-0.0046805793306674,-62.370630960764416,0.79,True,16,C3H7O2,rank_1_50
POMC_+POMC-1-All,POMC,data/POMC/+POMC-1-All.TXT,positive,89.01983236466995,991.0610163871004,36,structural_candidate,,True,False,,,,,True,11,C3H5O3,rank_1_50
POMC_-POMC-1-All,POMC,data/POMC/-POMC-1-All.TXT,negative,1.0087221579036625,1296.4508657156068,39,low_mass_background,below_min_main_mz,False,False,,,,,False,0,,missing
POMC_-POMC-1-All,POMC,data/POMC/-POMC-1-All.TXT,negative,13.008148322057632,80.56785292253943,17,low_mass_background,below_min_main_mz,False,False,,,,,False,0,,missing
POMC_-POMC-1-All,POMC,data/POMC/-POMC-1-All.TXT,negative,15.99537835540125,200.241689643952,27,contaminant,O-,False,False,,,,,False,0,,missing
POMC_-POMC-1-All,POMC,data/POMC/-POMC-1-All.TXT,negative,17.00322952345689,216.75365210392013,27,contaminant,OH-,False,False,,,,,False,0,,missing
POMC_-POMC-1-All,POMC,data/POMC/-POMC-1-All.TXT,negative,25.008924366141176,328.6752239214948,32,structural_candidate,,True,True,C2H,0.0010993339111777,43.959597036566045,0.6580000000000001,True,9,C2H,rank_1_50
POMC_-POMC-1-All,POMC,data/POMC/-POMC-1-All.TXT,negative,26.003809806028123,40.342261649911805,11,low_mass_feature,CN-,True,False,,,,,False,0,,missing
POMC_-POMC-1-All,POMC,data/POMC/-POMC-1-All.TXT,negative,31.01901154059549,40.86053501395763,11,structural_candidate,,True,True,CH3O,0.0006218243354858,20.046957342853,0.7440000000000002,True,7,CH3O,rank_1_50
POMC_-POMC-1-All,POMC,data/POMC/-POMC-1-All.TXT,negative,41.00427918563513,288.95570378996763,33,structural_candidate,,True,True,C2HO,0.0015395338351282,37.54709680870549,0.6220000000000001,True,11,C2HO,rank_1_50
POMC_-POMC-1-All,POMC,data/POMC/-POMC-1-All.TXT,negative,43.01905924994804,69.00785223750235,16,structural_candidate,,True,True,C2H3O,0.0006695336880326,15.563894707560786,0.6220000000000001,True,10,C2H3O,rank_1_50
POMC_-POMC-1-All,POMC,data/POMC/-POMC-1-All.TXT,negative,44.99939202247897,1359.2899590690345,31,structural_candidate,,True,False,,,,,True,6,CHO2,rank_1_50
POMC_-POMC-1-All,POMC,data/POMC/-POMC-1-All.TXT,negative,58.005577913356205,12.97631484304088,4,structural_candidate,,True,False,,,,,False,0,,missing
POMC_-POMC-1-All,POMC,data/POMC/-POMC-1-All.TXT,negative,59.01330363136904,69.56358856673117,17,structural_candidate,,True,False,,,,,True,2,C2H3O2,rank_1_50
POMC_-POMC-1-All,POMC,data/POMC/-POMC-1-All.TXT,negative,61.02846499724932,42.8820366152318,12,structural_candidate,,True,False,,,,,True,3,C2H5O2,rank_1_50
POMC_-POMC-1-All,POMC,data/POMC/-POMC-1-All.TXT,negative,75.00803645892316,110.6855080406227,23,structural_candidate,,True,False,,,,,False,0,,missing
POMH_+POMH-1-All,POMH,data/POMH/+POMH-1-All.TXT,positive,15.024296991057255,208.7911316019693,14,low_mass_background,below_min_main_mz,False,False,,,,,False,0,,missing
POMH_+POMH-1-All,POMH,data/POMH/+POMH-1-All.TXT,positive,29.002196079971604,293.25355521356823,18,structural_candidate,,True,True,CHO,-0.0005435718283948,-18.74208557263251,0.6220000000000001,True,21,CHO,rank_1_50
POMH_+POMH-1-All,POMH,data/POMH/+POMH-1-All.TXT,positive,31.019229818205112,1737.027860613917,29,low_mass_feature,CF+,True,True,CH3O,0.000840101945112,27.08399606803882,1.0,True,1,CH3O,rank_1_50
POMH_+POMH-1-All,POMH,data/POMH/+POMH-1-All.TXT,positive,43.01624816407683,178.26706087445163,13,structural_candidate,,True,True,C2H3O,-0.0021415521831755,-49.78224887776582,0.6220000000000001,True,3,C2H3O,rank_1_50
POMH_+POMH-1-All,POMH,data/POMH/+POMH-1-All.TXT,positive,44.02657023780984,1534.958908308376,37,structural_candidate,,True,False,,,,,True,6,C2H4O,rank_1_50
POMH_+POMH-1-All,POMH,data/POMH/+POMH-1-All.TXT,positive,45.03400161161924,1770.3264985536491,32,structural_candidate,,True,True,C2H5O,-3.816910076182012e-05,-0.8475611103883488,0.8800000000000001,True,4,C2H5O,rank_1_50
POMH_+POMH-1-All,POMH,data/POMH/+POMH-1-All.TXT,positive,61.02782565565149,1605.5389173760066,37,structural_candidate,,True,True,C2H5O2,-0.0011287446385068,-18.495231478216343,0.79,True,7,C2H5O2,rank_1_50
POMH_+POMH-1-All,POMH,data/POMH/+POMH-1-All.TXT,positive,73.0266081948181,983.7944840709828,37,structural_candidate,,True,False,,,,,True,10,C3H5O2,rank_1_50
POMH_+POMH-1-All,POMH,data/POMH/+POMH-1-All.TXT,positive,75.03962229441767,438.1957969617053,24,structural_candidate,,True,True,C3H7O2,-0.004982170332326,-66.38945421674242,0.79,True,16,C3H7O2,rank_1_50
POMH_+POMH-1-All,POMH,data/POMH/+POMH-1-All.TXT,positive,89.01946712778847,1023.8708565079404,37,structural_candidate,,True,False,,,,,True,11,C3H5O3,rank_1_50
POMH_+POMH-1-All,POMH,data/POMH/+POMH-1-All.TXT,positive,91.03171315529254,23.73867344397545,2,structural_candidate,,True,True,C3H7O3,-0.0078059290274694,-85.74220411071896,0.79,True,17,C3H7O3,rank_1_50
POMH_+POMH-1-All,POMH,data/POMH/+POMH-1-All.TXT,positive,105.04620172630632,166.5698175618291,13,structural_candidate,,True,False,,,,,False,0,,missing
POMH_+POMH-1-All,POMH,data/POMH/+POMH-1-All.TXT,positive,119.0228482563905,84.61057081372405,7,structural_candidate,,True,False,,,,,False,0,,missing
POMH_-POMH-1-All,POMH,data/POMH/-POMH-1-All.TXT,negative,1.0087356561162435,1034.9461548612585,39,low_mass_background,below_min_main_mz,False,False,,,,,False,0,,missing
POMH_-POMH-1-All,POMH,data/POMH/-POMH-1-All.TXT,negative,13.00803387504469,28.522327837516844,8,low_mass_background,below_min_main_mz,False,False,,,,,False,0,,missing
POMH_-POMH-1-All,POMH,data/POMH/-POMH-1-All.TXT,negative,15.995193950611416,183.80147079406083,26,contaminant,O-,False,False,,,,,False,0,,missing
POMH_-POMH-1-All,POMH,data/POMH/-POMH-1-All.TXT,negative,17.00338835699452,184.56645965713463,26,contaminant,OH-,False,False,,,,,False,0,,missing
POMH_-POMH-1-All,POMH,data/POMH/-POMH-1-All.TXT,negative,25.00882858432823,207.23280374616607,28,structural_candidate,,True,True,C2H,0.0010035520982327,40.12952333677157,0.6580000000000001,True,9,C2H,rank_1_50
POMH_-POMH-1-All,POMH,data/POMH/-POMH-1-All.TXT,negative,31.01924047656872,68.54328205415305,16,structural_candidate,,True,True,CH3O,0.0008507603087188,27.427610411152862,0.7440000000000002,True,7,CH3O,rank_1_50
POMH_-POMH-1-All,POMH,data/POMH/-POMH-1-All.TXT,negative,41.00448607574196,264.8131115812036,32,structural_candidate,,True,True,C2HO,0.0017464239419595,42.592859813524576,0.6220000000000001,True,11,C2HO,rank_1_50
POMH_-POMH-1-All,POMH,data/POMH/-POMH-1-All.TXT,negative,43.01931500368366,72.62515545709384,17,structural_candidate,,True,True,C2H3O,0.0009252874236551,21.50911342237957,0.6220000000000001,True,10,C2H3O,rank_1_50
POMH_-POMH-1-All,POMH,data/POMH/-POMH-1-All.TXT,negative,44.9987452545174,1135.4942035998065,33,structural_candidate,,True,False,,,,,True,6,CHO2,rank_1_50
POMH_-POMH-1-All,POMH,data/POMH/-POMH-1-All.TXT,negative,58.00638,3.371269529609828,1,structural_candidate,,True,False,,,,,False,0,,missing
POMH_-POMH-1-All,POMH,data/POMH/-POMH-1-All.TXT,negative,59.01418412337638,126.87258316704587,25,structural_candidate,,True,False,,,,,True,2,C2H3O2,rank_1_50
POMH_-POMH-1-All,POMH,data/POMH/-POMH-1-All.TXT,negative,61.02938966155419,89.97716630210061,20,structural_candidate,,True,False,,,,,True,3,C2H5O2,rank_1_50
POMH_-POMH-1-All,POMH,data/POMH/-POMH-1-All.TXT,negative,75.00939244997518,161.07154425378596,29,structural_candidate,,True,False,,,,,False,0,,missing
PPS_+PPS-1,PPS,data/PPS/+PPS-1.txt,positive,22.989362447634807,202.6804655696348,40,contaminant,Na+,False,False,,,,,False,0,,missing
PPS_+PPS-1,PPS,data/PPS/+PPS-1.txt,positive,27.022413895380577,40.43202798004702,19,low_mass_feature,C2H3+,True,True,C2H3,-0.0010612013094224,-39.26960931654664,0.6580000000000001,True,7,C2H3,rank_1_50
PPS_+PPS-1,PPS,data/PPS/+PPS-1.txt,positive,29.038374141631124,9.186208741853488,6,low_mass_feature,C2H5+,True,True,C2H5,-0.0007510195188764,-25.86233279097584,0.6580000000000001,True,8,C2H5,rank_1_50
PPS_+PPS-1,PPS,data/PPS/+PPS-1.txt,positive,38.96343919484119,255.6457007434589,45,contaminant,K+,False,False,,,,,False,0,,missing
PPS_+PPS-1,PPS,data/PPS/+PPS-1.txt,positive,39.02208223471282,48.64065516121018,22,structural_candidate,,True,True,C3H3,-0.0013928619771803,-35.69292518744707,0.6580000000000001,True,9,C3H3,rank_1_50
PPS_+PPS-1,PPS,data/PPS/+PPS-1.txt,positive,41.03835277364751,59.75670355293084,25,structural_candidate,,True,True,C3H5,-0.0007723875024865,-18.820759444885155,0.6580000000000001,True,10,C3H5,rank_1_50
PPS_+PPS-1,PPS,data/PPS/+PPS-1.txt,positive,44.97856316088853,12.045372016130576,8,structural_candidate,,True,True,CHS,-0.0013330457414681,-29.63647882477122,0.6220000000000001,True,29,CHS,rank_1_50
PPS_+PPS-1,PPS,data/PPS/+PPS-1.txt,positive,68.9776515486963,12.112742006383426,8,structural_candidate,,True,False,,,,,False,0,,missing
PPS_+PPS-1,PPS,data/PPS/+PPS-1.txt,positive,132.9064221880835,3139.112818454599,94,contaminant,Cs+,False,False,,,,,False,0,,missing
PPS_+PPS-1,PPS,data/PPS/+PPS-1.txt,positive,132.93750567516017,6.56307933413604,4,contaminant,Cs+,False,False,,,,,False,0,,missing
PPS_+PPS-1,PPS,data/PPS/+PPS-1.txt,positive,300.7684247305694,56.82778128165434,29,structural_candidate,,True,False,,,,,False,0,,missing
PPS_-PPS-1,PPS,data/PPS/-PPS-1.txt,negative,1.008528880981582,1822.0565831131423,37,low_mass_background,below_min_main_mz,False,False,,,,,False,0,,missing
PPS_-PPS-1,PPS,data/PPS/-PPS-1.txt,negative,13.007653388080277,166.20545597371992,14,low_mass_background,below_min_main_mz,False,False,,,,,False,0,,missing
PPS_-PPS-1,PPS,data/PPS/-PPS-1.txt,negative,23.999609205431163,179.1086433859411,15,low_mass_background,below_min_main_mz,False,False,,,,,True,22,C2,rank_1_50
PPS_-PPS-1,PPS,data/PPS/-PPS-1.txt,negative,25.00851957480343,1032.903068390107,35,structural_candidate,,True,True,C2H,0.0006945425734308,27.773009949313824,0.6580000000000001,True,9,C2H,rank_1_50
PPS_-PPS-1,PPS,data/PPS/-PPS-1.txt,negative,31.97175669991248,401.8799542955081,25,structural_candidate,,True,True,S,-0.0003144744875207,-9.835912281233576,0.8800000000000001,True,6,S,rank_1_50
PPS_-PPS-1,PPS,data/PPS/-PPS-1.txt,negative,32.9804696406377,281.8294889190412,21,structural_candidate,,True,True,HS,0.0005734340076983,17.38738060622225,0.8800000000000001,True,5,HS,rank_1_50
PPS_-PPS-1,PPS,data/PPS/-PPS-1.txt,negative,49.00827122837634,435.8750505843986,26,structural_candidate,,True,True,C4H,0.0004461961463348,9.10458984950786,0.6580000000000001,True,13,C4H,rank_1_50
PPS_-PPS-1,PPS,data/PPS/-PPS-1.txt,negative,56.980483085043325,436.3297150610583,26,structural_candidate,,True,False,,,,,False,0,,missing
PPS_-PPS-1,PPS,data/PPS/-PPS-1.txt,negative,73.00750524542548,204.70018329405605,17,structural_candidate,,True,True,C6H,-0.0003197868045248,-4.380171637542294,0.6580000000000001,True,17,C6H,rank_1_50
PPS_-PPS-1,PPS,data/PPS/-PPS-1.txt,negative,80.97970398047396,325.04582351400893,23,structural_candidate,,True,False,,,,,False,0,,missing
PPS_-PPS-1,PPS,data/PPS/-PPS-1.txt,negative,104.978370832309,150.27970196862577,14,structural_candidate,,True,False,,,,,False,0,,missing
PPS_-PPS-1,PPS,data/PPS/-PPS-1.txt,negative,139.978602766942,967.5468352019806,47,structural_candidate,,True,False,,,,,False,0,,missing
PTFE_+PTFE-1,PTFE,data/PTFE/+PTFE-1.txt,positive,11.999604911211698,873.0517043447545,25,low_mass_background,below_min_main_mz,False,False,,,,,False,0,,missing
PTFE_+PTFE-1,PTFE,data/PTFE/+PTFE-1.txt,positive,31.000745162141357,2997.26134758036,48,low_mass_feature,CF+,True,True,CF,0.0023419994113531,75.55225987153396,0.99,True,4,CF,rank_1_50
PTFE_+PTFE-1,PTFE,data/PTFE/+PTFE-1.txt,positive,69.0022063739925,2929.9960261391734,59,structural_candidate,,True,True,CF3,0.0069968858024935,101.41118281105076,0.9300000000000002,True,7,CF3,rank_1_50
PTFE_+PTFE-1,PTFE,data/PTFE/+PTFE-1.txt,positive,92.99796708219728,1445.0978011303428,44,structural_candidate,,True,False,,,,,False,0,,missing
PTFE_+PTFE-1,PTFE,data/PTFE/+PTFE-1.txt,positive,99.99462342331644,583.7480130695867,25,structural_candidate,,True,True,C2F4,0.0010107723964267,10.108369621121732,1.0,True,2,C2F4,rank_1_50
PTFE_+PTFE-1,PTFE,data/PTFE/+PTFE-1.txt,positive,130.99692432070253,1911.793535853056,54,structural_candidate,,True,True,C3F5,0.0049085070525336,37.47180331598623,0.56,True,46,C3F5,rank_1_50
PTFE_+PTFE-1,PTFE,data/PTFE/+PTFE-1.txt,positive,132.90782517948637,1309.0504680324973,45,contaminant,Cs+,False,False,,,,,False,0,,missing
PTFE_-PTFE-1,PTFE,data/PTFE/-PTFE-1.txt,negative,1.0085817040566831,329.382337090236,43,low_mass_background,below_min_main_mz,False,False,,,,,False,0,,missing
PTFE_-PTFE-1,PTFE,data/PTFE/-PTFE-1.txt,negative,19.001356092702867,4273.501417625419,110,low_mass_feature,F-,True,True,F,0.0029529299728672,155.4304299984599,0.74,True,11,F,rank_1_50
PTFE_-PTFE-1,PTFE,data/PTFE/-PTFE-1.txt,negative,23.999628992731488,33.97825526630269,18,low_mass_background,below_min_main_mz,False,False,,,,,True,34,C2,rank_1_50
PTFE_-PTFE-1,PTFE,data/PTFE/-PTFE-1.txt,negative,37.99699413819487,227.2971389741547,57,structural_candidate,,True,False,,,,,False,0,,missing
PTFE_-PTFE-1,PTFE,data/PTFE/-PTFE-1.txt,negative,42.99769141029003,64.33371605314338,29,structural_candidate,,True,False,,,,,False,0,,missing
PTFE_-PTFE-1,PTFE,data/PTFE/-PTFE-1.txt,negative,68.99419623371259,110.16074232021931,43,structural_candidate,,True,True,CF3,-0.0010132544774137,-14.685867104833978,0.9300000000000002,True,3,CF3,rank_1_50
PVDF_+PVDF-1,PVDF,data/PVDF/+PVDF-1.txt,positive,30.99742238308698,141.1360025421036,5,low_mass_feature,CF+,True,True,CF,-0.0009807796430187,-31.639682788499343,0.99,True,1,CF,rank_1_50
PVDF_+PVDF-1,PVDF,data/PVDF/+PVDF-1.txt,positive,39.02375227906765,1101.3965681601526,26,structural_candidate,,True,False,,,,,False,0,,missing
PVDF_+PVDF-1,PVDF,data/PVDF/+PVDF-1.txt,positive,51.01923210518069,776.7588179218303,22,structural_candidate,,True,True,CHF2,0.0146007474906895,286.2631706578965,0.6540000000000001,True,25,CHF2,rank_1_50
PVDF_+PVDF-1,PVDF,data/PVDF/+PVDF-1.txt,positive,57.0126953120633,917.7311725452812,23,structural_candidate,,True,False,,,,,False,0,,missing
PVDF_+PVDF-1,PVDF,data/PVDF/+PVDF-1.txt,positive,59.027783005490605,228.60184302510328,8,structural_candidate,,True,True,C3H4F,-0.0019202861593967,-32.53084552888815,0.6099999999999999,True,29,C3H4F,rank_1_50
PVDF_+PVDF-1,PVDF,data/PVDF/+PVDF-1.txt,positive,64.01015617918557,786.6507785192247,21,structural_candidate,,True,True,C2H2F2,-0.0023002107344325,-35.933798890972604,0.6399999999999999,True,26,C2H2F2,rank_1_50
PVDF_+PVDF-1,PVDF,data/PVDF/+PVDF-1.txt,positive,65.01793449557786,142.81696854146807,5,structural_candidate,,True,True,C2H3F2,-0.0023469265721445,-36.0953001250009,0.5299999999999999,True,34,C2H3F2,rank_1_50
PVDF_+PVDF-1,PVDF,data/PVDF/+PVDF-1.txt,positive,68.99908154154852,1842.9567842389577,50,structural_candidate,,True,False,,,,,False,0,,missing
PVDF_+PVDF-1,PVDF,data/PVDF/+PVDF-1.txt,positive,77.01957592929492,1061.620591039085,28,structural_candidate,,True,True,C3H3F2,-0.00070549285509,-9.159832216441863,0.56,True,33,C3H3F2,rank_1_50
PVDF_+PVDF-1,PVDF,data/PVDF/+PVDF-1.txt,positive,95.01023279404276,1405.8452494439148,35,structural_candidate,,True,False,,,,,False,0,,missing
PVDF_+PVDF-1,PVDF,data/PVDF/+PVDF-1.txt,positive,113.00178136072245,2924.95074674293,40,structural_candidate,,True,False,,,,,False,0,,missing
PVDF_+PVDF-1,PVDF,data/PVDF/+PVDF-1.txt,positive,133.00643508673906,1990.3447727994917,37,structural_candidate,,True,False,,,,,False,0,,missing
PVDF_-PVDF-1,PVDF,data/PVDF/-PVDF-1.txt,negative,1.0084391425955035,586.8279359183846,33,low_mass_background,below_min_main_mz,False,False,,,,,False,0,,missing
PVDF_-PVDF-1,PVDF,data/PVDF/-PVDF-1.txt,negative,19.00074703331161,2099.139287673876,43,low_mass_feature,F-,True,True,F,0.0023438705816118,123.37197824130656,0.74,True,6,F,rank_1_50
PVDF_-PVDF-1,PVDF,data/PVDF/-PVDF-1.txt,negative,24.00019177660086,33.24339316615516,8,low_mass_background,below_min_main_mz,False,False,,,,,True,28,C2,rank_1_50
PVDF_-PVDF-1,PVDF,data/PVDF/-PVDF-1.txt,negative,25.00832641360468,142.06576987778186,21,structural_candidate,,True,True,C2H,0.0005013813746792,20.04897963069865,0.6580000000000001,True,13,C2H,rank_1_50
PVDF_-PVDF-1,PVDF,data/PVDF/-PVDF-1.txt,negative,34.97069521996512,114.95710004763312,20,contaminant,Cl-,False,False,,,,,False,0,,missing
PVDF_-PVDF-1,PVDF,data/PVDF/-PVDF-1.txt,negative,39.009231482380045,1359.32975984468,59,structural_candidate,,True,False,,,,,False,0,,missing
PVDF_-PVDF-1,PVDF,data/PVDF/-PVDF-1.txt,negative,42.9990168732454,59.02044606303248,13,structural_candidate,,True,False,,,,,False,0,,missing
PVDF_-PVDF-1,PVDF,data/PVDF/-PVDF-1.txt,negative,48.00093665821608,89.88941881568395,17,structural_candidate,,True,False,,,,,False,0,,missing
PVDF_-PVDF-1,PVDF,data/PVDF/-PVDF-1.txt,negative,49.008810132236455,114.06171804812752,19,structural_candidate,,True,False,,,,,False,0,,missing
PVDF_-PVDF-1,PVDF,data/PVDF/-PVDF-1.txt,negative,54.99884749323503,7.687321752657507,2,structural_candidate,,True,False,,,,,False,0,,missing
PVDF_-PVDF-1,PVDF,data/PVDF/-PVDF-1.txt,negative,59.01254821730873,57.94116405689444,13,structural_candidate,,True,True,C3H4F,-0.017155074341268,-290.6176616966787,0.6099999999999999,True,27,C3H4F,rank_1_50
PVDF_-PVDF-1,PVDF,data/PVDF/-PVDF-1.txt,negative,60.00069002795842,47.24029399883028,11,structural_candidate,,True,False,,,,,False,0,,missing
PVDF_-PVDF-1,PVDF,data/PVDF/-PVDF-1.txt,negative,66.99910201259547,37.57830824052915,9,structural_candidate,,True,False,,,,,False,0,,missing
PVDF_-PVDF-1,PVDF,data/PVDF/-PVDF-1.txt,negative,72.00078961114772,82.33715805150406,16,structural_candidate,,True,False,,,,,False,0,,missing
PVDF_-PVDF-1,PVDF,data/PVDF/-PVDF-1.txt,negative,73.00867893944181,75.76439092920754,16,structural_candidate,,True,False,,,,,False,0,,missing
