formula,counts,exact_mass,ion_mode,charge,source_compound_id,source_name,generation_type,path,broken_bonds,h_shift,adduct,neutral_losses,fragment_atom_indices,score
C5F10,"{'C': 5, 'F': 10}",249.9840316273,neutral,0,FEP,Fluorinated Ethylene Propylene,parent,M,0,0,,,,1.0
C5HF10,"{'C': 5, 'F': 10, 'H': 1}",250.99185665953,positive,1,FEP,Fluorinated Ethylene Propylene,adduct,M | H,0,0,H,,,0.75
C5F10,"{'C': 5, 'F': 10}",249.9840316273,negative,-1,FEP,Fluorinated Ethylene Propylene,adduct,M | H shift +1 | -H,0,1,-H,,,0.7
C5H2F10,"{'C': 5, 'F': 10, 'H': 2}",251.99968169176,positive,1,FEP,Fluorinated Ethylene Propylene,adduct,M | H shift +1 | H,0,1,H,,,0.7
C5HF10,"{'C': 5, 'F': 10, 'H': 1}",250.99185665953,neutral,0,FEP,Fluorinated Ethylene Propylene,h_shift,M | H shift +1,0,1,,,,0.7
C5H2F10,"{'C': 5, 'F': 10, 'H': 2}",251.99968169176,neutral,0,FEP,Fluorinated Ethylene Propylene,h_shift,M | H shift +2,0,2,,,,0.65
C5H3F10,"{'C': 5, 'F': 10, 'H': 3}",253.00750672399,positive,1,FEP,Fluorinated Ethylene Propylene,adduct,M | H shift +2 | H,0,2,H,,,0.65
C5HF10,"{'C': 5, 'F': 10, 'H': 1}",250.99185665953,negative,-1,FEP,Fluorinated Ethylene Propylene,adduct,M | H shift +2 | -H,0,2,-H,,,0.65
C5ClF10,"{'C': 5, 'F': 10, 'Cl': 1}",284.9528843093,negative,-1,FEP,Fluorinated Ethylene Propylene,adduct,M | Cl,0,0,Cl,,,0.63
C5F10K,"{'C': 5, 'F': 10, 'K': 1}",288.9477381137,positive,1,FEP,Fluorinated Ethylene Propylene,adduct,M | K,0,0,K,,,0.63
C5F10Na,"{'C': 5, 'F': 10, 'Na': 1}",272.9738009093,positive,1,FEP,Fluorinated Ethylene Propylene,adduct,M | Na,0,0,Na,,,0.63
C5F10O,"{'C': 5, 'F': 10, 'O': 1}",265.97894624687,negative,-1,FEP,Fluorinated Ethylene Propylene,adduct,M | O,0,0,O,,,0.63
C5HF10O,"{'C': 5, 'F': 10, 'O': 1, 'H': 1}",266.9867712791,negative,-1,FEP,Fluorinated Ethylene Propylene,adduct,M | OH | ; | M | H shift +1 | O,0,0,OH,,,0.63
C3F7,"{'C': 3, 'F': 7}",168.98882213911,neutral,0,FEP,Fluorinated Ethylene Propylene,fragment,break 1 bond(s) | ; | break 1 bond(s) | ; | break 1 bond(s) | ; | break 2 bond(s) | ; | break 2 bond(s),1,0,,,"[4, 5, 6, 7, 8, 9, 10, 11, 12, 13]",0.6
C3HF7,"{'C': 3, 'F': 7, 'H': 1}",169.99664717134,positive,1,FEP,Fluorinated Ethylene Propylene,adduct,break 1 bond(s) | H | ; | break 1 bond(s) | H | ; | break 1 bond(s) | H | ; | break 2 bond(s) | H,1,0,H,,"[4, 5, 6, 7, 8, 9, 10, 11, 12, 13]",0.6
C4F9,"{'C': 4, 'F': 9}",218.98562846457,neutral,0,FEP,Fluorinated Ethylene Propylene,fragment,break 1 bond(s) | ; | break 1 bond(s) | ; | break 1 bond(s) | ; | break 1 bond(s) | ; | break 1 bond(s),1,0,,,"[1, 2, 3, 4, 5, 6, 7, 8, 9, 10, 11, 12, 13]",0.6
C4HF9,"{'C': 4, 'F': 9, 'H': 1}",219.9934534968,positive,1,FEP,Fluorinated Ethylene Propylene,adduct,break 1 bond(s) | H | ; | break 1 bond(s) | H | ; | break 1 bond(s) | H | ; | break 1 bond(s) | H,1,0,H,,"[1, 2, 3, 4, 5, 6, 7, 8, 9, 10, 11, 12, 13]",0.6
C5F9,"{'C': 5, 'F': 9}",230.98562846457,neutral,0,FEP,Fluorinated Ethylene Propylene,neutral_loss,M | H shift +1 | -HF,0,1,,HF,,0.6
CF3,"{'F': 3, 'C': 1}",68.99520948819,neutral,0,FEP,Fluorinated Ethylene Propylene,fragment,break 1 bond(s) | ; | break 1 bond(s) | ; | break 1 bond(s) | ; | break 2 bond(s) | ; | break 2 bond(s),1,0,,,"[0, 1, 2, 3]",0.6
CHF3,"{'F': 3, 'C': 1, 'H': 1}",70.00303452042,positive,1,FEP,Fluorinated Ethylene Propylene,adduct,break 1 bond(s) | H | ; | break 1 bond(s) | H | ; | break 1 bond(s) | H | ; | break 2 bond(s) | H,1,0,H,,"[0, 1, 2, 3]",0.6
C5H2F10O,"{'C': 5, 'F': 10, 'H': 2, 'O': 1}",267.99459631133,negative,-1,FEP,Fluorinated Ethylene Propylene,adduct,M | H shift +1 | OH | ; | M | H shift +2 | O,0,1,OH,,,0.58
C5HClF10,"{'C': 5, 'F': 10, 'H': 1, 'Cl': 1}",285.96070934153,negative,-1,FEP,Fluorinated Ethylene Propylene,adduct,M | H shift +1 | Cl,0,1,Cl,,,0.58
C5HF10K,"{'C': 5, 'F': 10, 'H': 1, 'K': 1}",289.95556314593,positive,1,FEP,Fluorinated Ethylene Propylene,adduct,M | H shift +1 | K,0,1,K,,,0.58
C5HF10Na,"{'C': 5, 'F': 10, 'H': 1, 'Na': 1}",273.98162594153,positive,1,FEP,Fluorinated Ethylene Propylene,adduct,M | H shift +1 | Na,0,1,Na,,,0.58
C10HF20,"{'C': 10, 'F': 20, 'H': 1}",500.97588828683,positive,1,FEP,Fluorinated Ethylene Propylene,dimer,2M | H,0,0,H,,,0.55
C5F10,"{'C': 5, 'F': 10}",249.9840316273,neutral,0,FEP,Fluorinated Ethylene Propylene,neutral_loss,M | H shift +2 | -H2,0,2,,H2,,0.55
C5HF9,"{'C': 5, 'F': 9, 'H': 1}",231.9934534968,neutral,0,FEP,Fluorinated Ethylene Propylene,neutral_loss,M | H shift +2 | -HF,0,2,,HF,,0.55
C3F7,"{'C': 3, 'F': 7}",168.98882213911,negative,-1,FEP,Fluorinated Ethylene Propylene,adduct,break 1 bond(s) | H shift +1 | -H | ; | break 1 bond(s) | H shift +1 | -H | ; | break 1 bond(s) | H shift +1 | -H,1,1,-H,,"[4, 5, 6, 7, 8, 9, 10, 11, 12, 13]",0.5499999999999999
C3H2F7,"{'C': 3, 'F': 7, 'H': 2}",171.00447220357,positive,1,FEP,Fluorinated Ethylene Propylene,adduct,break 1 bond(s) | H shift +1 | H | ; | break 1 bond(s) | H shift +1 | H | ; | break 1 bond(s) | H shift +1 | H,1,1,H,,"[4, 5, 6, 7, 8, 9, 10, 11, 12, 13]",0.5499999999999999
C3HF7,"{'C': 3, 'F': 7, 'H': 1}",169.99664717134,neutral,0,FEP,Fluorinated Ethylene Propylene,h_shift,break 1 bond(s) | H shift +1 | ; | break 1 bond(s) | H shift +1 | ; | break 1 bond(s) | H shift +1 | ; | break 2 bond(s) | H shift +1,1,1,,,"[4, 5, 6, 7, 8, 9, 10, 11, 12, 13]",0.5499999999999999
C4F9,"{'C': 4, 'F': 9}",218.98562846457,negative,-1,FEP,Fluorinated Ethylene Propylene,adduct,break 1 bond(s) | H shift +1 | -H | ; | break 1 bond(s) | H shift +1 | -H | ; | break 1 bond(s) | H shift +1 | -H,1,1,-H,,"[1, 2, 3, 4, 5, 6, 7, 8, 9, 10, 11, 12, 13]",0.5499999999999999
C4H2F9,"{'C': 4, 'F': 9, 'H': 2}",221.00127852903,positive,1,FEP,Fluorinated Ethylene Propylene,adduct,break 1 bond(s) | H shift +1 | H | ; | break 1 bond(s) | H shift +1 | H | ; | break 1 bond(s) | H shift +1 | H,1,1,H,,"[1, 2, 3, 4, 5, 6, 7, 8, 9, 10, 11, 12, 13]",0.5499999999999999
C4HF9,"{'C': 4, 'F': 9, 'H': 1}",219.9934534968,neutral,0,FEP,Fluorinated Ethylene Propylene,h_shift,break 1 bond(s) | H shift +1 | ; | break 1 bond(s) | H shift +1 | ; | break 1 bond(s) | H shift +1 | ; | break 1 bond(s) | H shift +1,1,1,,,"[1, 2, 3, 4, 5, 6, 7, 8, 9, 10, 11, 12, 13]",0.5499999999999999
CF3,"{'F': 3, 'C': 1}",68.99520948819,negative,-1,FEP,Fluorinated Ethylene Propylene,adduct,break 1 bond(s) | H shift +1 | -H | ; | break 1 bond(s) | H shift +1 | -H | ; | break 1 bond(s) | H shift +1 | -H,1,1,-H,,"[0, 1, 2, 3]",0.5499999999999999
CH2F3,"{'F': 3, 'C': 1, 'H': 2}",71.01085955265,positive,1,FEP,Fluorinated Ethylene Propylene,adduct,break 1 bond(s) | H shift +1 | H | ; | break 1 bond(s) | H shift +1 | H | ; | break 1 bond(s) | H shift +1 | H,1,1,H,,"[0, 1, 2, 3]",0.5499999999999999
CHF3,"{'F': 3, 'C': 1, 'H': 1}",70.00303452042,neutral,0,FEP,Fluorinated Ethylene Propylene,h_shift,break 1 bond(s) | H shift +1 | ; | break 1 bond(s) | H shift +1 | ; | break 1 bond(s) | H shift +1 | ; | break 2 bond(s) | H shift +1,1,1,,,"[0, 1, 2, 3]",0.5499999999999999
C5H2ClF10,"{'C': 5, 'F': 10, 'H': 2, 'Cl': 1}",286.96853437376,negative,-1,FEP,Fluorinated Ethylene Propylene,adduct,M | H shift +2 | Cl,0,2,Cl,,,0.53
C5H2F10K,"{'C': 5, 'F': 10, 'H': 2, 'K': 1}",290.96338817816,positive,1,FEP,Fluorinated Ethylene Propylene,adduct,M | H shift +2 | K,0,2,K,,,0.53
C5H2F10Na,"{'C': 5, 'F': 10, 'H': 2, 'Na': 1}",274.98945097376,positive,1,FEP,Fluorinated Ethylene Propylene,adduct,M | H shift +2 | Na,0,2,Na,,,0.53
C5H3F10O,"{'C': 5, 'F': 10, 'H': 3, 'O': 1}",269.00242134356,negative,-1,FEP,Fluorinated Ethylene Propylene,adduct,M | H shift +2 | OH,0,2,OH,,,0.53
C3H2F7,"{'C': 3, 'F': 7, 'H': 2}",171.00447220357,neutral,0,FEP,Fluorinated Ethylene Propylene,h_shift,break 1 bond(s) | H shift +2 | ; | break 1 bond(s) | H shift +2 | ; | break 1 bond(s) | H shift +2 | ; | break 2 bond(s) | H shift +2,1,2,,,"[4, 5, 6, 7, 8, 9, 10, 11, 12, 13]",0.5
C3H3F7,"{'C': 3, 'F': 7, 'H': 3}",172.0122972358,positive,1,FEP,Fluorinated Ethylene Propylene,adduct,break 1 bond(s) | H shift +2 | H | ; | break 1 bond(s) | H shift +2 | H | ; | break 1 bond(s) | H shift +2 | H,1,2,H,,"[4, 5, 6, 7, 8, 9, 10, 11, 12, 13]",0.5
C3HF7,"{'C': 3, 'F': 7, 'H': 1}",169.99664717134,negative,-1,FEP,Fluorinated Ethylene Propylene,adduct,break 1 bond(s) | H shift +2 | -H | ; | break 1 bond(s) | H shift +2 | -H | ; | break 1 bond(s) | H shift +2 | -H,1,2,-H,,"[4, 5, 6, 7, 8, 9, 10, 11, 12, 13]",0.5
C4H2F9,"{'C': 4, 'F': 9, 'H': 2}",221.00127852903,neutral,0,FEP,Fluorinated Ethylene Propylene,h_shift,break 1 bond(s) | H shift +2 | ; | break 1 bond(s) | H shift +2 | ; | break 1 bond(s) | H shift +2 | ; | break 1 bond(s) | H shift +2,1,2,,,"[1, 2, 3, 4, 5, 6, 7, 8, 9, 10, 11, 12, 13]",0.5
C4H3F9,"{'C': 4, 'F': 9, 'H': 3}",222.00910356126,positive,1,FEP,Fluorinated Ethylene Propylene,adduct,break 1 bond(s) | H shift +2 | H | ; | break 1 bond(s) | H shift +2 | H | ; | break 1 bond(s) | H shift +2 | H,1,2,H,,"[1, 2, 3, 4, 5, 6, 7, 8, 9, 10, 11, 12, 13]",0.5
C4HF9,"{'C': 4, 'F': 9, 'H': 1}",219.9934534968,negative,-1,FEP,Fluorinated Ethylene Propylene,adduct,break 1 bond(s) | H shift +2 | -H | ; | break 1 bond(s) | H shift +2 | -H | ; | break 1 bond(s) | H shift +2 | -H,1,2,-H,,"[1, 2, 3, 4, 5, 6, 7, 8, 9, 10, 11, 12, 13]",0.5
CH2F3,"{'F': 3, 'C': 1, 'H': 2}",71.01085955265,neutral,0,FEP,Fluorinated Ethylene Propylene,h_shift,break 1 bond(s) | H shift +2 | ; | break 1 bond(s) | H shift +2 | ; | break 1 bond(s) | H shift +2 | ; | break 2 bond(s) | H shift +2,1,2,,,"[0, 1, 2, 3]",0.5
CH3F3,"{'F': 3, 'C': 1, 'H': 3}",72.01868458488,positive,1,FEP,Fluorinated Ethylene Propylene,adduct,break 1 bond(s) | H shift +2 | H | ; | break 1 bond(s) | H shift +2 | H | ; | break 1 bond(s) | H shift +2 | H,1,2,H,,"[0, 1, 2, 3]",0.5
CHF3,"{'F': 3, 'C': 1, 'H': 1}",70.00303452042,negative,-1,FEP,Fluorinated Ethylene Propylene,adduct,break 1 bond(s) | H shift +2 | -H | ; | break 1 bond(s) | H shift +2 | -H | ; | break 1 bond(s) | H shift +2 | -H,1,2,-H,,"[0, 1, 2, 3]",0.5
C3ClF7,"{'C': 3, 'F': 7, 'Cl': 1}",203.95767482111,negative,-1,FEP,Fluorinated Ethylene Propylene,adduct,break 1 bond(s) | Cl | ; | break 1 bond(s) | Cl | ; | break 1 bond(s) | Cl | ; | break 2 bond(s) | Cl,1,0,Cl,,"[4, 5, 6, 7, 8, 9, 10, 11, 12, 13]",0.48
C3F7K,"{'C': 3, 'F': 7, 'K': 1}",207.95252862551,positive,1,FEP,Fluorinated Ethylene Propylene,adduct,break 1 bond(s) | K | ; | break 1 bond(s) | K | ; | break 1 bond(s) | K | ; | break 2 bond(s) | K,1,0,K,,"[4, 5, 6, 7, 8, 9, 10, 11, 12, 13]",0.48
C3F7Na,"{'C': 3, 'F': 7, 'Na': 1}",191.97859142111,positive,1,FEP,Fluorinated Ethylene Propylene,adduct,break 1 bond(s) | Na | ; | break 1 bond(s) | Na | ; | break 1 bond(s) | Na | ; | break 2 bond(s) | Na,1,0,Na,,"[4, 5, 6, 7, 8, 9, 10, 11, 12, 13]",0.48
C3F7O,"{'C': 3, 'F': 7, 'O': 1}",184.98373675868,negative,-1,FEP,Fluorinated Ethylene Propylene,adduct,break 1 bond(s) | O | ; | break 1 bond(s) | O | ; | break 1 bond(s) | O | ; | break 2 bond(s) | O,1,0,O,,"[4, 5, 6, 7, 8, 9, 10, 11, 12, 13]",0.48
C3HF7O,"{'C': 3, 'F': 7, 'O': 1, 'H': 1}",185.99156179091,negative,-1,FEP,Fluorinated Ethylene Propylene,adduct,break 1 bond(s) | OH | ; | break 1 bond(s) | H shift +1 | O | ; | break 1 bond(s) | OH,1,0,OH,,"[4, 5, 6, 7, 8, 9, 10, 11, 12, 13]",0.48
C4ClF9,"{'C': 4, 'F': 9, 'Cl': 1}",253.95448114657,negative,-1,FEP,Fluorinated Ethylene Propylene,adduct,break 1 bond(s) | Cl | ; | break 1 bond(s) | Cl | ; | break 1 bond(s) | Cl | ; | break 1 bond(s) | Cl,1,0,Cl,,"[1, 2, 3, 4, 5, 6, 7, 8, 9, 10, 11, 12, 13]",0.48
C4F9K,"{'C': 4, 'F': 9, 'K': 1}",257.94933495097,positive,1,FEP,Fluorinated Ethylene Propylene,adduct,break 1 bond(s) | K | ; | break 1 bond(s) | K | ; | break 1 bond(s) | K | ; | break 1 bond(s) | K,1,0,K,,"[1, 2, 3, 4, 5, 6, 7, 8, 9, 10, 11, 12, 13]",0.48
C4F9Na,"{'C': 4, 'F': 9, 'Na': 1}",241.97539774657,positive,1,FEP,Fluorinated Ethylene Propylene,adduct,break 1 bond(s) | Na | ; | break 1 bond(s) | Na | ; | break 1 bond(s) | Na | ; | break 1 bond(s) | Na,1,0,Na,,"[1, 2, 3, 4, 5, 6, 7, 8, 9, 10, 11, 12, 13]",0.48
C4F9O,"{'C': 4, 'F': 9, 'O': 1}",234.98054308414,negative,-1,FEP,Fluorinated Ethylene Propylene,adduct,break 1 bond(s) | O | ; | break 1 bond(s) | O | ; | break 1 bond(s) | O | ; | break 1 bond(s) | O,1,0,O,,"[1, 2, 3, 4, 5, 6, 7, 8, 9, 10, 11, 12, 13]",0.48
C4HF9O,"{'C': 4, 'F': 9, 'O': 1, 'H': 1}",235.98836811637,negative,-1,FEP,Fluorinated Ethylene Propylene,adduct,break 1 bond(s) | OH | ; | break 1 bond(s) | H shift +1 | O | ; | break 1 bond(s) | OH,1,0,OH,,"[1, 2, 3, 4, 5, 6, 7, 8, 9, 10, 11, 12, 13]",0.48
CClF3,"{'F': 3, 'C': 1, 'Cl': 1}",103.96406217019,negative,-1,FEP,Fluorinated Ethylene Propylene,adduct,break 1 bond(s) | Cl | ; | break 1 bond(s) | Cl | ; | break 1 bond(s) | Cl | ; | break 2 bond(s) | Cl,1,0,Cl,,"[0, 1, 2, 3]",0.48
CF3K,"{'F': 3, 'C': 1, 'K': 1}",107.95891597459,positive,1,FEP,Fluorinated Ethylene Propylene,adduct,break 1 bond(s) | K | ; | break 1 bond(s) | K | ; | break 1 bond(s) | K | ; | break 2 bond(s) | K,1,0,K,,"[0, 1, 2, 3]",0.48
CF3Na,"{'F': 3, 'C': 1, 'Na': 1}",91.98497877019,positive,1,FEP,Fluorinated Ethylene Propylene,adduct,break 1 bond(s) | Na | ; | break 1 bond(s) | Na | ; | break 1 bond(s) | Na | ; | break 2 bond(s) | Na,1,0,Na,,"[0, 1, 2, 3]",0.48
CF3O,"{'F': 3, 'C': 1, 'O': 1}",84.99012410776,negative,-1,FEP,Fluorinated Ethylene Propylene,adduct,break 1 bond(s) | O | ; | break 1 bond(s) | O | ; | break 1 bond(s) | O | ; | break 2 bond(s) | O,1,0,O,,"[0, 1, 2, 3]",0.48
CHF3O,"{'F': 3, 'C': 1, 'O': 1, 'H': 1}",85.99794913999,negative,-1,FEP,Fluorinated Ethylene Propylene,adduct,break 1 bond(s) | OH | ; | break 1 bond(s) | H shift +1 | O | ; | break 1 bond(s) | OH,1,0,OH,,"[0, 1, 2, 3]",0.48
C2F4,"{'C': 2, 'F': 4}",99.99361265092,neutral,0,FEP,Fluorinated Ethylene Propylene,fragment,break 2 bond(s) | ; | break 2 bond(s) | ; | break 2 bond(s),2,0,,,"[4, 5, 10, 11, 12, 13]",0.45
C2HF4,"{'C': 2, 'F': 4, 'H': 1}",101.00143768315,positive,1,FEP,Fluorinated Ethylene Propylene,adduct,break 2 bond(s) | H | ; | break 2 bond(s) | H | ; | break 2 bond(s) | H,2,0,H,,"[4, 5, 10, 11, 12, 13]",0.45
C3F6,"{'C': 3, 'F': 6}",149.99041897638,neutral,0,FEP,Fluorinated Ethylene Propylene,fragment,break 2 bond(s) | ; | break 2 bond(s) | ; | break 2 bond(s) | ; | break 2 bond(s) | ; | break 2 bond(s),2,0,,,"[1, 2, 3, 4, 5, 10, 11, 12, 13]",0.45
C3HF6,"{'C': 3, 'F': 6, 'H': 1}",150.99824400861,positive,1,FEP,Fluorinated Ethylene Propylene,adduct,break 2 bond(s) | H | ; | break 2 bond(s) | H | ; | break 2 bond(s) | H | ; | break 2 bond(s) | H,2,0,H,,"[1, 2, 3, 4, 5, 10, 11, 12, 13]",0.45
C4F8,"{'C': 4, 'F': 8}",199.98722530184,neutral,0,FEP,Fluorinated Ethylene Propylene,fragment,break 2 bond(s) | ; | break 2 bond(s) | ; | break 2 bond(s) | ; | break 2 bond(s) | ; | break 2 bond(s),2,0,,,"[1, 3, 4, 5, 6, 7, 8, 9, 10, 11, 12, 13]",0.45
C4HF8,"{'C': 4, 'F': 8, 'H': 1}",200.99505033407,positive,1,FEP,Fluorinated Ethylene Propylene,adduct,break 2 bond(s) | H | ; | break 2 bond(s) | H | ; | break 2 bond(s) | H | ; | break 2 bond(s) | H,2,0,H,,"[1, 3, 4, 5, 6, 7, 8, 9, 10, 11, 12, 13]",0.45
CF2,"{'C': 1, 'F': 2}",49.99680632546,neutral,0,FEP,Fluorinated Ethylene Propylene,fragment,break 2 bond(s) | ; | break 2 bond(s) | ; | break 2 bond(s) | ; | break 2 bond(s) | ; | break 2 bond(s),2,0,,,"[1, 2, 3]",0.45
CHF2,"{'C': 1, 'F': 2, 'H': 1}",51.00463135769,positive,1,FEP,Fluorinated Ethylene Propylene,adduct,break 2 bond(s) | H | ; | break 2 bond(s) | H | ; | break 2 bond(s) | H | ; | break 2 bond(s) | H,2,0,H,,"[1, 2, 3]",0.45
C3F6,"{'C': 3, 'F': 6}",149.99041897638,neutral,0,FEP,Fluorinated Ethylene Propylene,neutral_loss,break 1 bond(s) | H shift +1 | -HF | ; | break 1 bond(s) | H shift +1 | -HF | ; | break 1 bond(s) | H shift +1 | -HF,1,1,,HF,"[4, 5, 6, 7, 8, 9, 10, 11, 12, 13]",0.44999999999999996
C4F8,"{'C': 4, 'F': 8}",199.98722530184,neutral,0,FEP,Fluorinated Ethylene Propylene,neutral_loss,break 1 bond(s) | H shift +1 | -HF | ; | break 1 bond(s) | H shift +1 | -HF | ; | break 1 bond(s) | H shift +1 | -HF,1,1,,HF,"[1, 2, 3, 4, 5, 6, 7, 8, 9, 10, 11, 12, 13]",0.44999999999999996
CF2,"{'F': 2, 'C': 1}",49.99680632546,neutral,0,FEP,Fluorinated Ethylene Propylene,neutral_loss,break 1 bond(s) | H shift +1 | -HF | ; | break 1 bond(s) | H shift +1 | -HF | ; | break 1 bond(s) | H shift +1 | -HF,1,1,,HF,"[0, 1, 2, 3]",0.44999999999999996
C10ClF20,"{'C': 10, 'F': 20, 'Cl': 1}",534.9369159366,negative,-1,FEP,Fluorinated Ethylene Propylene,dimer,2M | Cl,0,0,Cl,,,0.43
C10F20Na,"{'C': 10, 'F': 20, 'Na': 1}",522.9578325366,positive,1,FEP,Fluorinated Ethylene Propylene,dimer,2M | Na,0,0,Na,,,0.43
C3H2F7O,"{'C': 3, 'F': 7, 'H': 2, 'O': 1}",186.99938682314,negative,-1,FEP,Fluorinated Ethylene Propylene,adduct,break 1 bond(s) | H shift +1 | OH | ; | break 1 bond(s) | H shift +2 | O | ; | break 1 bond(s) | H shift +1 | OH,1,1,OH,,"[4, 5, 6, 7, 8, 9, 10, 11, 12, 13]",0.42999999999999994
C3HClF7,"{'C': 3, 'F': 7, 'H': 1, 'Cl': 1}",204.96549985334,negative,-1,FEP,Fluorinated Ethylene Propylene,adduct,break 1 bond(s) | H shift +1 | Cl | ; | break 1 bond(s) | H shift +1 | Cl | ; | break 1 bond(s) | H shift +1 | Cl,1,1,Cl,,"[4, 5, 6, 7, 8, 9, 10, 11, 12, 13]",0.42999999999999994
C3HF7K,"{'C': 3, 'F': 7, 'H': 1, 'K': 1}",208.96035365774,positive,1,FEP,Fluorinated Ethylene Propylene,adduct,break 1 bond(s) | H shift +1 | K | ; | break 1 bond(s) | H shift +1 | K | ; | break 1 bond(s) | H shift +1 | K,1,1,K,,"[4, 5, 6, 7, 8, 9, 10, 11, 12, 13]",0.42999999999999994
C3HF7Na,"{'C': 3, 'F': 7, 'H': 1, 'Na': 1}",192.98641645334,positive,1,FEP,Fluorinated Ethylene Propylene,adduct,break 1 bond(s) | H shift +1 | Na | ; | break 1 bond(s) | H shift +1 | Na | ; | break 1 bond(s) | H shift +1 | Na,1,1,Na,,"[4, 5, 6, 7, 8, 9, 10, 11, 12, 13]",0.42999999999999994
C4H2F9O,"{'C': 4, 'F': 9, 'H': 2, 'O': 1}",236.99619314859999,negative,-1,FEP,Fluorinated Ethylene Propylene,adduct,break 1 bond(s) | H shift +1 | OH | ; | break 1 bond(s) | H shift +2 | O | ; | break 1 bond(s) | H shift +1 | OH,1,1,OH,,"[1, 2, 3, 4, 5, 6, 7, 8, 9, 10, 11, 12, 13]",0.42999999999999994
C4HClF9,"{'C': 4, 'F': 9, 'H': 1, 'Cl': 1}",254.9623061788,negative,-1,FEP,Fluorinated Ethylene Propylene,adduct,break 1 bond(s) | H shift +1 | Cl | ; | break 1 bond(s) | H shift +1 | Cl | ; | break 1 bond(s) | H shift +1 | Cl,1,1,Cl,,"[1, 2, 3, 4, 5, 6, 7, 8, 9, 10, 11, 12, 13]",0.42999999999999994
C4HF9K,"{'C': 4, 'F': 9, 'H': 1, 'K': 1}",258.9571599832,positive,1,FEP,Fluorinated Ethylene Propylene,adduct,break 1 bond(s) | H shift +1 | K | ; | break 1 bond(s) | H shift +1 | K | ; | break 1 bond(s) | H shift +1 | K,1,1,K,,"[1, 2, 3, 4, 5, 6, 7, 8, 9, 10, 11, 12, 13]",0.42999999999999994
C4HF9Na,"{'C': 4, 'F': 9, 'H': 1, 'Na': 1}",242.9832227788,positive,1,FEP,Fluorinated Ethylene Propylene,adduct,break 1 bond(s) | H shift +1 | Na | ; | break 1 bond(s) | H shift +1 | Na | ; | break 1 bond(s) | H shift +1 | Na,1,1,Na,,"[1, 2, 3, 4, 5, 6, 7, 8, 9, 10, 11, 12, 13]",0.42999999999999994
CH2F3O,"{'F': 3, 'C': 1, 'H': 2, 'O': 1}",87.00577417222,negative,-1,FEP,Fluorinated Ethylene Propylene,adduct,break 1 bond(s) | H shift +1 | OH | ; | break 1 bond(s) | H shift +2 | O | ; | break 1 bond(s) | H shift +1 | OH,1,1,OH,,"[0, 1, 2, 3]",0.42999999999999994
CHClF3,"{'F': 3, 'C': 1, 'H': 1, 'Cl': 1}",104.97188720241999,negative,-1,FEP,Fluorinated Ethylene Propylene,adduct,break 1 bond(s) | H shift +1 | Cl | ; | break 1 bond(s) | H shift +1 | Cl | ; | break 1 bond(s) | H shift +1 | Cl,1,1,Cl,,"[0, 1, 2, 3]",0.42999999999999994
CHF3K,"{'F': 3, 'C': 1, 'H': 1, 'K': 1}",108.96674100682,positive,1,FEP,Fluorinated Ethylene Propylene,adduct,break 1 bond(s) | H shift +1 | K | ; | break 1 bond(s) | H shift +1 | K | ; | break 1 bond(s) | H shift +1 | K,1,1,K,,"[0, 1, 2, 3]",0.42999999999999994
CHF3Na,"{'F': 3, 'C': 1, 'H': 1, 'Na': 1}",92.99280380242,positive,1,FEP,Fluorinated Ethylene Propylene,adduct,break 1 bond(s) | H shift +1 | Na | ; | break 1 bond(s) | H shift +1 | Na | ; | break 1 bond(s) | H shift +1 | Na,1,1,Na,,"[0, 1, 2, 3]",0.42999999999999994
C2F4,"{'C': 2, 'F': 4}",99.99361265092,negative,-1,FEP,Fluorinated Ethylene Propylene,adduct,break 2 bond(s) | H shift +1 | -H | ; | break 2 bond(s) | H shift +1 | -H | ; | break 2 bond(s) | H shift +1 | -H,2,1,-H,,"[4, 5, 10, 11, 12, 13]",0.4
C2H2F4,"{'C': 2, 'F': 4, 'H': 2}",102.00926271538,positive,1,FEP,Fluorinated Ethylene Propylene,adduct,break 2 bond(s) | H shift +1 | H | ; | break 2 bond(s) | H shift +1 | H | ; | break 2 bond(s) | H shift +1 | H,2,1,H,,"[4, 5, 10, 11, 12, 13]",0.4
C2HF4,"{'C': 2, 'F': 4, 'H': 1}",101.00143768315,neutral,0,FEP,Fluorinated Ethylene Propylene,h_shift,break 2 bond(s) | H shift +1 | ; | break 2 bond(s) | H shift +1 | ; | break 2 bond(s) | H shift +1,2,1,,,"[4, 5, 10, 11, 12, 13]",0.4
C3F6,"{'C': 3, 'F': 6}",149.99041897638,negative,-1,FEP,Fluorinated Ethylene Propylene,adduct,break 2 bond(s) | H shift +1 | -H | ; | break 2 bond(s) | H shift +1 | -H | ; | break 2 bond(s) | H shift +1 | -H,2,1,-H,,"[1, 2, 3, 4, 5, 10, 11, 12, 13]",0.4
C3F7,"{'C': 3, 'F': 7}",168.98882213911,neutral,0,FEP,Fluorinated Ethylene Propylene,neutral_loss,break 1 bond(s) | H shift +2 | -H2 | ; | break 1 bond(s) | H shift +2 | -H2 | ; | break 1 bond(s) | H shift +2 | -H2,1,2,,H2,"[4, 5, 6, 7, 8, 9, 10, 11, 12, 13]",0.4
C3H2F6,"{'C': 3, 'F': 6, 'H': 2}",152.00606904084,positive,1,FEP,Fluorinated Ethylene Propylene,adduct,break 2 bond(s) | H shift +1 | H | ; | break 2 bond(s) | H shift +1 | H | ; | break 2 bond(s) | H shift +1 | H,2,1,H,,"[1, 2, 3, 4, 5, 10, 11, 12, 13]",0.4
C3HF6,"{'C': 3, 'F': 6, 'H': 1}",150.99824400861,neutral,0,FEP,Fluorinated Ethylene Propylene,neutral_loss,break 1 bond(s) | H shift +2 | -HF | ; | break 1 bond(s) | H shift +2 | -HF | ; | break 1 bond(s) | H shift +2 | -HF,1,2,,HF,"[4, 5, 6, 7, 8, 9, 10, 11, 12, 13]",0.4
C3HF6,"{'C': 3, 'F': 6, 'H': 1}",150.99824400861,neutral,0,FEP,Fluorinated Ethylene Propylene,h_shift,break 2 bond(s) | H shift +1 | ; | break 2 bond(s) | H shift +1 | ; | break 2 bond(s) | H shift +1 | ; | break 2 bond(s) | H shift +1,2,1,,,"[1, 2, 3, 4, 5, 10, 11, 12, 13]",0.4
C4F8,"{'C': 4, 'F': 8}",199.98722530184,negative,-1,FEP,Fluorinated Ethylene Propylene,adduct,break 2 bond(s) | H shift +1 | -H | ; | break 2 bond(s) | H shift +1 | -H | ; | break 2 bond(s) | H shift +1 | -H,2,1,-H,,"[1, 3, 4, 5, 6, 7, 8, 9, 10, 11, 12, 13]",0.4
C4F9,"{'C': 4, 'F': 9}",218.98562846457,neutral,0,FEP,Fluorinated Ethylene Propylene,neutral_loss,break 1 bond(s) | H shift +2 | -H2 | ; | break 1 bond(s) | H shift +2 | -H2 | ; | break 1 bond(s) | H shift +2 | -H2,1,2,,H2,"[1, 2, 3, 4, 5, 6, 7, 8, 9, 10, 11, 12, 13]",0.4
C4H2F8,"{'C': 4, 'F': 8, 'H': 2}",202.0028753663,positive,1,FEP,Fluorinated Ethylene Propylene,adduct,break 2 bond(s) | H shift +1 | H | ; | break 2 bond(s) | H shift +1 | H | ; | break 2 bond(s) | H shift +1 | H,2,1,H,,"[1, 3, 4, 5, 6, 7, 8, 9, 10, 11, 12, 13]",0.4
C4HF8,"{'C': 4, 'F': 8, 'H': 1}",200.99505033407,neutral,0,FEP,Fluorinated Ethylene Propylene,neutral_loss,break 1 bond(s) | H shift +2 | -HF | ; | break 1 bond(s) | H shift +2 | -HF | ; | break 1 bond(s) | H shift +2 | -HF,1,2,,HF,"[1, 2, 3, 4, 5, 6, 7, 8, 9, 10, 11, 12, 13]",0.4
C4HF8,"{'C': 4, 'F': 8, 'H': 1}",200.99505033407,neutral,0,FEP,Fluorinated Ethylene Propylene,h_shift,break 2 bond(s) | H shift +1 | ; | break 2 bond(s) | H shift +1 | ; | break 2 bond(s) | H shift +1 | ; | break 2 bond(s) | H shift +1,2,1,,,"[1, 3, 4, 5, 6, 7, 8, 9, 10, 11, 12, 13]",0.4
CF2,"{'C': 1, 'F': 2}",49.99680632546,negative,-1,FEP,Fluorinated Ethylene Propylene,adduct,break 2 bond(s) | H shift +1 | -H | ; | break 2 bond(s) | H shift +1 | -H | ; | break 2 bond(s) | H shift +1 | -H,2,1,-H,,"[1, 2, 3]",0.4
CF3,"{'F': 3, 'C': 1}",68.99520948819,neutral,0,FEP,Fluorinated Ethylene Propylene,neutral_loss,break 1 bond(s) | H shift +2 | -H2 | ; | break 1 bond(s) | H shift +2 | -H2 | ; | break 1 bond(s) | H shift +2 | -H2,1,2,,H2,"[0, 1, 2, 3]",0.4
CH2F2,"{'C': 1, 'F': 2, 'H': 2}",52.01245638992,positive,1,FEP,Fluorinated Ethylene Propylene,adduct,break 2 bond(s) | H shift +1 | H | ; | break 2 bond(s) | H shift +1 | H | ; | break 2 bond(s) | H shift +1 | H,2,1,H,,"[1, 2, 3]",0.4
CHF2,"{'F': 2, 'C': 1, 'H': 1}",51.00463135769,neutral,0,FEP,Fluorinated Ethylene Propylene,neutral_loss,break 1 bond(s) | H shift +2 | -HF | ; | break 1 bond(s) | H shift +2 | -HF | ; | break 1 bond(s) | H shift +2 | -HF,1,2,,HF,"[0, 1, 2, 3]",0.4
CHF2,"{'C': 1, 'F': 2, 'H': 1}",51.00463135769,neutral,0,FEP,Fluorinated Ethylene Propylene,h_shift,break 2 bond(s) | H shift +1 | ; | break 2 bond(s) | H shift +1 | ; | break 2 bond(s) | H shift +1 | ; | break 2 bond(s) | H shift +1,2,1,,,"[1, 2, 3]",0.4
C3H2ClF7,"{'C': 3, 'F': 7, 'H': 2, 'Cl': 1}",205.97332488557,negative,-1,FEP,Fluorinated Ethylene Propylene,adduct,break 1 bond(s) | H shift +2 | Cl | ; | break 1 bond(s) | H shift +2 | Cl | ; | break 1 bond(s) | H shift +2 | Cl,1,2,Cl,,"[4, 5, 6, 7, 8, 9, 10, 11, 12, 13]",0.38
C3H2F7K,"{'C': 3, 'F': 7, 'H': 2, 'K': 1}",209.96817868997,positive,1,FEP,Fluorinated Ethylene Propylene,adduct,break 1 bond(s) | H shift +2 | K | ; | break 1 bond(s) | H shift +2 | K | ; | break 1 bond(s) | H shift +2 | K,1,2,K,,"[4, 5, 6, 7, 8, 9, 10, 11, 12, 13]",0.38
C3H2F7Na,"{'C': 3, 'F': 7, 'H': 2, 'Na': 1}",193.99424148557,positive,1,FEP,Fluorinated Ethylene Propylene,adduct,break 1 bond(s) | H shift +2 | Na | ; | break 1 bond(s) | H shift +2 | Na | ; | break 1 bond(s) | H shift +2 | Na,1,2,Na,,"[4, 5, 6, 7, 8, 9, 10, 11, 12, 13]",0.38
C3H3F7O,"{'C': 3, 'F': 7, 'H': 3, 'O': 1}",188.00721185537,negative,-1,FEP,Fluorinated Ethylene Propylene,adduct,break 1 bond(s) | H shift +2 | OH | ; | break 1 bond(s) | H shift +2 | OH | ; | break 1 bond(s) | H shift +2 | OH,1,2,OH,,"[4, 5, 6, 7, 8, 9, 10, 11, 12, 13]",0.38
C4H2ClF9,"{'C': 4, 'F': 9, 'H': 2, 'Cl': 1}",255.97013121103,negative,-1,FEP,Fluorinated Ethylene Propylene,adduct,break 1 bond(s) | H shift +2 | Cl | ; | break 1 bond(s) | H shift +2 | Cl | ; | break 1 bond(s) | H shift +2 | Cl,1,2,Cl,,"[1, 2, 3, 4, 5, 6, 7, 8, 9, 10, 11, 12, 13]",0.38
C4H2F9K,"{'C': 4, 'F': 9, 'H': 2, 'K': 1}",259.96498501543,positive,1,FEP,Fluorinated Ethylene Propylene,adduct,break 1 bond(s) | H shift +2 | K | ; | break 1 bond(s) | H shift +2 | K | ; | break 1 bond(s) | H shift +2 | K,1,2,K,,"[1, 2, 3, 4, 5, 6, 7, 8, 9, 10, 11, 12, 13]",0.38
C4H2F9Na,"{'C': 4, 'F': 9, 'H': 2, 'Na': 1}",243.99104781103,positive,1,FEP,Fluorinated Ethylene Propylene,adduct,break 1 bond(s) | H shift +2 | Na | ; | break 1 bond(s) | H shift +2 | Na | ; | break 1 bond(s) | H shift +2 | Na,1,2,Na,,"[1, 2, 3, 4, 5, 6, 7, 8, 9, 10, 11, 12, 13]",0.38
C4H3F9O,"{'C': 4, 'F': 9, 'H': 3, 'O': 1}",238.00401818083,negative,-1,FEP,Fluorinated Ethylene Propylene,adduct,break 1 bond(s) | H shift +2 | OH | ; | break 1 bond(s) | H shift +2 | OH | ; | break 1 bond(s) | H shift +2 | OH,1,2,OH,,"[1, 2, 3, 4, 5, 6, 7, 8, 9, 10, 11, 12, 13]",0.38
CH2ClF3,"{'F': 3, 'C': 1, 'H': 2, 'Cl': 1}",105.97971223465,negative,-1,FEP,Fluorinated Ethylene Propylene,adduct,break 1 bond(s) | H shift +2 | Cl | ; | break 1 bond(s) | H shift +2 | Cl | ; | break 1 bond(s) | H shift +2 | Cl,1,2,Cl,,"[0, 1, 2, 3]",0.38
CH2F3K,"{'F': 3, 'C': 1, 'H': 2, 'K': 1}",109.97456603905,positive,1,FEP,Fluorinated Ethylene Propylene,adduct,break 1 bond(s) | H shift +2 | K | ; | break 1 bond(s) | H shift +2 | K | ; | break 1 bond(s) | H shift +2 | K,1,2,K,,"[0, 1, 2, 3]",0.38
CH2F3Na,"{'F': 3, 'C': 1, 'H': 2, 'Na': 1}",94.00062883465,positive,1,FEP,Fluorinated Ethylene Propylene,adduct,break 1 bond(s) | H shift +2 | Na | ; | break 1 bond(s) | H shift +2 | Na | ; | break 1 bond(s) | H shift +2 | Na,1,2,Na,,"[0, 1, 2, 3]",0.38
CH3F3O,"{'F': 3, 'C': 1, 'H': 3, 'O': 1}",88.01359920445,negative,-1,FEP,Fluorinated Ethylene Propylene,adduct,break 1 bond(s) | H shift +2 | OH | ; | break 1 bond(s) | H shift +2 | OH | ; | break 1 bond(s) | H shift +2 | OH,1,2,OH,,"[0, 1, 2, 3]",0.38
C2H2F4,"{'C': 2, 'F': 4, 'H': 2}",102.00926271538,neutral,0,FEP,Fluorinated Ethylene Propylene,h_shift,break 2 bond(s) | H shift +2 | ; | break 2 bond(s) | H shift +2 | ; | break 2 bond(s) | H shift +2,2,2,,,"[4, 5, 10, 11, 12, 13]",0.35
C2H3F4,"{'C': 2, 'F': 4, 'H': 3}",103.01708774761,positive,1,FEP,Fluorinated Ethylene Propylene,adduct,break 2 bond(s) | H shift +2 | H | ; | break 2 bond(s) | H shift +2 | H | ; | break 2 bond(s) | H shift +2 | H,2,2,H,,"[4, 5, 10, 11, 12, 13]",0.35
C2HF4,"{'C': 2, 'F': 4, 'H': 1}",101.00143768315,negative,-1,FEP,Fluorinated Ethylene Propylene,adduct,break 2 bond(s) | H shift +2 | -H | ; | break 2 bond(s) | H shift +2 | -H | ; | break 2 bond(s) | H shift +2 | -H,2,2,-H,,"[4, 5, 10, 11, 12, 13]",0.35
C3H2F6,"{'C': 3, 'F': 6, 'H': 2}",152.00606904084,neutral,0,FEP,Fluorinated Ethylene Propylene,h_shift,break 2 bond(s) | H shift +2 | ; | break 2 bond(s) | H shift +2 | ; | break 2 bond(s) | H shift +2 | ; | break 2 bond(s) | H shift +2,2,2,,,"[1, 2, 3, 4, 5, 10, 11, 12, 13]",0.35
C3H3F6,"{'C': 3, 'F': 6, 'H': 3}",153.01389407307,positive,1,FEP,Fluorinated Ethylene Propylene,adduct,break 2 bond(s) | H shift +2 | H | ; | break 2 bond(s) | H shift +2 | H | ; | break 2 bond(s) | H shift +2 | H,2,2,H,,"[1, 2, 3, 4, 5, 10, 11, 12, 13]",0.35
C3HF6,"{'C': 3, 'F': 6, 'H': 1}",150.99824400861,negative,-1,FEP,Fluorinated Ethylene Propylene,adduct,break 2 bond(s) | H shift +2 | -H | ; | break 2 bond(s) | H shift +2 | -H | ; | break 2 bond(s) | H shift +2 | -H,2,2,-H,,"[1, 2, 3, 4, 5, 10, 11, 12, 13]",0.35
C4H2F8,"{'C': 4, 'F': 8, 'H': 2}",202.0028753663,neutral,0,FEP,Fluorinated Ethylene Propylene,h_shift,break 2 bond(s) | H shift +2 | ; | break 2 bond(s) | H shift +2 | ; | break 2 bond(s) | H shift +2 | ; | break 2 bond(s) | H shift +2,2,2,,,"[1, 3, 4, 5, 6, 7, 8, 9, 10, 11, 12, 13]",0.35
C4H3F8,"{'C': 4, 'F': 8, 'H': 3}",203.01070039853,positive,1,FEP,Fluorinated Ethylene Propylene,adduct,break 2 bond(s) | H shift +2 | H | ; | break 2 bond(s) | H shift +2 | H | ; | break 2 bond(s) | H shift +2 | H,2,2,H,,"[1, 3, 4, 5, 6, 7, 8, 9, 10, 11, 12, 13]",0.35
C4HF8,"{'C': 4, 'F': 8, 'H': 1}",200.99505033407,negative,-1,FEP,Fluorinated Ethylene Propylene,adduct,break 2 bond(s) | H shift +2 | -H | ; | break 2 bond(s) | H shift +2 | -H | ; | break 2 bond(s) | H shift +2 | -H,2,2,-H,,"[1, 3, 4, 5, 6, 7, 8, 9, 10, 11, 12, 13]",0.35
CH2F2,"{'C': 1, 'F': 2, 'H': 2}",52.01245638992,neutral,0,FEP,Fluorinated Ethylene Propylene,h_shift,break 2 bond(s) | H shift +2 | ; | break 2 bond(s) | H shift +2 | ; | break 2 bond(s) | H shift +2 | ; | break 2 bond(s) | H shift +2,2,2,,,"[1, 2, 3]",0.35
CH3F2,"{'C': 1, 'F': 2, 'H': 3}",53.02028142215,positive,1,FEP,Fluorinated Ethylene Propylene,adduct,break 2 bond(s) | H shift +2 | H | ; | break 2 bond(s) | H shift +2 | H | ; | break 2 bond(s) | H shift +2 | H,2,2,H,,"[1, 2, 3]",0.35
CHF2,"{'C': 1, 'F': 2, 'H': 1}",51.00463135769,negative,-1,FEP,Fluorinated Ethylene Propylene,adduct,break 2 bond(s) | H shift +2 | -H | ; | break 2 bond(s) | H shift +2 | -H | ; | break 2 bond(s) | H shift +2 | -H,2,2,-H,,"[1, 2, 3]",0.35
C2ClF4,"{'C': 2, 'F': 4, 'Cl': 1}",134.96246533292,negative,-1,FEP,Fluorinated Ethylene Propylene,adduct,break 2 bond(s) | Cl | ; | break 2 bond(s) | Cl | ; | break 2 bond(s) | Cl,2,0,Cl,,"[4, 5, 10, 11, 12, 13]",0.33
C2F4K,"{'C': 2, 'F': 4, 'K': 1}",138.95731913731998,positive,1,FEP,Fluorinated Ethylene Propylene,adduct,break 2 bond(s) | K | ; | break 2 bond(s) | K | ; | break 2 bond(s) | K,2,0,K,,"[4, 5, 10, 11, 12, 13]",0.33
C2F4Na,"{'C': 2, 'F': 4, 'Na': 1}",122.98338193292,positive,1,FEP,Fluorinated Ethylene Propylene,adduct,break 2 bond(s) | Na | ; | break 2 bond(s) | Na | ; | break 2 bond(s) | Na,2,0,Na,,"[4, 5, 10, 11, 12, 13]",0.33
C2F4O,"{'C': 2, 'F': 4, 'O': 1}",115.98852727049,negative,-1,FEP,Fluorinated Ethylene Propylene,adduct,break 2 bond(s) | O | ; | break 2 bond(s) | O | ; | break 2 bond(s) | O,2,0,O,,"[4, 5, 10, 11, 12, 13]",0.33
C2HF4O,"{'C': 2, 'F': 4, 'O': 1, 'H': 1}",116.99635230272,negative,-1,FEP,Fluorinated Ethylene Propylene,adduct,break 2 bond(s) | OH | ; | break 2 bond(s) | H shift +1 | O | ; | break 2 bond(s) | OH,2,0,OH,,"[4, 5, 10, 11, 12, 13]",0.33
C3ClF6,"{'C': 3, 'F': 6, 'Cl': 1}",184.95927165838,negative,-1,FEP,Fluorinated Ethylene Propylene,adduct,break 2 bond(s) | Cl | ; | break 2 bond(s) | Cl | ; | break 2 bond(s) | Cl | ; | break 2 bond(s) | Cl,2,0,Cl,,"[1, 2, 3, 4, 5, 10, 11, 12, 13]",0.33
C3F6K,"{'C': 3, 'F': 6, 'K': 1}",188.95412546277998,positive,1,FEP,Fluorinated Ethylene Propylene,adduct,break 2 bond(s) | K | ; | break 2 bond(s) | K | ; | break 2 bond(s) | K | ; | break 2 bond(s) | K,2,0,K,,"[1, 2, 3, 4, 5, 10, 11, 12, 13]",0.33
C3F6Na,"{'C': 3, 'F': 6, 'Na': 1}",172.98018825838,positive,1,FEP,Fluorinated Ethylene Propylene,adduct,break 2 bond(s) | Na | ; | break 2 bond(s) | Na | ; | break 2 bond(s) | Na | ; | break 2 bond(s) | Na,2,0,Na,,"[1, 2, 3, 4, 5, 10, 11, 12, 13]",0.33
C3F6O,"{'C': 3, 'F': 6, 'O': 1}",165.98533359595,negative,-1,FEP,Fluorinated Ethylene Propylene,adduct,break 2 bond(s) | O | ; | break 2 bond(s) | O | ; | break 2 bond(s) | O | ; | break 2 bond(s) | O,2,0,O,,"[1, 2, 3, 4, 5, 10, 11, 12, 13]",0.33
C3HF6O,"{'C': 3, 'F': 6, 'O': 1, 'H': 1}",166.99315862818,negative,-1,FEP,Fluorinated Ethylene Propylene,adduct,break 2 bond(s) | OH | ; | break 2 bond(s) | H shift +1 | O | ; | break 2 bond(s) | OH,2,0,OH,,"[1, 2, 3, 4, 5, 10, 11, 12, 13]",0.33
C4ClF8,"{'C': 4, 'F': 8, 'Cl': 1}",234.95607798384,negative,-1,FEP,Fluorinated Ethylene Propylene,adduct,break 2 bond(s) | Cl | ; | break 2 bond(s) | Cl | ; | break 2 bond(s) | Cl | ; | break 2 bond(s) | Cl,2,0,Cl,,"[1, 3, 4, 5, 6, 7, 8, 9, 10, 11, 12, 13]",0.33
C4F8K,"{'C': 4, 'F': 8, 'K': 1}",238.95093178823998,positive,1,FEP,Fluorinated Ethylene Propylene,adduct,break 2 bond(s) | K | ; | break 2 bond(s) | K | ; | break 2 bond(s) | K | ; | break 2 bond(s) | K,2,0,K,,"[1, 3, 4, 5, 6, 7, 8, 9, 10, 11, 12, 13]",0.33
C4F8Na,"{'C': 4, 'F': 8, 'Na': 1}",222.97699458384,positive,1,FEP,Fluorinated Ethylene Propylene,adduct,break 2 bond(s) | Na | ; | break 2 bond(s) | Na | ; | break 2 bond(s) | Na | ; | break 2 bond(s) | Na,2,0,Na,,"[1, 3, 4, 5, 6, 7, 8, 9, 10, 11, 12, 13]",0.33
C4F8O,"{'C': 4, 'F': 8, 'O': 1}",215.98213992141,negative,-1,FEP,Fluorinated Ethylene Propylene,adduct,break 2 bond(s) | O | ; | break 2 bond(s) | O | ; | break 2 bond(s) | O | ; | break 2 bond(s) | O,2,0,O,,"[1, 3, 4, 5, 6, 7, 8, 9, 10, 11, 12, 13]",0.33
C4HF8O,"{'C': 4, 'F': 8, 'O': 1, 'H': 1}",216.98996495364,negative,-1,FEP,Fluorinated Ethylene Propylene,adduct,break 2 bond(s) | OH | ; | break 2 bond(s) | H shift +1 | O | ; | break 2 bond(s) | OH,2,0,OH,,"[1, 3, 4, 5, 6, 7, 8, 9, 10, 11, 12, 13]",0.33
CClF2,"{'C': 1, 'F': 2, 'Cl': 1}",84.96565900746,negative,-1,FEP,Fluorinated Ethylene Propylene,adduct,break 2 bond(s) | Cl | ; | break 2 bond(s) | Cl | ; | break 2 bond(s) | Cl | ; | break 2 bond(s) | Cl,2,0,Cl,,"[1, 2, 3]",0.33
CF2K,"{'C': 1, 'F': 2, 'K': 1}",88.96051281186,positive,1,FEP,Fluorinated Ethylene Propylene,adduct,break 2 bond(s) | K | ; | break 2 bond(s) | K | ; | break 2 bond(s) | K | ; | break 2 bond(s) | K,2,0,K,,"[1, 2, 3]",0.33
CF2Na,"{'C': 1, 'F': 2, 'Na': 1}",72.98657560746,positive,1,FEP,Fluorinated Ethylene Propylene,adduct,break 2 bond(s) | Na | ; | break 2 bond(s) | Na | ; | break 2 bond(s) | Na | ; | break 2 bond(s) | Na,2,0,Na,,"[1, 2, 3]",0.33
CF2O,"{'C': 1, 'F': 2, 'O': 1}",65.99172094503,negative,-1,FEP,Fluorinated Ethylene Propylene,adduct,break 2 bond(s) | O | ; | break 2 bond(s) | O | ; | break 2 bond(s) | O | ; | break 2 bond(s) | O,2,0,O,,"[1, 2, 3]",0.33
CHF2O,"{'C': 1, 'F': 2, 'O': 1, 'H': 1}",66.99954597726,negative,-1,FEP,Fluorinated Ethylene Propylene,adduct,break 2 bond(s) | OH | ; | break 2 bond(s) | H shift +1 | O | ; | break 2 bond(s) | OH,2,0,OH,,"[1, 2, 3]",0.33
C2F3,"{'C': 2, 'F': 3}",80.99520948819,neutral,0,FEP,Fluorinated Ethylene Propylene,neutral_loss,break 2 bond(s) | H shift +1 | -HF | ; | break 2 bond(s) | H shift +1 | -HF | ; | break 2 bond(s) | H shift +1 | -HF,2,1,,HF,"[4, 5, 10, 11, 12, 13]",0.30000000000000004
C3F5,"{'C': 3, 'F': 5}",130.99201581365,neutral,0,FEP,Fluorinated Ethylene Propylene,neutral_loss,break 2 bond(s) | H shift +1 | -HF | ; | break 2 bond(s) | H shift +1 | -HF | ; | break 2 bond(s) | H shift +1 | -HF,2,1,,HF,"[1, 2, 3, 4, 5, 10, 11, 12, 13]",0.30000000000000004
C4F7,"{'C': 4, 'F': 7}",180.98882213911,neutral,0,FEP,Fluorinated Ethylene Propylene,neutral_loss,break 2 bond(s) | H shift +1 | -HF | ; | break 2 bond(s) | H shift +1 | -HF | ; | break 2 bond(s) | H shift +1 | -HF,2,1,,HF,"[1, 3, 4, 5, 6, 7, 8, 9, 10, 11, 12, 13]",0.30000000000000004
CF,"{'C': 1, 'F': 1}",30.99840316273,neutral,0,FEP,Fluorinated Ethylene Propylene,neutral_loss,break 2 bond(s) | H shift +1 | -HF | ; | break 2 bond(s) | H shift +1 | -HF | ; | break 2 bond(s) | H shift +1 | -HF,2,1,,HF,"[1, 2, 3]",0.30000000000000004
C2H2F4O,"{'C': 2, 'F': 4, 'H': 2, 'O': 1}",118.00417733495,negative,-1,FEP,Fluorinated Ethylene Propylene,adduct,break 2 bond(s) | H shift +1 | OH | ; | break 2 bond(s) | H shift +2 | O | ; | break 2 bond(s) | H shift +1 | OH,2,1,OH,,"[4, 5, 10, 11, 12, 13]",0.28
C2HClF4,"{'C': 2, 'F': 4, 'H': 1, 'Cl': 1}",135.97029036515,negative,-1,FEP,Fluorinated Ethylene Propylene,adduct,break 2 bond(s) | H shift +1 | Cl | ; | break 2 bond(s) | H shift +1 | Cl | ; | break 2 bond(s) | H shift +1 | Cl,2,1,Cl,,"[4, 5, 10, 11, 12, 13]",0.28
C2HF4K,"{'C': 2, 'F': 4, 'H': 1, 'K': 1}",139.96514416955,positive,1,FEP,Fluorinated Ethylene Propylene,adduct,break 2 bond(s) | H shift +1 | K | ; | break 2 bond(s) | H shift +1 | K | ; | break 2 bond(s) | H shift +1 | K,2,1,K,,"[4, 5, 10, 11, 12, 13]",0.28
C2HF4Na,"{'C': 2, 'F': 4, 'H': 1, 'Na': 1}",123.99120696515,positive,1,FEP,Fluorinated Ethylene Propylene,adduct,break 2 bond(s) | H shift +1 | Na | ; | break 2 bond(s) | H shift +1 | Na | ; | break 2 bond(s) | H shift +1 | Na,2,1,Na,,"[4, 5, 10, 11, 12, 13]",0.28
C3H2F6O,"{'C': 3, 'F': 6, 'H': 2, 'O': 1}",168.00098366041,negative,-1,FEP,Fluorinated Ethylene Propylene,adduct,break 2 bond(s) | H shift +1 | OH | ; | break 2 bond(s) | H shift +2 | O | ; | break 2 bond(s) | H shift +1 | OH,2,1,OH,,"[1, 2, 3, 4, 5, 10, 11, 12, 13]",0.28
C3HClF6,"{'C': 3, 'F': 6, 'H': 1, 'Cl': 1}",185.96709669061,negative,-1,FEP,Fluorinated Ethylene Propylene,adduct,break 2 bond(s) | H shift +1 | Cl | ; | break 2 bond(s) | H shift +1 | Cl | ; | break 2 bond(s) | H shift +1 | Cl,2,1,Cl,,"[1, 2, 3, 4, 5, 10, 11, 12, 13]",0.28
C3HF6K,"{'C': 3, 'F': 6, 'H': 1, 'K': 1}",189.96195049501,positive,1,FEP,Fluorinated Ethylene Propylene,adduct,break 2 bond(s) | H shift +1 | K | ; | break 2 bond(s) | H shift +1 | K | ; | break 2 bond(s) | H shift +1 | K,2,1,K,,"[1, 2, 3, 4, 5, 10, 11, 12, 13]",0.28
C3HF6Na,"{'C': 3, 'F': 6, 'H': 1, 'Na': 1}",173.98801329061,positive,1,FEP,Fluorinated Ethylene Propylene,adduct,break 2 bond(s) | H shift +1 | Na | ; | break 2 bond(s) | H shift +1 | Na | ; | break 2 bond(s) | H shift +1 | Na,2,1,Na,,"[1, 2, 3, 4, 5, 10, 11, 12, 13]",0.28
C4H2F8O,"{'C': 4, 'F': 8, 'H': 2, 'O': 1}",217.99778998586999,negative,-1,FEP,Fluorinated Ethylene Propylene,adduct,break 2 bond(s) | H shift +1 | OH | ; | break 2 bond(s) | H shift +2 | O | ; | break 2 bond(s) | H shift +1 | OH,2,1,OH,,"[1, 3, 4, 5, 6, 7, 8, 9, 10, 11, 12, 13]",0.28
C4HClF8,"{'C': 4, 'F': 8, 'H': 1, 'Cl': 1}",235.96390301607,negative,-1,FEP,Fluorinated Ethylene Propylene,adduct,break 2 bond(s) | H shift +1 | Cl | ; | break 2 bond(s) | H shift +1 | Cl | ; | break 2 bond(s) | H shift +1 | Cl,2,1,Cl,,"[1, 3, 4, 5, 6, 7, 8, 9, 10, 11, 12, 13]",0.28
C4HF8K,"{'C': 4, 'F': 8, 'H': 1, 'K': 1}",239.95875682047,positive,1,FEP,Fluorinated Ethylene Propylene,adduct,break 2 bond(s) | H shift +1 | K | ; | break 2 bond(s) | H shift +1 | K | ; | break 2 bond(s) | H shift +1 | K,2,1,K,,"[1, 3, 4, 5, 6, 7, 8, 9, 10, 11, 12, 13]",0.28
C4HF8Na,"{'C': 4, 'F': 8, 'H': 1, 'Na': 1}",223.98481961607,positive,1,FEP,Fluorinated Ethylene Propylene,adduct,break 2 bond(s) | H shift +1 | Na | ; | break 2 bond(s) | H shift +1 | Na | ; | break 2 bond(s) | H shift +1 | Na,2,1,Na,,"[1, 3, 4, 5, 6, 7, 8, 9, 10, 11, 12, 13]",0.28
CH2F2O,"{'C': 1, 'F': 2, 'H': 2, 'O': 1}",68.00737100949,negative,-1,FEP,Fluorinated Ethylene Propylene,adduct,break 2 bond(s) | H shift +1 | OH | ; | break 2 bond(s) | H shift +2 | O | ; | break 2 bond(s) | H shift +1 | OH,2,1,OH,,"[1, 2, 3]",0.28
CHClF2,"{'C': 1, 'F': 2, 'H': 1, 'Cl': 1}",85.97348403968999,negative,-1,FEP,Fluorinated Ethylene Propylene,adduct,break 2 bond(s) | H shift +1 | Cl | ; | break 2 bond(s) | H shift +1 | Cl | ; | break 2 bond(s) | H shift +1 | Cl,2,1,Cl,,"[1, 2, 3]",0.28
CHF2K,"{'C': 1, 'F': 2, 'H': 1, 'K': 1}",89.96833784409,positive,1,FEP,Fluorinated Ethylene Propylene,adduct,break 2 bond(s) | H shift +1 | K | ; | break 2 bond(s) | H shift +1 | K | ; | break 2 bond(s) | H shift +1 | K,2,1,K,,"[1, 2, 3]",0.28
CHF2Na,"{'C': 1, 'F': 2, 'H': 1, 'Na': 1}",73.99440063969,positive,1,FEP,Fluorinated Ethylene Propylene,adduct,break 2 bond(s) | H shift +1 | Na | ; | break 2 bond(s) | H shift +1 | Na | ; | break 2 bond(s) | H shift +1 | Na,2,1,Na,,"[1, 2, 3]",0.28
C2F4,"{'C': 2, 'F': 4}",99.99361265092,neutral,0,FEP,Fluorinated Ethylene Propylene,neutral_loss,break 2 bond(s) | H shift +2 | -H2 | ; | break 2 bond(s) | H shift +2 | -H2 | ; | break 2 bond(s) | H shift +2 | -H2,2,2,,H2,"[4, 5, 10, 11, 12, 13]",0.24999999999999997
C2HF3,"{'C': 2, 'F': 3, 'H': 1}",82.00303452042,neutral,0,FEP,Fluorinated Ethylene Propylene,neutral_loss,break 2 bond(s) | H shift +2 | -HF | ; | break 2 bond(s) | H shift +2 | -HF | ; | break 2 bond(s) | H shift +2 | -HF,2,2,,HF,"[4, 5, 10, 11, 12, 13]",0.24999999999999997
C3HF5,"{'C': 3, 'F': 5, 'H': 1}",131.99984084588,neutral,0,FEP,Fluorinated Ethylene Propylene,neutral_loss,break 2 bond(s) | H shift +2 | -HF | ; | break 2 bond(s) | H shift +2 | -HF | ; | break 2 bond(s) | H shift +2 | -HF,2,2,,HF,"[1, 2, 3, 4, 5, 10, 11, 12, 13]",0.24999999999999997
C4HF7,"{'C': 4, 'F': 7, 'H': 1}",181.99664717134,neutral,0,FEP,Fluorinated Ethylene Propylene,neutral_loss,break 2 bond(s) | H shift +2 | -HF | ; | break 2 bond(s) | H shift +2 | -HF | ; | break 2 bond(s) | H shift +2 | -HF,2,2,,HF,"[1, 3, 4, 5, 6, 7, 8, 9, 10, 11, 12, 13]",0.24999999999999997
CHF,"{'C': 1, 'F': 1, 'H': 1}",32.00622819496,neutral,0,FEP,Fluorinated Ethylene Propylene,neutral_loss,break 2 bond(s) | H shift +2 | -HF | ; | break 2 bond(s) | H shift +2 | -HF | ; | break 2 bond(s) | H shift +2 | -HF,2,2,,HF,"[1, 2, 3]",0.24999999999999997
C2H2ClF4,"{'C': 2, 'F': 4, 'H': 2, 'Cl': 1}",136.97811539738,negative,-1,FEP,Fluorinated Ethylene Propylene,adduct,break 2 bond(s) | H shift +2 | Cl | ; | break 2 bond(s) | H shift +2 | Cl | ; | break 2 bond(s) | H shift +2 | Cl,2,2,Cl,,"[4, 5, 10, 11, 12, 13]",0.22999999999999998
C2H2F4K,"{'C': 2, 'F': 4, 'H': 2, 'K': 1}",140.97296920178,positive,1,FEP,Fluorinated Ethylene Propylene,adduct,break 2 bond(s) | H shift +2 | K | ; | break 2 bond(s) | H shift +2 | K | ; | break 2 bond(s) | H shift +2 | K,2,2,K,,"[4, 5, 10, 11, 12, 13]",0.22999999999999998
C2H2F4Na,"{'C': 2, 'F': 4, 'H': 2, 'Na': 1}",124.99903199738,positive,1,FEP,Fluorinated Ethylene Propylene,adduct,break 2 bond(s) | H shift +2 | Na | ; | break 2 bond(s) | H shift +2 | Na | ; | break 2 bond(s) | H shift +2 | Na,2,2,Na,,"[4, 5, 10, 11, 12, 13]",0.22999999999999998
C2H3F4O,"{'C': 2, 'F': 4, 'H': 3, 'O': 1}",119.01200236718,negative,-1,FEP,Fluorinated Ethylene Propylene,adduct,break 2 bond(s) | H shift +2 | OH | ; | break 2 bond(s) | H shift +2 | OH | ; | break 2 bond(s) | H shift +2 | OH,2,2,OH,,"[4, 5, 10, 11, 12, 13]",0.22999999999999998
C3H2ClF6,"{'C': 3, 'F': 6, 'H': 2, 'Cl': 1}",186.97492172284,negative,-1,FEP,Fluorinated Ethylene Propylene,adduct,break 2 bond(s) | H shift +2 | Cl | ; | break 2 bond(s) | H shift +2 | Cl | ; | break 2 bond(s) | H shift +2 | Cl,2,2,Cl,,"[1, 2, 3, 4, 5, 10, 11, 12, 13]",0.22999999999999998
C3H2F6K,"{'C': 3, 'F': 6, 'H': 2, 'K': 1}",190.96977552724,positive,1,FEP,Fluorinated Ethylene Propylene,adduct,break 2 bond(s) | H shift +2 | K | ; | break 2 bond(s) | H shift +2 | K | ; | break 2 bond(s) | H shift +2 | K,2,2,K,,"[1, 2, 3, 4, 5, 10, 11, 12, 13]",0.22999999999999998
C3H2F6Na,"{'C': 3, 'F': 6, 'H': 2, 'Na': 1}",174.99583832284,positive,1,FEP,Fluorinated Ethylene Propylene,adduct,break 2 bond(s) | H shift +2 | Na | ; | break 2 bond(s) | H shift +2 | Na | ; | break 2 bond(s) | H shift +2 | Na,2,2,Na,,"[1, 2, 3, 4, 5, 10, 11, 12, 13]",0.22999999999999998
C3H3F6O,"{'C': 3, 'F': 6, 'H': 3, 'O': 1}",169.00880869264,negative,-1,FEP,Fluorinated Ethylene Propylene,adduct,break 2 bond(s) | H shift +2 | OH | ; | break 2 bond(s) | H shift +2 | OH | ; | break 2 bond(s) | H shift +2 | OH,2,2,OH,,"[1, 2, 3, 4, 5, 10, 11, 12, 13]",0.22999999999999998
C4H2ClF8,"{'C': 4, 'F': 8, 'H': 2, 'Cl': 1}",236.9717280483,negative,-1,FEP,Fluorinated Ethylene Propylene,adduct,break 2 bond(s) | H shift +2 | Cl | ; | break 2 bond(s) | H shift +2 | Cl | ; | break 2 bond(s) | H shift +2 | Cl,2,2,Cl,,"[1, 3, 4, 5, 6, 7, 8, 9, 10, 11, 12, 13]",0.22999999999999998
C4H2F8K,"{'C': 4, 'F': 8, 'H': 2, 'K': 1}",240.9665818527,positive,1,FEP,Fluorinated Ethylene Propylene,adduct,break 2 bond(s) | H shift +2 | K | ; | break 2 bond(s) | H shift +2 | K | ; | break 2 bond(s) | H shift +2 | K,2,2,K,,"[1, 3, 4, 5, 6, 7, 8, 9, 10, 11, 12, 13]",0.22999999999999998
C4H2F8Na,"{'C': 4, 'F': 8, 'H': 2, 'Na': 1}",224.9926446483,positive,1,FEP,Fluorinated Ethylene Propylene,adduct,break 2 bond(s) | H shift +2 | Na | ; | break 2 bond(s) | H shift +2 | Na | ; | break 2 bond(s) | H shift +2 | Na,2,2,Na,,"[1, 3, 4, 5, 6, 7, 8, 9, 10, 11, 12, 13]",0.22999999999999998
C4H3F8O,"{'C': 4, 'F': 8, 'H': 3, 'O': 1}",219.0056150181,negative,-1,FEP,Fluorinated Ethylene Propylene,adduct,break 2 bond(s) | H shift +2 | OH | ; | break 2 bond(s) | H shift +2 | OH | ; | break 2 bond(s) | H shift +2 | OH,2,2,OH,,"[1, 3, 4, 5, 6, 7, 8, 9, 10, 11, 12, 13]",0.22999999999999998
CH2ClF2,"{'C': 1, 'F': 2, 'H': 2, 'Cl': 1}",86.98130907192,negative,-1,FEP,Fluorinated Ethylene Propylene,adduct,break 2 bond(s) | H shift +2 | Cl | ; | break 2 bond(s) | H shift +2 | Cl | ; | break 2 bond(s) | H shift +2 | Cl,2,2,Cl,,"[1, 2, 3]",0.22999999999999998
CH2F2K,"{'C': 1, 'F': 2, 'H': 2, 'K': 1}",90.97616287632,positive,1,FEP,Fluorinated Ethylene Propylene,adduct,break 2 bond(s) | H shift +2 | K | ; | break 2 bond(s) | H shift +2 | K | ; | break 2 bond(s) | H shift +2 | K,2,2,K,,"[1, 2, 3]",0.22999999999999998
CH2F2Na,"{'C': 1, 'F': 2, 'H': 2, 'Na': 1}",75.00222567192,positive,1,FEP,Fluorinated Ethylene Propylene,adduct,break 2 bond(s) | H shift +2 | Na | ; | break 2 bond(s) | H shift +2 | Na | ; | break 2 bond(s) | H shift +2 | Na,2,2,Na,,"[1, 2, 3]",0.22999999999999998
CH3F2O,"{'C': 1, 'F': 2, 'H': 3, 'O': 1}",69.01519604172,negative,-1,FEP,Fluorinated Ethylene Propylene,adduct,break 2 bond(s) | H shift +2 | OH | ; | break 2 bond(s) | H shift +2 | OH | ; | break 2 bond(s) | H shift +2 | OH,2,2,OH,,"[1, 2, 3]",0.22999999999999998
