spectrum_id,mz,intensity,source_file
PET_pos_PETneg_All_purpose_Positiveneg_1neg_peak_list,1.0073,1.2065489162396243,data/0510/PET/+PET-All purpose Positive-1-peak list.TXT
PET_pos_PETneg_All_purpose_Positiveneg_1neg_peak_list,11.9986,0.7465325073190227,data/0510/PET/+PET-All purpose Positive-1-peak list.TXT
PET_pos_PETneg_All_purpose_Positiveneg_1neg_peak_list,13.0064,0.965190813201363,data/0510/PET/+PET-All purpose Positive-1-peak list.TXT
PET_pos_PETneg_All_purpose_Positiveneg_1neg_peak_list,14.0143,1.813763613163043,data/0510/PET/+PET-All purpose Positive-1-peak list.TXT
PET_pos_PETneg_All_purpose_Positiveneg_1neg_peak_list,15.0228,6.568941191243698,data/0510/PET/+PET-All purpose Positive-1-peak list.TXT
PET_pos_PETneg_All_purpose_Positiveneg_1neg_peak_list,19.018,0.9335526051404873,data/0510/PET/+PET-All purpose Positive-1-peak list.TXT
PET_pos_PETneg_All_purpose_Positiveneg_1neg_peak_list,22.9898,100.0,data/0510/PET/+PET-All purpose Positive-1-peak list.TXT
PET_pos_PETneg_All_purpose_Positiveneg_1neg_peak_list,25.0054,0.4231275503507972,data/0510/PET/+PET-All purpose Positive-1-peak list.TXT
PET_pos_PETneg_All_purpose_Positiveneg_1neg_peak_list,26.0136,4.439177403889311,data/0510/PET/+PET-All purpose Positive-1-peak list.TXT
PET_pos_PETneg_All_purpose_Positiveneg_1neg_peak_list,27.0226,37.59467865253572,data/0510/PET/+PET-All purpose Positive-1-peak list.TXT
PET_pos_PETneg_All_purpose_Positiveneg_1neg_peak_list,27.9744,0.609006430763848,data/0510/PET/+PET-All purpose Positive-1-peak list.TXT
PET_pos_PETneg_All_purpose_Positiveneg_1neg_peak_list,28.0294,5.055350770014876,data/0510/PET/+PET-All purpose Positive-1-peak list.TXT
PET_pos_PETneg_All_purpose_Positiveneg_1neg_peak_list,29.0013,7.289828945241103,data/0510/PET/+PET-All purpose Positive-1-peak list.TXT
PET_pos_PETneg_All_purpose_Positiveneg_1neg_peak_list,29.0384,20.679341137749788,data/0510/PET/+PET-All purpose Positive-1-peak list.TXT
PET_pos_PETneg_All_purpose_Positiveneg_1neg_peak_list,30.0081,0.31772062883795316,data/0510/PET/+PET-All purpose Positive-1-peak list.TXT
PET_pos_PETneg_All_purpose_Positiveneg_1neg_peak_list,30.0336,0.3917632044556489,data/0510/PET/+PET-All purpose Positive-1-peak list.TXT
PET_pos_PETneg_All_purpose_Positiveneg_1neg_peak_list,30.042,0.5578362229818468,data/0510/PET/+PET-All purpose Positive-1-peak list.TXT
PET_pos_PETneg_All_purpose_Positiveneg_1neg_peak_list,31.0174,4.948324685341375,data/0510/PET/+PET-All purpose Positive-1-peak list.TXT
PET_pos_PETneg_All_purpose_Positiveneg_1neg_peak_list,37.0054,1.7880588352571563,data/0510/PET/+PET-All purpose Positive-1-peak list.TXT
PET_pos_PETneg_All_purpose_Positiveneg_1neg_peak_list,38.0133,5.998805180637834,data/0510/PET/+PET-All purpose Positive-1-peak list.TXT
PET_pos_PETneg_All_purpose_Positiveneg_1neg_peak_list,38.9634,84.71405833687304,data/0510/PET/+PET-All purpose Positive-1-peak list.TXT
PET_pos_PETneg_All_purpose_Positiveneg_1neg_peak_list,39.0218,30.888050818973927,data/0510/PET/+PET-All purpose Positive-1-peak list.TXT
PET_pos_PETneg_All_purpose_Positiveneg_1neg_peak_list,39.9608,1.741043079013872,data/0510/PET/+PET-All purpose Positive-1-peak list.TXT
PET_pos_PETneg_All_purpose_Positiveneg_1neg_peak_list,40.0284,5.493189595662695,data/0510/PET/+PET-All purpose Positive-1-peak list.TXT
PET_pos_PETneg_All_purpose_Positiveneg_1neg_peak_list,40.9606,5.911449152229278,data/0510/PET/+PET-All purpose Positive-1-peak list.TXT
PET_pos_PETneg_All_purpose_Positiveneg_1neg_peak_list,41.0384,46.325733130518266,data/0510/PET/+PET-All purpose Positive-1-peak list.TXT
PET_pos_PETneg_All_purpose_Positiveneg_1neg_peak_list,42.0083,2.188819724894725,data/0510/PET/+PET-All purpose Positive-1-peak list.TXT
PET_pos_PETneg_All_purpose_Positiveneg_1neg_peak_list,42.0435,3.7013777232741214,data/0510/PET/+PET-All purpose Positive-1-peak list.TXT
PET_pos_PETneg_All_purpose_Positiveneg_1neg_peak_list,43.0177,18.582987033999515,data/0510/PET/+PET-All purpose Positive-1-peak list.TXT
PET_pos_PETneg_All_purpose_Positiveneg_1neg_peak_list,43.0542,13.941057839059145,data/0510/PET/+PET-All purpose Positive-1-peak list.TXT
PET_pos_PETneg_All_purpose_Positiveneg_1neg_peak_list,44.023,1.0833589613297918,data/0510/PET/+PET-All purpose Positive-1-peak list.TXT
PET_pos_PETneg_All_purpose_Positiveneg_1neg_peak_list,44.0545,0.9595687605772696,data/0510/PET/+PET-All purpose Positive-1-peak list.TXT
PET_pos_PETneg_All_purpose_Positiveneg_1neg_peak_list,44.9775,1.5613482313951326,data/0510/PET/+PET-All purpose Positive-1-peak list.TXT
PET_pos_PETneg_All_purpose_Positiveneg_1neg_peak_list,44.9959,1.681309613978597,data/0510/PET/+PET-All purpose Positive-1-peak list.TXT
PET_pos_PETneg_All_purpose_Positiveneg_1neg_peak_list,45.033,10.883114397163647,data/0510/PET/+PET-All purpose Positive-1-peak list.TXT
PET_pos_PETneg_All_purpose_Positiveneg_1neg_peak_list,45.978,0.43851485252815,data/0510/PET/+PET-All purpose Positive-1-peak list.TXT
PET_pos_PETneg_All_purpose_Positiveneg_1neg_peak_list,46.0358,0.28188970356588944,data/0510/PET/+PET-All purpose Positive-1-peak list.TXT
PET_pos_PETneg_All_purpose_Positiveneg_1neg_peak_list,49.004,0.4615545388924942,data/0510/PET/+PET-All purpose Positive-1-peak list.TXT
PET_pos_PETneg_All_purpose_Positiveneg_1neg_peak_list,50.0133,14.608664020522886,data/0510/PET/+PET-All purpose Positive-1-peak list.TXT
PET_pos_PETneg_All_purpose_Positiveneg_1neg_peak_list,51.0218,38.231017277746446,data/0510/PET/+PET-All purpose Positive-1-peak list.TXT
PET_pos_PETneg_All_purpose_Positiveneg_1neg_peak_list,52.0285,9.69295369304406,data/0510/PET/+PET-All purpose Positive-1-peak list.TXT
PET_pos_PETneg_All_purpose_Positiveneg_1neg_peak_list,53.0009,11.32109653150641,data/0510/PET/+PET-All purpose Positive-1-peak list.TXT
PET_pos_PETneg_All_purpose_Positiveneg_1neg_peak_list,53.0374,18.996463381507166,data/0510/PET/+PET-All purpose Positive-1-peak list.TXT
PET_pos_PETneg_All_purpose_Positiveneg_1neg_peak_list,54.0064,0.8508499826273848,data/0510/PET/+PET-All purpose Positive-1-peak list.TXT
PET_pos_PETneg_All_purpose_Positiveneg_1neg_peak_list,54.0436,3.2884250902642194,data/0510/PET/+PET-All purpose Positive-1-peak list.TXT
PET_pos_PETneg_All_purpose_Positiveneg_1neg_peak_list,55.0174,15.363563204581698,data/0510/PET/+PET-All purpose Positive-1-peak list.TXT
PET_pos_PETneg_All_purpose_Positiveneg_1neg_peak_list,55.054,21.39421893024726,data/0510/PET/+PET-All purpose Positive-1-peak list.TXT
PET_pos_PETneg_All_purpose_Positiveneg_1neg_peak_list,56.0217,0.8956020617364254,data/0510/PET/+PET-All purpose Positive-1-peak list.TXT
PET_pos_PETneg_All_purpose_Positiveneg_1neg_peak_list,56.0577,2.067242180379818,data/0510/PET/+PET-All purpose Positive-1-peak list.TXT
PET_pos_PETneg_All_purpose_Positiveneg_1neg_peak_list,56.9632,2.2120454874703035,data/0510/PET/+PET-All purpose Positive-1-peak list.TXT
PET_pos_PETneg_All_purpose_Positiveneg_1neg_peak_list,57.0328,2.7712367654420222,data/0510/PET/+PET-All purpose Positive-1-peak list.TXT
PET_pos_PETneg_All_purpose_Positiveneg_1neg_peak_list,57.0702,4.764444623584482,data/0510/PET/+PET-All purpose Positive-1-peak list.TXT
PET_pos_PETneg_All_purpose_Positiveneg_1neg_peak_list,58.0391,0.3300931962703964,data/0510/PET/+PET-All purpose Positive-1-peak list.TXT
PET_pos_PETneg_All_purpose_Positiveneg_1neg_peak_list,58.067,1.3759022782961217,data/0510/PET/+PET-All purpose Positive-1-peak list.TXT
PET_pos_PETneg_All_purpose_Positiveneg_1neg_peak_list,59.0121,0.5276581129333141,data/0510/PET/+PET-All purpose Positive-1-peak list.TXT
PET_pos_PETneg_All_purpose_Positiveneg_1neg_peak_list,59.0313,0.8395713632432436,data/0510/PET/+PET-All purpose Positive-1-peak list.TXT
PET_pos_PETneg_All_purpose_Positiveneg_1neg_peak_list,59.0486,0.899166021427396,data/0510/PET/+PET-All purpose Positive-1-peak list.TXT
PET_pos_PETneg_All_purpose_Positiveneg_1neg_peak_list,60.0543,0.5831553429338054,data/0510/PET/+PET-All purpose Positive-1-peak list.TXT
PET_pos_PETneg_All_purpose_Positiveneg_1neg_peak_list,61.0047,2.446479754713138,data/0510/PET/+PET-All purpose Positive-1-peak list.TXT
PET_pos_PETneg_All_purpose_Positiveneg_1neg_peak_list,62.0126,11.1457377097938,data/0510/PET/+PET-All purpose Positive-1-peak list.TXT
PET_pos_PETneg_All_purpose_Positiveneg_1neg_peak_list,63.0213,32.626680159392876,data/0510/PET/+PET-All purpose Positive-1-peak list.TXT
PET_pos_PETneg_All_purpose_Positiveneg_1neg_peak_list,64.0277,6.50999029672583,data/0510/PET/+PET-All purpose Positive-1-peak list.TXT
PET_pos_PETneg_All_purpose_Positiveneg_1neg_peak_list,64.9676,1.4987140783250594,data/0510/PET/+PET-All purpose Positive-1-peak list.TXT
PET_pos_PETneg_All_purpose_Positiveneg_1neg_peak_list,65.0379,28.215552243732468,data/0510/PET/+PET-All purpose Positive-1-peak list.TXT
PET_pos_PETneg_All_purpose_Positiveneg_1neg_peak_list,66.0077,1.5233826818450034,data/0510/PET/+PET-All purpose Positive-1-peak list.TXT
PET_pos_PETneg_All_purpose_Positiveneg_1neg_peak_list,66.0431,3.9909475723972263,data/0510/PET/+PET-All purpose Positive-1-peak list.TXT
PET_pos_PETneg_All_purpose_Positiveneg_1neg_peak_list,67.0174,2.364666996661823,data/0510/PET/+PET-All purpose Positive-1-peak list.TXT
PET_pos_PETneg_All_purpose_Positiveneg_1neg_peak_list,67.0534,9.213166686679862,data/0510/PET/+PET-All purpose Positive-1-peak list.TXT
PET_pos_PETneg_All_purpose_Positiveneg_1neg_peak_list,68.0235,1.1809581850438484,data/0510/PET/+PET-All purpose Positive-1-peak list.TXT
PET_pos_PETneg_All_purpose_Positiveneg_1neg_peak_list,68.0583,1.216506994769848,data/0510/PET/+PET-All purpose Positive-1-peak list.TXT
PET_pos_PETneg_All_purpose_Positiveneg_1neg_peak_list,68.9959,1.6429659095475735,data/0510/PET/+PET-All purpose Positive-1-peak list.TXT
PET_pos_PETneg_All_purpose_Positiveneg_1neg_peak_list,69.0327,1.86420527255348,data/0510/PET/+PET-All purpose Positive-1-peak list.TXT
PET_pos_PETneg_All_purpose_Positiveneg_1neg_peak_list,69.0701,4.182585811670886,data/0510/PET/+PET-All purpose Positive-1-peak list.TXT
PET_pos_PETneg_All_purpose_Positiveneg_1neg_peak_list,70.0369,0.3553102744290979,data/0510/PET/+PET-All purpose Positive-1-peak list.TXT
PET_pos_PETneg_All_purpose_Positiveneg_1neg_peak_list,70.0725,0.5573965429020764,data/0510/PET/+PET-All purpose Positive-1-peak list.TXT
PET_pos_PETneg_All_purpose_Positiveneg_1neg_peak_list,71.0113,0.937383674231455,data/0510/PET/+PET-All purpose Positive-1-peak list.TXT
PET_pos_PETneg_All_purpose_Positiveneg_1neg_peak_list,71.0489,0.7429685476280521,data/0510/PET/+PET-All purpose Positive-1-peak list.TXT
PET_pos_PETneg_All_purpose_Positiveneg_1neg_peak_list,71.0873,0.7929525195634377,data/0510/PET/+PET-All purpose Positive-1-peak list.TXT
PET_pos_PETneg_All_purpose_Positiveneg_1neg_peak_list,71.9798,0.29828841998817457,data/0510/PET/+PET-All purpose Positive-1-peak list.TXT
PET_pos_PETneg_All_purpose_Positiveneg_1neg_peak_list,72.0443,0.2850680053029319,data/0510/PET/+PET-All purpose Positive-1-peak list.TXT
PET_pos_PETneg_All_purpose_Positiveneg_1neg_peak_list,73.0031,0.5206449905687873,data/0510/PET/+PET-All purpose Positive-1-peak list.TXT
PET_pos_PETneg_All_purpose_Positiveneg_1neg_peak_list,73.0276,1.3479270704902606,data/0510/PET/+PET-All purpose Positive-1-peak list.TXT
PET_pos_PETneg_All_purpose_Positiveneg_1neg_peak_list,73.0478,2.310440036925924,data/0510/PET/+PET-All purpose Positive-1-peak list.TXT
PET_pos_PETneg_All_purpose_Positiveneg_1neg_peak_list,74.0119,12.146285254051502,data/0510/PET/+PET-All purpose Positive-1-peak list.TXT
PET_pos_PETneg_All_purpose_Positiveneg_1neg_peak_list,75.0208,25.284041584911932,data/0510/PET/+PET-All purpose Positive-1-peak list.TXT
PET_pos_PETneg_All_purpose_Positiveneg_1neg_peak_list,76.0288,35.30349450224328,data/0510/PET/+PET-All purpose Positive-1-peak list.TXT
PET_pos_PETneg_All_purpose_Positiveneg_1neg_peak_list,76.9988,8.547389004114416,data/0510/PET/+PET-All purpose Positive-1-peak list.TXT
PET_pos_PETneg_All_purpose_Positiveneg_1neg_peak_list,77.0368,54.07059644418565,data/0510/PET/+PET-All purpose Positive-1-peak list.TXT
PET_pos_PETneg_All_purpose_Positiveneg_1neg_peak_list,78.004,1.1432785025763001,data/0510/PET/+PET-All purpose Positive-1-peak list.TXT
PET_pos_PETneg_All_purpose_Positiveneg_1neg_peak_list,78.0424,10.832822799233883,data/0510/PET/+PET-All purpose Positive-1-peak list.TXT
PET_pos_PETneg_All_purpose_Positiveneg_1neg_peak_list,79.0159,4.273731642268724,data/0510/PET/+PET-All purpose Positive-1-peak list.TXT
PET_pos_PETneg_All_purpose_Positiveneg_1neg_peak_list,79.052,7.71419525294975,data/0510/PET/+PET-All purpose Positive-1-peak list.TXT
PET_pos_PETneg_All_purpose_Positiveneg_1neg_peak_list,80.0216,0.48043602218160486,data/0510/PET/+PET-All purpose Positive-1-peak list.TXT
PET_pos_PETneg_All_purpose_Positiveneg_1neg_peak_list,80.0577,1.2545400719772797,data/0510/PET/+PET-All purpose Positive-1-peak list.TXT
PET_pos_PETneg_All_purpose_Positiveneg_1neg_peak_list,81.0323,1.999222321486211,data/0510/PET/+PET-All purpose Positive-1-peak list.TXT
PET_pos_PETneg_All_purpose_Positiveneg_1neg_peak_list,81.0695,3.4210111435340576,data/0510/PET/+PET-All purpose Positive-1-peak list.TXT
PET_pos_PETneg_All_purpose_Positiveneg_1neg_peak_list,82.0375,0.3987845802005128,data/0510/PET/+PET-All purpose Positive-1-peak list.TXT
PET_pos_PETneg_All_purpose_Positiveneg_1neg_peak_list,82.0727,0.44427571200336524,data/0510/PET/+PET-All purpose Positive-1-peak list.TXT
PET_pos_PETneg_All_purpose_Positiveneg_1neg_peak_list,83.0112,0.3183974060255859,data/0510/PET/+PET-All purpose Positive-1-peak list.TXT
PET_pos_PETneg_All_purpose_Positiveneg_1neg_peak_list,83.0482,0.7743839144198289,data/0510/PET/+PET-All purpose Positive-1-peak list.TXT
PET_pos_PETneg_All_purpose_Positiveneg_1neg_peak_list,83.0865,0.8122721823177119,data/0510/PET/+PET-All purpose Positive-1-peak list.TXT
PET_pos_PETneg_All_purpose_Positiveneg_1neg_peak_list,85.0023,1.5733726562388157,data/0510/PET/+PET-All purpose Positive-1-peak list.TXT
PET_pos_PETneg_All_purpose_Positiveneg_1neg_peak_list,85.0273,0.2955212866533746,data/0510/PET/+PET-All purpose Positive-1-peak list.TXT
PET_pos_PETneg_All_purpose_Positiveneg_1neg_peak_list,85.0649,0.2291100866181762,data/0510/PET/+PET-All purpose Positive-1-peak list.TXT
PET_pos_PETneg_All_purpose_Positiveneg_1neg_peak_list,85.103,0.20934098978918797,data/0510/PET/+PET-All purpose Positive-1-peak list.TXT
PET_pos_PETneg_All_purpose_Positiveneg_1neg_peak_list,86.0109,7.627501745890064,data/0510/PET/+PET-All purpose Positive-1-peak list.TXT
PET_pos_PETneg_All_purpose_Positiveneg_1neg_peak_list,87.0194,12.117581497854076,data/0510/PET/+PET-All purpose Positive-1-peak list.TXT
PET_pos_PETneg_All_purpose_Positiveneg_1neg_peak_list,88.027,4.961729675623245,data/0510/PET/+PET-All purpose Positive-1-peak list.TXT
PET_pos_PETneg_All_purpose_Positiveneg_1neg_peak_list,89.0108,2.752860238968074,data/0510/PET/+PET-All purpose Positive-1-peak list.TXT
PET_pos_PETneg_All_purpose_Positiveneg_1neg_peak_list,89.0352,12.165468360876563,data/0510/PET/+PET-All purpose Positive-1-peak list.TXT
PET_pos_PETneg_All_purpose_Positiveneg_1neg_peak_list,90.008,0.7785706291725902,data/0510/PET/+PET-All purpose Positive-1-peak list.TXT
PET_pos_PETneg_All_purpose_Positiveneg_1neg_peak_list,90.0433,5.665941849803423,data/0510/PET/+PET-All purpose Positive-1-peak list.TXT
PET_pos_PETneg_All_purpose_Positiveneg_1neg_peak_list,91.0154,2.8257901088548834,data/0510/PET/+PET-All purpose Positive-1-peak list.TXT
PET_pos_PETneg_All_purpose_Positiveneg_1neg_peak_list,91.0518,17.4148238393999,data/0510/PET/+PET-All purpose Positive-1-peak list.TXT
PET_pos_PETneg_All_purpose_Positiveneg_1neg_peak_list,92.0229,2.178611043725178,data/0510/PET/+PET-All purpose Positive-1-peak list.TXT
PET_pos_PETneg_All_purpose_Positiveneg_1neg_peak_list,92.056,1.858621485601858,data/0510/PET/+PET-All purpose Positive-1-peak list.TXT
PET_pos_PETneg_All_purpose_Positiveneg_1neg_peak_list,92.9939,0.41274929973069074,data/0510/PET/+PET-All purpose Positive-1-peak list.TXT
PET_pos_PETneg_All_purpose_Positiveneg_1neg_peak_list,93.0301,1.42656302741914,data/0510/PET/+PET-All purpose Positive-1-peak list.TXT
PET_pos_PETneg_All_purpose_Positiveneg_1neg_peak_list,93.0688,1.6178486222602193,data/0510/PET/+PET-All purpose Positive-1-peak list.TXT
PET_pos_PETneg_All_purpose_Positiveneg_1neg_peak_list,94.0379,0.5240101188243669,data/0510/PET/+PET-All purpose Positive-1-peak list.TXT
PET_pos_PETneg_All_purpose_Positiveneg_1neg_peak_list,94.072,0.2916339445146549,data/0510/PET/+PET-All purpose Positive-1-peak list.TXT
PET_pos_PETneg_All_purpose_Positiveneg_1neg_peak_list,95.0111,0.5657834779390595,data/0510/PET/+PET-All purpose Positive-1-peak list.TXT
PET_pos_PETneg_All_purpose_Positiveneg_1neg_peak_list,95.0476,0.657885200041381,data/0510/PET/+PET-All purpose Positive-1-peak list.TXT
PET_pos_PETneg_All_purpose_Positiveneg_1neg_peak_list,95.0861,1.220496378701825,data/0510/PET/+PET-All purpose Positive-1-peak list.TXT
PET_pos_PETneg_All_purpose_Positiveneg_1neg_peak_list,97.0003,0.4257093577816667,data/0510/PET/+PET-All purpose Positive-1-peak list.TXT
PET_pos_PETneg_All_purpose_Positiveneg_1neg_peak_list,97.0293,0.7827363353208574,data/0510/PET/+PET-All purpose Positive-1-peak list.TXT
PET_pos_PETneg_All_purpose_Positiveneg_1neg_peak_list,97.0647,0.24577966397697507,data/0510/PET/+PET-All purpose Positive-1-peak list.TXT
PET_pos_PETneg_All_purpose_Positiveneg_1neg_peak_list,97.1011,0.27270294094352227,data/0510/PET/+PET-All purpose Positive-1-peak list.TXT
PET_pos_PETneg_All_purpose_Positiveneg_1neg_peak_list,98.0099,6.4013315433602145,data/0510/PET/+PET-All purpose Positive-1-peak list.TXT
PET_pos_PETneg_All_purpose_Positiveneg_1neg_peak_list,99.0182,5.431361272636434,data/0510/PET/+PET-All purpose Positive-1-peak list.TXT
PET_pos_PETneg_All_purpose_Positiveneg_1neg_peak_list,100.0255,1.6340575109347535,data/0510/PET/+PET-All purpose Positive-1-peak list.TXT
PET_pos_PETneg_All_purpose_Positiveneg_1neg_peak_list,100.9967,1.0664072684249288,data/0510/PET/+PET-All purpose Positive-1-peak list.TXT
PET_pos_PETneg_All_purpose_Positiveneg_1neg_peak_list,101.0347,4.45506591134531,data/0510/PET/+PET-All purpose Positive-1-peak list.TXT
PET_pos_PETneg_All_purpose_Positiveneg_1neg_peak_list,102.0027,0.7724406185041207,data/0510/PET/+PET-All purpose Positive-1-peak list.TXT
PET_pos_PETneg_All_purpose_Positiveneg_1neg_peak_list,102.0424,6.706126628283146,data/0510/PET/+PET-All purpose Positive-1-peak list.TXT
PET_pos_PETneg_All_purpose_Positiveneg_1neg_peak_list,103.0166,10.597919589926446,data/0510/PET/+PET-All purpose Positive-1-peak list.TXT
PET_pos_PETneg_All_purpose_Positiveneg_1neg_peak_list,103.0499,5.538217787859374,data/0510/PET/+PET-All purpose Positive-1-peak list.TXT
PET_pos_PETneg_All_purpose_Positiveneg_1neg_peak_list,104.0246,51.99849827493846,data/0510/PET/+PET-All purpose Positive-1-peak list.TXT
PET_pos_PETneg_All_purpose_Positiveneg_1neg_peak_list,104.0543,2.1413792947177375,data/0510/PET/+PET-All purpose Positive-1-peak list.TXT
PET_pos_PETneg_All_purpose_Positiveneg_1neg_peak_list,105.0314,30.479099574812857,data/0510/PET/+PET-All purpose Positive-1-peak list.TXT
PET_pos_PETneg_All_purpose_Positiveneg_1neg_peak_list,105.0673,3.158245272516265,data/0510/PET/+PET-All purpose Positive-1-peak list.TXT
PET_pos_PETneg_All_purpose_Positiveneg_1neg_peak_list,106.035,3.115629318299896,data/0510/PET/+PET-All purpose Positive-1-peak list.TXT
PET_pos_PETneg_All_purpose_Positiveneg_1neg_peak_list,106.0709,0.4567210592442346,data/0510/PET/+PET-All purpose Positive-1-peak list.TXT
PET_pos_PETneg_All_purpose_Positiveneg_1neg_peak_list,107.0094,0.28679071087145164,data/0510/PET/+PET-All purpose Positive-1-peak list.TXT
PET_pos_PETneg_All_purpose_Positiveneg_1neg_peak_list,107.0452,1.3681681106130639,data/0510/PET/+PET-All purpose Positive-1-peak list.TXT
PET_pos_PETneg_All_purpose_Positiveneg_1neg_peak_list,107.0852,0.4448969664505491,data/0510/PET/+PET-All purpose Positive-1-peak list.TXT
PET_pos_PETneg_All_purpose_Positiveneg_1neg_peak_list,109.0,0.8078941392025931,data/0510/PET/+PET-All purpose Positive-1-peak list.TXT
PET_pos_PETneg_All_purpose_Positiveneg_1neg_peak_list,109.0629,0.21800478822111172,data/0510/PET/+PET-All purpose Positive-1-peak list.TXT
PET_pos_PETneg_All_purpose_Positiveneg_1neg_peak_list,109.1017,0.26490199591046504,data/0510/PET/+PET-All purpose Positive-1-peak list.TXT
PET_pos_PETneg_All_purpose_Positiveneg_1neg_peak_list,109.9789,0.9127075676384778,data/0510/PET/+PET-All purpose Positive-1-peak list.TXT
PET_pos_PETneg_All_purpose_Positiveneg_1neg_peak_list,110.0089,3.8328383155889156,data/0510/PET/+PET-All purpose Positive-1-peak list.TXT
PET_pos_PETneg_All_purpose_Positiveneg_1neg_peak_list,111.0174,3.89557526075955,data/0510/PET/+PET-All purpose Positive-1-peak list.TXT
PET_pos_PETneg_All_purpose_Positiveneg_1neg_peak_list,112.0234,0.8444746214707157,data/0510/PET/+PET-All purpose Positive-1-peak list.TXT
PET_pos_PETneg_All_purpose_Positiveneg_1neg_peak_list,112.9179,0.5871229679539849,data/0510/PET/+PET-All purpose Positive-1-peak list.TXT
PET_pos_PETneg_All_purpose_Positiveneg_1neg_peak_list,113.0329,3.3215361515615953,data/0510/PET/+PET-All purpose Positive-1-peak list.TXT
PET_pos_PETneg_All_purpose_Positiveneg_1neg_peak_list,114.0415,3.056911769353374,data/0510/PET/+PET-All purpose Positive-1-peak list.TXT
PET_pos_PETneg_All_purpose_Positiveneg_1neg_peak_list,115.0495,16.370500365834836,data/0510/PET/+PET-All purpose Positive-1-peak list.TXT
PET_pos_PETneg_All_purpose_Positiveneg_1neg_peak_list,116.0226,0.9458749019836054,data/0510/PET/+PET-All purpose Positive-1-peak list.TXT
PET_pos_PETneg_All_purpose_Positiveneg_1neg_peak_list,116.0545,2.992305808690065,data/0510/PET/+PET-All purpose Positive-1-peak list.TXT
PET_pos_PETneg_All_purpose_Positiveneg_1neg_peak_list,117.0307,1.507291591417097,data/0510/PET/+PET-All purpose Positive-1-peak list.TXT
PET_pos_PETneg_All_purpose_Positiveneg_1neg_peak_list,117.0656,2.0926595905885175,data/0510/PET/+PET-All purpose Positive-1-peak list.TXT
PET_pos_PETneg_All_purpose_Positiveneg_1neg_peak_list,118.0389,1.9450501341834576,data/0510/PET/+PET-All purpose Positive-1-peak list.TXT
PET_pos_PETneg_All_purpose_Positiveneg_1neg_peak_list,119.007,3.299340560913534,data/0510/PET/+PET-All purpose Positive-1-peak list.TXT
PET_pos_PETneg_All_purpose_Positiveneg_1neg_peak_list,119.0458,1.4094987884187726,data/0510/PET/+PET-All purpose Positive-1-peak list.TXT
PET_pos_PETneg_All_purpose_Positiveneg_1neg_peak_list,119.0837,0.5219272657502333,data/0510/PET/+PET-All purpose Positive-1-peak list.TXT
PET_pos_PETneg_All_purpose_Positiveneg_1neg_peak_list,120.0161,1.6737300096000318,data/0510/PET/+PET-All purpose Positive-1-peak list.TXT
PET_pos_PETneg_All_purpose_Positiveneg_1neg_peak_list,120.0525,0.3041100543549622,data/0510/PET/+PET-All purpose Positive-1-peak list.TXT
PET_pos_PETneg_All_purpose_Positiveneg_1neg_peak_list,121.0244,4.905976590832307,data/0510/PET/+PET-All purpose Positive-1-peak list.TXT
PET_pos_PETneg_All_purpose_Positiveneg_1neg_peak_list,122.0077,3.110948151034219,data/0510/PET/+PET-All purpose Positive-1-peak list.TXT
PET_pos_PETneg_All_purpose_Positiveneg_1neg_peak_list,123.0159,1.8725059222505762,data/0510/PET/+PET-All purpose Positive-1-peak list.TXT
PET_pos_PETneg_All_purpose_Positiveneg_1neg_peak_list,124.0236,0.4817483096551855,data/0510/PET/+PET-All purpose Positive-1-peak list.TXT
PET_pos_PETneg_All_purpose_Positiveneg_1neg_peak_list,124.9901,0.38431190262595855,data/0510/PET/+PET-All purpose Positive-1-peak list.TXT
PET_pos_PETneg_All_purpose_Positiveneg_1neg_peak_list,125.0327,1.1204166390428527,data/0510/PET/+PET-All purpose Positive-1-peak list.TXT
PET_pos_PETneg_All_purpose_Positiveneg_1neg_peak_list,126.0402,4.60981454174186,data/0510/PET/+PET-All purpose Positive-1-peak list.TXT
PET_pos_PETneg_All_purpose_Positiveneg_1neg_peak_list,127.0473,5.281304313807807,data/0510/PET/+PET-All purpose Positive-1-peak list.TXT
PET_pos_PETneg_All_purpose_Positiveneg_1neg_peak_list,128.0557,8.422750956109095,data/0510/PET/+PET-All purpose Positive-1-peak list.TXT
PET_pos_PETneg_All_purpose_Positiveneg_1neg_peak_list,129.0298,2.4595456060938883,data/0510/PET/+PET-All purpose Positive-1-peak list.TXT
PET_pos_PETneg_All_purpose_Positiveneg_1neg_peak_list,129.0634,2.7311711057497816,data/0510/PET/+PET-All purpose Positive-1-peak list.TXT
PET_pos_PETneg_All_purpose_Positiveneg_1neg_peak_list,130.0369,0.714121482735684,data/0510/PET/+PET-All purpose Positive-1-peak list.TXT
PET_pos_PETneg_All_purpose_Positiveneg_1neg_peak_list,130.0702,0.46527306188795753,data/0510/PET/+PET-All purpose Positive-1-peak list.TXT
PET_pos_PETneg_All_purpose_Positiveneg_1neg_peak_list,131.0463,2.579326164617242,data/0510/PET/+PET-All purpose Positive-1-peak list.TXT
PET_pos_PETneg_All_purpose_Positiveneg_1neg_peak_list,131.0843,0.5871027096567941,data/0510/PET/+PET-All purpose Positive-1-peak list.TXT
PET_pos_PETneg_All_purpose_Positiveneg_1neg_peak_list,132.0179,1.657759718647967,data/0510/PET/+PET-All purpose Positive-1-peak list.TXT
PET_pos_PETneg_All_purpose_Positiveneg_1neg_peak_list,132.053,0.539692291771941,data/0510/PET/+PET-All purpose Positive-1-peak list.TXT
PET_pos_PETneg_All_purpose_Positiveneg_1neg_peak_list,132.8999,14.566835888975046,data/0510/PET/+PET-All purpose Positive-1-peak list.TXT
PET_pos_PETneg_All_purpose_Positiveneg_1neg_peak_list,133.0241,4.86130554491203,data/0510/PET/+PET-All purpose Positive-1-peak list.TXT
PET_pos_PETneg_All_purpose_Positiveneg_1neg_peak_list,134.0065,1.760563824125447,data/0510/PET/+PET-All purpose Positive-1-peak list.TXT
PET_pos_PETneg_All_purpose_Positiveneg_1neg_peak_list,134.0324,0.8176151206249543,data/0510/PET/+PET-All purpose Positive-1-peak list.TXT
PET_pos_PETneg_All_purpose_Positiveneg_1neg_peak_list,135.0147,1.3801835317691067,data/0510/PET/+PET-All purpose Positive-1-peak list.TXT
PET_pos_PETneg_All_purpose_Positiveneg_1neg_peak_list,135.0414,0.8788627057984139,data/0510/PET/+PET-All purpose Positive-1-peak list.TXT
PET_pos_PETneg_All_purpose_Positiveneg_1neg_peak_list,136.0184,0.34377655056181367,data/0510/PET/+PET-All purpose Positive-1-peak list.TXT
PET_pos_PETneg_All_purpose_Positiveneg_1neg_peak_list,136.0492,0.22103602972669517,data/0510/PET/+PET-All purpose Positive-1-peak list.TXT
PET_pos_PETneg_All_purpose_Positiveneg_1neg_peak_list,137.0309,1.4823476251168193,data/0510/PET/+PET-All purpose Positive-1-peak list.TXT
PET_pos_PETneg_All_purpose_Positiveneg_1neg_peak_list,138.0382,1.5732045874028628,data/0510/PET/+PET-All purpose Positive-1-peak list.TXT
PET_pos_PETneg_All_purpose_Positiveneg_1neg_peak_list,139.0458,9.400432134989527,data/0510/PET/+PET-All purpose Positive-1-peak list.TXT
PET_pos_PETneg_All_purpose_Positiveneg_1neg_peak_list,140.0516,1.5175265333422612,data/0510/PET/+PET-All purpose Positive-1-peak list.TXT
PET_pos_PETneg_All_purpose_Positiveneg_1neg_peak_list,141.058,4.283069216659067,data/0510/PET/+PET-All purpose Positive-1-peak list.TXT
PET_pos_PETneg_All_purpose_Positiveneg_1neg_peak_list,142.0375,0.5645687304149161,data/0510/PET/+PET-All purpose Positive-1-peak list.TXT
PET_pos_PETneg_All_purpose_Positiveneg_1neg_peak_list,142.07,0.7401691510792074,data/0510/PET/+PET-All purpose Positive-1-peak list.TXT
PET_pos_PETneg_All_purpose_Positiveneg_1neg_peak_list,143.0058,0.33292485603328553,data/0510/PET/+PET-All purpose Positive-1-peak list.TXT
PET_pos_PETneg_All_purpose_Positiveneg_1neg_peak_list,143.0464,0.6356783547837688,data/0510/PET/+PET-All purpose Positive-1-peak list.TXT
PET_pos_PETneg_All_purpose_Positiveneg_1neg_peak_list,143.082,0.4272294803782785,data/0510/PET/+PET-All purpose Positive-1-peak list.TXT
PET_pos_PETneg_All_purpose_Positiveneg_1neg_peak_list,144.0527,0.4071812692324395,data/0510/PET/+PET-All purpose Positive-1-peak list.TXT
PET_pos_PETneg_All_purpose_Positiveneg_1neg_peak_list,145.0246,1.0084527820059264,data/0510/PET/+PET-All purpose Positive-1-peak list.TXT
PET_pos_PETneg_All_purpose_Positiveneg_1neg_peak_list,145.0614,0.4888717271933065,data/0510/PET/+PET-All purpose Positive-1-peak list.TXT
PET_pos_PETneg_All_purpose_Positiveneg_1neg_peak_list,146.004,1.5967987508643915,data/0510/PET/+PET-All purpose Positive-1-peak list.TXT
PET_pos_PETneg_All_purpose_Positiveneg_1neg_peak_list,146.0331,0.44239319097922936,data/0510/PET/+PET-All purpose Positive-1-peak list.TXT
PET_pos_PETneg_All_purpose_Positiveneg_1neg_peak_list,147.0079,0.9631402233412739,data/0510/PET/+PET-All purpose Positive-1-peak list.TXT
PET_pos_PETneg_All_purpose_Positiveneg_1neg_peak_list,147.0445,1.6265281771455136,data/0510/PET/+PET-All purpose Positive-1-peak list.TXT
PET_pos_PETneg_All_purpose_Positiveneg_1neg_peak_list,148.0513,8.199922442234667,data/0510/PET/+PET-All purpose Positive-1-peak list.TXT
PET_pos_PETneg_All_purpose_Positiveneg_1neg_peak_list,149.0213,18.95928715524017,data/0510/PET/+PET-All purpose Positive-1-peak list.TXT
PET_pos_PETneg_All_purpose_Positiveneg_1neg_peak_list,149.0597,4.211201031606516,data/0510/PET/+PET-All purpose Positive-1-peak list.TXT
PET_pos_PETneg_All_purpose_Positiveneg_1neg_peak_list,150.0284,8.147778335572902,data/0510/PET/+PET-All purpose Positive-1-peak list.TXT
PET_pos_PETneg_All_purpose_Positiveneg_1neg_peak_list,151.015,3.4784959375811546,data/0510/PET/+PET-All purpose Positive-1-peak list.TXT
PET_pos_PETneg_All_purpose_Positiveneg_1neg_peak_list,151.0451,3.5919986748972774,data/0510/PET/+PET-All purpose Positive-1-peak list.TXT
PET_pos_PETneg_All_purpose_Positiveneg_1neg_peak_list,152.0522,9.821719181525177,data/0510/PET/+PET-All purpose Positive-1-peak list.TXT
PET_pos_PETneg_All_purpose_Positiveneg_1neg_peak_list,153.0516,4.268967941199677,data/0510/PET/+PET-All purpose Positive-1-peak list.TXT
PET_pos_PETneg_All_purpose_Positiveneg_1neg_peak_list,154.0551,1.09040809844488,data/0510/PET/+PET-All purpose Positive-1-peak list.TXT
PET_pos_PETneg_All_purpose_Positiveneg_1neg_peak_list,155.0422,0.8527189981200601,data/0510/PET/+PET-All purpose Positive-1-peak list.TXT
PET_pos_PETneg_All_purpose_Positiveneg_1neg_peak_list,155.0801,0.6321248993950452,data/0510/PET/+PET-All purpose Positive-1-peak list.TXT
PET_pos_PETneg_All_purpose_Positiveneg_1neg_peak_list,156.0518,0.2400405634135573,data/0510/PET/+PET-All purpose Positive-1-peak list.TXT
PET_pos_PETneg_All_purpose_Positiveneg_1neg_peak_list,157.0248,0.3435627129803554,data/0510/PET/+PET-All purpose Positive-1-peak list.TXT
PET_pos_PETneg_All_purpose_Positiveneg_1neg_peak_list,157.0606,0.40602954752177856,data/0510/PET/+PET-All purpose Positive-1-peak list.TXT
PET_pos_PETneg_All_purpose_Positiveneg_1neg_peak_list,158.0033,0.8777980197349428,data/0510/PET/+PET-All purpose Positive-1-peak list.TXT
PET_pos_PETneg_All_purpose_Positiveneg_1neg_peak_list,159.011,0.4270884226052465,data/0510/PET/+PET-All purpose Positive-1-peak list.TXT
PET_pos_PETneg_All_purpose_Positiveneg_1neg_peak_list,159.0409,0.5408590196286693,data/0510/PET/+PET-All purpose Positive-1-peak list.TXT
PET_pos_PETneg_All_purpose_Positiveneg_1neg_peak_list,161.0112,1.8018502338002576,data/0510/PET/+PET-All purpose Positive-1-peak list.TXT
PET_pos_PETneg_All_purpose_Positiveneg_1neg_peak_list,162.0188,2.003637879966498,data/0510/PET/+PET-All purpose Positive-1-peak list.TXT
PET_pos_PETneg_All_purpose_Positiveneg_1neg_peak_list,163.0402,7.925419514070378,data/0510/PET/+PET-All purpose Positive-1-peak list.TXT
PET_pos_PETneg_All_purpose_Positiveneg_1neg_peak_list,164.0345,4.0789331086333025,data/0510/PET/+PET-All purpose Positive-1-peak list.TXT
PET_pos_PETneg_All_purpose_Positiveneg_1neg_peak_list,165.0591,8.628099560737091,data/0510/PET/+PET-All purpose Positive-1-peak list.TXT
PET_pos_PETneg_All_purpose_Positiveneg_1neg_peak_list,166.0598,1.9765600396954581,data/0510/PET/+PET-All purpose Positive-1-peak list.TXT
PET_pos_PETneg_All_purpose_Positiveneg_1neg_peak_list,167.0657,0.9772857669315621,data/0510/PET/+PET-All purpose Positive-1-peak list.TXT
PET_pos_PETneg_All_purpose_Positiveneg_1neg_peak_list,168.0511,0.39030910890173287,data/0510/PET/+PET-All purpose Positive-1-peak list.TXT
PET_pos_PETneg_All_purpose_Positiveneg_1neg_peak_list,169.0595,0.30199568837408736,data/0510/PET/+PET-All purpose Positive-1-peak list.TXT
PET_pos_PETneg_All_purpose_Positiveneg_1neg_peak_list,170.0027,0.7274176784585663,data/0510/PET/+PET-All purpose Positive-1-peak list.TXT
PET_pos_PETneg_All_purpose_Positiveneg_1neg_peak_list,171.0051,0.460702940103178,data/0510/PET/+PET-All purpose Positive-1-peak list.TXT
PET_pos_PETneg_All_purpose_Positiveneg_1neg_peak_list,171.0397,0.24423553154665553,data/0510/PET/+PET-All purpose Positive-1-peak list.TXT
PET_pos_PETneg_All_purpose_Positiveneg_1neg_peak_list,173.0159,0.5544710947262671,data/0510/PET/+PET-All purpose Positive-1-peak list.TXT
PET_pos_PETneg_All_purpose_Positiveneg_1neg_peak_list,173.0599,0.29448811349664483,data/0510/PET/+PET-All purpose Positive-1-peak list.TXT
PET_pos_PETneg_All_purpose_Positiveneg_1neg_peak_list,174.0286,2.397450923974932,data/0510/PET/+PET-All purpose Positive-1-peak list.TXT
PET_pos_PETneg_All_purpose_Positiveneg_1neg_peak_list,175.0319,3.18529310049517,data/0510/PET/+PET-All purpose Positive-1-peak list.TXT
PET_pos_PETneg_All_purpose_Positiveneg_1neg_peak_list,176.0451,5.3268479671218945,data/0510/PET/+PET-All purpose Positive-1-peak list.TXT
PET_pos_PETneg_All_purpose_Positiveneg_1neg_peak_list,177.0472,3.349251753040493,data/0510/PET/+PET-All purpose Positive-1-peak list.TXT
PET_pos_PETneg_All_purpose_Positiveneg_1neg_peak_list,178.0562,4.256881240849815,data/0510/PET/+PET-All purpose Positive-1-peak list.TXT
PET_pos_PETneg_All_purpose_Positiveneg_1neg_peak_list,179.0401,0.7985363065150594,data/0510/PET/+PET-All purpose Positive-1-peak list.TXT
PET_pos_PETneg_All_purpose_Positiveneg_1neg_peak_list,179.0751,1.069972728730506,data/0510/PET/+PET-All purpose Positive-1-peak list.TXT
PET_pos_PETneg_All_purpose_Positiveneg_1neg_peak_list,180.0554,0.8746129652321701,data/0510/PET/+PET-All purpose Positive-1-peak list.TXT
PET_pos_PETneg_All_purpose_Positiveneg_1neg_peak_list,181.0572,0.9859510659780926,data/0510/PET/+PET-All purpose Positive-1-peak list.TXT
PET_pos_PETneg_All_purpose_Positiveneg_1neg_peak_list,181.999,0.3814952490091367,data/0510/PET/+PET-All purpose Positive-1-peak list.TXT
PET_pos_PETneg_All_purpose_Positiveneg_1neg_peak_list,186.0108,1.2815803968831516,data/0510/PET/+PET-All purpose Positive-1-peak list.TXT
PET_pos_PETneg_All_purpose_Positiveneg_1neg_peak_list,187.0304,4.4927823588707225,data/0510/PET/+PET-All purpose Positive-1-peak list.TXT
PET_pos_PETneg_All_purpose_Positiveneg_1neg_peak_list,188.0262,2.201881074431655,data/0510/PET/+PET-All purpose Positive-1-peak list.TXT
PET_pos_PETneg_All_purpose_Positiveneg_1neg_peak_list,189.0507,6.783760924962038,data/0510/PET/+PET-All purpose Positive-1-peak list.TXT
PET_pos_PETneg_All_purpose_Positiveneg_1neg_peak_list,190.0472,1.9273533861263559,data/0510/PET/+PET-All purpose Positive-1-peak list.TXT
PET_pos_PETneg_All_purpose_Positiveneg_1neg_peak_list,191.0298,3.392803340464154,data/0510/PET/+PET-All purpose Positive-1-peak list.TXT
PET_pos_PETneg_All_purpose_Positiveneg_1neg_peak_list,192.0412,0.7776297438141739,data/0510/PET/+PET-All purpose Positive-1-peak list.TXT
PET_pos_PETneg_All_purpose_Positiveneg_1neg_peak_list,193.05,3.340464904210818,data/0510/PET/+PET-All purpose Positive-1-peak list.TXT
PET_pos_PETneg_All_purpose_Positiveneg_1neg_peak_list,193.9993,0.2813472313855586,data/0510/PET/+PET-All purpose Positive-1-peak list.TXT
PET_pos_PETneg_All_purpose_Positiveneg_1neg_peak_list,194.0583,0.676408786746788,data/0510/PET/+PET-All purpose Positive-1-peak list.TXT
PET_pos_PETneg_All_purpose_Positiveneg_1neg_peak_list,200.0359,3.7883098280562773,data/0510/PET/+PET-All purpose Positive-1-peak list.TXT
PET_pos_PETneg_All_purpose_Positiveneg_1neg_peak_list,201.0335,2.3014993750990596,data/0510/PET/+PET-All purpose Positive-1-peak list.TXT
PET_pos_PETneg_All_purpose_Positiveneg_1neg_peak_list,202.0555,4.73308402922585,data/0510/PET/+PET-All purpose Positive-1-peak list.TXT
PET_pos_PETneg_All_purpose_Positiveneg_1neg_peak_list,203.0582,1.9233009763808964,data/0510/PET/+PET-All purpose Positive-1-peak list.TXT
PET_pos_PETneg_All_purpose_Positiveneg_1neg_peak_list,211.0258,2.3017169642170345,data/0510/PET/+PET-All purpose Positive-1-peak list.TXT
PET_pos_PETneg_All_purpose_Positiveneg_1neg_peak_list,213.0474,3.4594141222420465,data/0510/PET/+PET-All purpose Positive-1-peak list.TXT
PET_pos_PETneg_All_purpose_Positiveneg_1neg_peak_list,215.0647,2.6286108501458942,data/0510/PET/+PET-All purpose Positive-1-peak list.TXT
PET_pos_PETneg_All_purpose_Positiveneg_1neg_peak_list,219.0658,0.58336167744223,data/0510/PET/+PET-All purpose Positive-1-peak list.TXT
PET_pos_PETneg_All_purpose_Positiveneg_1neg_peak_list,224.0297,2.7370332567109514,data/0510/PET/+PET-All purpose Positive-1-peak list.TXT
PET_pos_PETneg_All_purpose_Positiveneg_1neg_peak_list,225.0323,1.6044278755249788,data/0510/PET/+PET-All purpose Positive-1-peak list.TXT
PET_pos_PETneg_All_purpose_Positiveneg_1neg_peak_list,226.0496,3.49402654845345,data/0510/PET/+PET-All purpose Positive-1-peak list.TXT
PET_pos_PETneg_All_purpose_Positiveneg_1neg_peak_list,227.0499,1.4372879200133999,data/0510/PET/+PET-All purpose Positive-1-peak list.TXT
PET_pos_PETneg_All_purpose_Positiveneg_1neg_peak_list,235.0327,1.9357830886796306,data/0510/PET/+PET-All purpose Positive-1-peak list.TXT
PET_pos_PETneg_All_purpose_Positiveneg_1neg_peak_list,237.0434,2.798392637672612,data/0510/PET/+PET-All purpose Positive-1-peak list.TXT
PET_pos_PETneg_All_purpose_Positiveneg_1neg_peak_list,239.0606,2.8330898486092946,data/0510/PET/+PET-All purpose Positive-1-peak list.TXT
PET_pos_PETneg_All_purpose_Positiveneg_1neg_peak_list,248.0211,1.452485394443002,data/0510/PET/+PET-All purpose Positive-1-peak list.TXT
PET_pos_PETneg_All_purpose_Positiveneg_1neg_peak_list,250.0409,2.1606111715175182,data/0510/PET/+PET-All purpose Positive-1-peak list.TXT
PET_pos_PETneg_All_purpose_Positiveneg_1neg_peak_list,252.0621,1.56924521576302,data/0510/PET/+PET-All purpose Positive-1-peak list.TXT
PET_pos_PETneg_All_purpose_Positiveneg_1neg_peak_list,259.0129,0.7524021613532255,data/0510/PET/+PET-All purpose Positive-1-peak list.TXT
PET_pos_PETneg_All_purpose_Positiveneg_1neg_peak_list,261.0262,1.5431097614650031,data/0510/PET/+PET-All purpose Positive-1-peak list.TXT
PET_pos_PETneg_All_purpose_Positiveneg_1neg_peak_list,263.0524,1.90461682391257,data/0510/PET/+PET-All purpose Positive-1-peak list.TXT
PET_pos_PETneg_All_purpose_Positiveneg_1neg_peak_list,272.0171,0.7619865868463747,data/0510/PET/+PET-All purpose Positive-1-peak list.TXT
PET_pos_PETneg_All_purpose_Positiveneg_1neg_peak_list,274.0324,1.3865476383162252,data/0510/PET/+PET-All purpose Positive-1-peak list.TXT
PET_pos_PETneg_All_purpose_Positiveneg_1neg_peak_list,276.0569,1.3688929074681118,data/0510/PET/+PET-All purpose Positive-1-peak list.TXT
PET_pos_PETneg_All_purpose_Positiveneg_1neg_peak_list,287.0422,1.2004624233947498,data/0510/PET/+PET-All purpose Positive-1-peak list.TXT
PET_pos_PETneg_All_purpose_Positiveneg_1neg_peak_list,289.068,0.8434009317196045,data/0510/PET/+PET-All purpose Positive-1-peak list.TXT
PET_pos_PETneg_All_purpose_Positiveneg_1neg_peak_list,298.0288,0.8996927371543564,data/0510/PET/+PET-All purpose Positive-1-peak list.TXT
PET_pos_PETneg_All_purpose_Positiveneg_1neg_peak_list,300.0507,0.9679879588282974,data/0510/PET/+PET-All purpose Positive-1-peak list.TXT
PET_pos_PETneg_All_purpose_Positiveneg_1neg_peak_list,309.0166,0.4910656257483377,data/0510/PET/+PET-All purpose Positive-1-peak list.TXT
PET_pos_PETneg_All_purpose_Positiveneg_1neg_peak_list,311.0334,0.8293229157866188,data/0510/PET/+PET-All purpose Positive-1-peak list.TXT
PET_pos_PETneg_All_purpose_Positiveneg_1neg_peak_list,313.0637,0.7594295395565162,data/0510/PET/+PET-All purpose Positive-1-peak list.TXT
PET_pos_PETneg_All_purpose_Positiveneg_1neg_peak_list,322.0156,0.3586386376268128,data/0510/PET/+PET-All purpose Positive-1-peak list.TXT
PET_pos_PETneg_All_purpose_Positiveneg_1neg_peak_list,324.042,0.6413131626320192,data/0510/PET/+PET-All purpose Positive-1-peak list.TXT
PET_pos_PETneg_All_purpose_Positiveneg_1neg_peak_list,326.0664,0.40388666986337596,data/0510/PET/+PET-All purpose Positive-1-peak list.TXT
PET_pos_PETneg_All_purpose_Positiveneg_1neg_peak_list,335.0262,0.45547780004256344,data/0510/PET/+PET-All purpose Positive-1-peak list.TXT
PET_pos_PETneg_All_purpose_Positiveneg_1neg_peak_list,337.0542,0.5117410937997876,data/0510/PET/+PET-All purpose Positive-1-peak list.TXT
PET_pos_PETneg_All_purpose_Positiveneg_1neg_peak_list,341.0723,0.40192611687969043,data/0510/PET/+PET-All purpose Positive-1-peak list.TXT
PET_pos_PETneg_All_purpose_Positiveneg_1neg_peak_list,350.06,0.3437900560932741,data/0510/PET/+PET-All purpose Positive-1-peak list.TXT
PET_pos_PETneg_All_purpose_Positiveneg_1neg_peak_list,361.0444,0.3648451796402252,data/0510/PET/+PET-All purpose Positive-1-peak list.TXT
PET_pos_PETneg_All_purpose_Positiveneg_1neg_peak_list,385.072,0.3434276576657502,data/0510/PET/+PET-All purpose Positive-1-peak list.TXT
